0560-007/0560-007-03-05-11.png	41	ante
1651-040/1651-040-02-03-09.png	221	sociedade
8451-045/8451-045-03-06-02.png	925	os
7864-040/7864-040-02-06-05.png	856	contrariando
4791-010/4791-010-04-02-02.png	579	Para
1629-018/1629-018-03-05-04.png	199	grego
2633-019/2633-019-04-05-17.png	354	um
8469-063/8469-063-04-07-02.png	932	com
0565-012/0565-012-01-06-11.png	45	em
0260-052/0260-052-02-01-14.png	24	texto
2337-044/2337-044-05-04-06.png	319	do
1684-073/1684-073-02-07-08.png	253	ansiedade
4653-216/4653-216-04-01-03.png	541	as
6946-028/6946-028-02-05-04.png	680	do
9140-024/9140-024-04-06-05.png	973	de
4624-187/4624-187-03-05-03.png	535	de
1629-018/1629-018-03-04-05.png	199	alegre
7987-041/7987-041-03-04-01.png	872	va
2346-053/2346-053-03-05-02.png	324	do
7872-048/7872-048-02-05-06.png	864	inalienáveis
7145-086/7145-086-02-06-05.png	711	pois
1669-058/1669-058-02-05-03.png	238	leis
4743-306/4743-306-02-02-05.png	561	por
7556-012/7556-012-01-04-13.png	788	supraci-
4773-018/4773-018-01-03-09.png	572	da
7981-035/7981-035-04-05-12.png	870	psicólogos
2106-056/2106-056-03-07-13.png	272	os
1622-011/1622-011-04-03-13.png	192	Comunicação
0240-032/0240-032-04-05-02.png	14	de
1215-022/1215-022-04-06-09.png	142	Lei
7858-034/7858-034-02-08-15.png	850	no
0256-048/0256-048-01-04-13.png	22	de
2113-063/2113-063-02-01-07.png	278	Na
7052-015/7052-015-02-01-09.png	689	do
7702-068/7702-068-03-03-12.png	826	se
4934-008/4934-008-03-08-01.png	597	rir
7871-047/7871-047-04-09-04.png	863	conscientização
9526-010/9526-010-04-04-01.png	999	mo
0775-036/0775-036-04-05-06.png	102	que
1624-013/1624-013-04-07-01.png	194	doenças
7269-071/7269-071-03-04-06.png	742	que
2633-019/2633-019-04-04-15.png	354	de
1684-073/1684-073-01-04-12.png	253	na
2252-052/2252-052-03-04-15.png	306	as
8749-037/8749-037-01-01-05.png	955	Why
2368-075/2368-075-02-04-15.png	326	por
1489-034/1489-034-01-02-11.png	178	na
6476-006/6476-006-02-06-03.png	656	se
4910-075/4910-075-02-06-13.png	589	de
2186-043/2186-043-02-04-13.png	293	que
1729-018/1729-018-04-07-10.png	258	essas
1656-045/1656-045-01-02-04.png	226	de
4677-240/4677-240-04-03-05.png	547	de
4775-020/4775-020-03-02-05.png	573	que
1633-022/1633-022-02-02-09.png	203	que
7858-034/7858-034-01-04-01.png	850	direito
6404-029/6404-029-02-02-06.png	652	do
7875-051/7875-051-02-05-07.png	867	promessa
7271-073/7271-073-03-02-12.png	744	vez
2120-070/2120-070-03-04-16.png	281	do
7132-073/7132-073-02-01-05.png	698	que
2112-062/2112-062-03-02-01.png	277	Em
7868-044/7868-044-03-02-05.png	860	que
0555-002/0555-002-02-01-02.png	38	um
8747-035/8747-035-02-05-12.png	954	u-
7798-030/7798-030-04-01-02.png	841	não
8255-024/8255-024-03-08-04.png	919	por
8121-023/8121-023-03-03-13.png	883	seja
7868-044/7868-044-04-03-15.png	860	campanhas
1641-030/1641-030-02-05-03.png	211	esteriótipo
4111-029/4111-029-01-01-22.png	448	importância
1652-041/1652-041-01-05-03.png	222	mentais
6946-028/6946-028-04-01-12.png	680	do
1650-039/1650-039-02-03-14.png	220	tal
1650-039/1650-039-02-02-07.png	220	que
4790-009/4790-009-04-07-10.png	578	fim
8749-037/8749-037-04-01-01.png	955	Diante
7591-047/7591-047-03-02-02.png	805	distribuição
1622-011/1622-011-02-03-13.png	192	se
0258-050/0258-050-03-05-14.png	23	de
4124-042/4124-042-04-01-09.png	461	Brasil
0578-025/0578-025-01-02-14.png	54	que
7277-079/7277-079-04-02-01.png	750	as
0226-018/0226-018-04-02-09.png	7	os
2977-020/2977-020-04-08-06.png	389	país
7260-062/7260-062-04-01-07.png	735	sob
6144-015/6144-015-03-03-01.png	641	to
0681-072/0681-072-01-06-14.png	84	da
1663-052/1663-052-02-07-14.png	232	ainda
7864-040/7864-040-03-01-06.png	856	instituições
0683-074/0683-074-04-03-13.png	85	que
1663-052/1663-052-02-01-10.png	232	estigmatização
7871-047/7871-047-01-02-01.png	863	valorizada
1429-033/1429-033-02-07-01.png	147	hoje
1673-062/1673-062-04-04-03.png	242	deverão
1123-018/1123-018-02-09-16.png	129	de
4789-008/4789-008-03-06-05.png	577	de
9203-036/9203-036-01-01-07.png	982	de
0514-014/0514-014-04-01-03.png	31	os
2977-020/2977-020-03-01-04.png	389	Brasil
7437-086/7437-086-03-01-08.png	786	de
8902-029/8902-029-04-04-16.png	964	da
0997-023/0997-023-02-10-07.png	124	dos
8182-032/8182-032-03-06-16.png	899	de
1674-063/1674-063-04-06-02.png	243	dos
4982-038/4982-038-03-04-09.png	604	de
7591-047/7591-047-01-03-03.png	805	deveria
8523-017/8523-017-01-06-11.png	944	do
7587-043/7587-043-03-05-08.png	803	que
4934-008/4934-008-03-04-13.png	597	para
3673-043/3673-043-04-03-15.png	425	de
3669-039/3669-039-05-04-03.png	421	de
8121-023/8121-023-03-03-01.png	883	Durkheim
7981-035/7981-035-04-02-11.png	870	secretarias
9310-013/9310-013-02-04-06.png	995	do
1625-014/1625-014-01-02-05.png	195	século
0220-012/0220-012-02-06-13.png	4	já
3676-046/3676-046-05-02-11.png	427	há
1666-055/1666-055-01-02-06.png	235	com
3676-046/3676-046-06-03-09.png	427	de
0761-022/0761-022-03-06-04.png	96	ter
1725-014/1725-014-03-02-18.png	254	co-
2183-040/2183-040-04-08-01.png	290	se
0641-032/0641-032-04-07-05.png	66	na
2186-043/2186-043-03-04-08.png	293	com
2125-075/2125-075-02-02-06.png	286	na
7981-035/7981-035-01-01-14.png	870	Referen-
1646-035/1646-035-01-01-13.png	216	dos
7873-049/7873-049-03-07-13.png	865	se
1633-022/1633-022-02-08-07.png	203	sua
4235-004/4235-004-04-03-04.png	463	que
7872-048/7872-048-04-04-10.png	864	televisão
5651-034/5651-034-02-02-13.png	624	tal
2252-052/2252-052-03-01-14.png	306	que
7872-048/7872-048-04-04-06.png	864	qual
2977-020/2977-020-03-07-11.png	389	da
6110-018/6110-018-01-03-13.png	631	foi
2784-040/2784-040-04-06-06.png	379	que
7132-073/7132-073-02-04-13.png	698	dos
0573-020/0573-020-01-04-13.png	51	as
8246-015/8246-015-03-03-05.png	914	de
0428-026/0428-026-03-07-10.png	29	de
0234-026/0234-026-03-07-10.png	11	de
8757-045/8757-045-03-06-05.png	959	de
7278-080/7278-080-03-02-02.png	751	na
4681-244/4681-244-04-06-11.png	549	de
2970-013/2970-013-02-06-05.png	382	amparado
7275-077/7275-077-02-11-05.png	748	de
8179-029/8179-029-04-02-09.png	898	por
0256-048/0256-048-02-04-14.png	22	Nes-
8057-036/8057-036-02-09-10.png	877	para
1661-050/1661-050-03-05-16.png	230	da
2125-075/2125-075-04-04-17.png	286	do
2487-030/2487-030-01-03-10.png	332	as
7981-035/7981-035-03-07-06.png	870	por
1627-016/1627-016-03-08-06.png	197	intervenha
6915-022/6915-022-04-09-05.png	677	país
4765-010/4765-010-04-05-01.png	568	ir
1729-018/1729-018-04-01-07.png	258	no
7858-034/7858-034-04-01-04.png	850	que
8902-029/8902-029-02-05-17.png	964	va-
2605-022/2605-022-01-06-11.png	344	inação
6390-015/6390-015-03-02-06.png	645	Isso
1442-046/1442-046-03-02-06.png	159	da
4294-007/4294-007-04-05-10.png	477	foi
7868-044/7868-044-02-08-08.png	860	apresentando-se
4601-164/4601-164-02-02-10.png	529	que
7158-099/7158-099-03-04-14.png	721	esse
1766-030/1766-030-03-01-06.png	268	das
1661-050/1661-050-02-01-10.png	230	único
7129-070/7129-070-02-06-08.png	695	na
7872-048/7872-048-01-04-02.png	864	às
0567-014/0567-014-03-02-07.png	47	das
4601-164/4601-164-04-05-01.png	529	ciso
2186-043/2186-043-02-02-10.png	293	de
8185-035/8185-035-01-03-05.png	900	em
7290-092/7290-092-03-01-06.png	762	às
4790-009/4790-009-02-06-03.png	578	pela
0645-036/0645-036-03-04-17.png	68	do
0514-014/0514-014-02-06-12.png	31	não
8121-023/8121-023-01-03-01.png	883	ções
4684-247/4684-247-04-02-06.png	550	por
4684-247/4684-247-04-04-02.png	550	de
2189-046/2189-046-05-08-19.png	296	atinja
7141-082/7141-082-01-05-02.png	707	ao
2109-059/2109-059-04-04-04.png	275	dos
9201-034/9201-034-03-06-08.png	981	as
4672-235/4672-235-02-03-11.png	545	tema
4743-306/4743-306-02-04-05.png	561	modo
8517-011/8517-011-01-04-04.png	940	tange
7807-039/7807-039-02-08-02.png	848	ou
7692-058/7692-058-01-02-12.png	824	está
1684-073/1684-073-04-01-17.png	253	parceria
7871-047/7871-047-02-02-10.png	863	leva
7984-038/7984-038-02-02-10.png	871	as
1666-055/1666-055-01-05-09.png	235	do
2129-079/2129-079-04-03-04.png	288	ao
7858-034/7858-034-03-06-09.png	850	rotulações
2780-036/2780-036-03-06-01.png	377	se
7265-067/7265-067-04-02-08.png	738	por
9154-038/9154-038-04-07-07.png	975	de
3040-017/3040-017-05-02-06.png	391	os
7981-035/7981-035-02-02-15.png	870	XVII
6144-015/6144-015-04-03-15.png	641	país
4791-010/4791-010-03-03-15.png	579	do
7261-063/7261-063-03-01-12.png	736	Nes-
7048-011/7048-011-04-07-05.png	686	de
7862-038/7862-038-02-03-14.png	854	co-
2970-013/2970-013-01-05-09.png	382	cinema
8747-035/8747-035-02-06-08.png	954	compartilhar
1654-043/1654-043-01-06-10.png	224	bem-estar
1266-040/1266-040-02-08-13.png	143	que
2606-023/2606-023-04-02-03.png	345	mister
7859-035/7859-035-04-03-01.png	851	feitas
4111-029/4111-029-04-09-05.png	448	da
4783-002/4783-002-02-03-05.png	575	de
7437-086/7437-086-01-01-04.png	786	of
2121-071/2121-071-02-04-08.png	282	da
1447-051/1447-051-03-01-07.png	163	fato
1628-017/1628-017-01-01-13.png	198	da
6145-016/6145-016-02-06-03.png	642	da
2634-020/2634-020-04-04-15.png	355	se
7134-075/7134-075-03-02-03.png	700	no
4931-005/4931-005-03-10-06.png	596	da
1661-050/1661-050-01-04-13.png	230	enfermidade
1649-038/1649-038-04-03-03.png	219	formação
9154-038/9154-038-01-03-05.png	975	algum
0428-026/0428-026-02-06-05.png	29	de
2114-064/2114-064-02-04-09.png	279	de
0240-032/0240-032-03-01-04.png	14	da
7875-051/7875-051-04-03-05.png	867	Centros
4673-236/4673-236-01-03-02.png	546	No
7158-099/7158-099-02-08-07.png	721	as
1726-015/1726-015-04-07-13.png	255	de
5825-023/5825-023-05-02-13.png	628	de
1476-021/1476-021-03-05-08.png	169	em
1663-052/1663-052-04-05-15.png	232	lin-
8481-075/8481-075-01-04-12.png	936	são
4775-020/4775-020-03-02-11.png	573	sua
4313-009/4313-009-03-04-03.png	486	esse
0514-014/0514-014-03-08-03.png	31	do
2667-024/2667-024-03-04-10.png	364	se
2780-036/2780-036-05-04-12.png	377	dos
0997-023/0997-023-02-02-03.png	124	de
7343-045/7343-045-04-06-01.png	775	plo
2774-030/2774-030-04-04-05.png	374	pois
1654-043/1654-043-04-02-05.png	224	de
8121-023/8121-023-01-05-04.png	883	pode
1652-041/1652-041-01-04-10.png	222	incitando
4289-002/4289-002-05-05-01.png	472	da
7591-047/7591-047-03-01-05.png	805	daqueles
7152-093/7152-093-01-07-01.png	716	do
7613-069/7613-069-03-07-02.png	816	de
4289-002/4289-002-03-05-06.png	472	algo
1683-072/1683-072-03-05-06.png	252	na
8254-023/8254-023-02-01-08.png	918	da
6402-027/6402-027-02-05-13.png	651	de
2679-036/2679-036-04-08-11.png	370	até
2374-081/2374-081-02-05-06.png	329	pela
4408-086/4408-086-04-03-06.png	493	de
7272-074/7272-074-02-07-09.png	745	aos
6907-014/6907-014-02-11-03.png	671	Paulo
8249-018/8249-018-02-02-10.png	916	que
8245-014/8245-014-02-01-01.png	913	De
0765-026/0765-026-03-01-08.png	98	da
1669-058/1669-058-01-01-04.png	238	Utopia
0583-030/0583-030-01-05-08.png	56	ao
0254-046/0254-046-01-06-08.png	21	às
7158-099/7158-099-02-07-06.png	721	as
1448-052/1448-052-03-09-05.png	164	que
3637-007/3637-007-04-02-15.png	407	ao
6911-018/6911-018-04-02-11.png	673	por
0681-072/0681-072-03-06-08.png	84	de
7270-072/7270-072-02-08-03.png	743	por
1651-040/1651-040-04-05-06.png	221	exemplo
4929-003/4929-003-01-04-02.png	594	na
1601-040/1601-040-03-03-13.png	189	das
1660-049/1660-049-01-04-09.png	229	sobre
7867-043/7867-043-02-02-15.png	859	do
2610-027/2610-027-01-02-02.png	349	Idade
1474-019/1474-019-03-07-06.png	167	em
4929-003/4929-003-03-08-04.png	594	forma
7587-043/7587-043-01-07-10.png	803	do
7867-043/7867-043-02-09-04.png	859	Chester
5649-032/5649-032-05-01-04.png	622	as
7288-090/7288-090-04-02-10.png	761	da
7978-032/7978-032-03-03-08.png	869	de
2970-013/2970-013-01-04-15.png	382	que
7272-074/7272-074-02-08-06.png	745	de
7987-041/7987-041-03-04-10.png	872	Nesse
2108-058/2108-058-01-01-05.png	274	13
7864-040/7864-040-02-02-10.png	856	de
4743-306/4743-306-02-09-15.png	561	da
1646-035/1646-035-02-04-02.png	216	ensino
1266-040/1266-040-03-05-13.png	143	ela
7267-069/7267-069-04-03-15.png	740	da
0701-092/0701-092-03-08-03.png	93	Por
1629-018/1629-018-02-01-03.png	199	lugar
7131-072/7131-072-01-01-03.png	697	da
6913-020/6913-020-04-03-12.png	675	não
1641-030/1641-030-04-01-02.png	211	portanto
7981-035/7981-035-02-08-01.png	870	tais
0218-010/0218-010-03-06-05.png	3	que
4748-311/4748-311-02-08-16.png	564	não
8457-051/8457-051-04-03-09.png	928	por
1643-032/1643-032-03-04-11.png	213	não
0555-002/0555-002-03-07-15.png	38	Os
1429-033/1429-033-01-04-08.png	147	de
4763-008/4763-008-02-08-06.png	567	em
7277-079/7277-079-02-02-03.png	750	no
8253-022/8253-022-02-08-10.png	917	no
7591-047/7591-047-01-03-11.png	805	ainda
5826-024/5826-024-04-03-03.png	629	qual
2610-027/2610-027-03-07-08.png	349	tornem
1729-018/1729-018-02-01-03.png	258	em
8449-043/8449-043-03-06-18.png	924	de-
7859-035/7859-035-03-06-09.png	851	própria
5824-022/5824-022-04-01-10.png	627	na
7284-086/7284-086-02-01-09.png	757	de
7990-044/7990-044-02-02-06.png	873	para
8757-045/8757-045-04-08-09.png	959	não
0252-044/0252-044-02-08-01.png	20	de
6115-023/6115-023-03-01-19.png	635	sua
4767-012/4767-012-02-02-09.png	570	que
7151-092/7151-092-01-01-09.png	715	pela
0830-026/0830-026-04-08-01.png	104	na
2738-050/2738-050-03-03-09.png	371	de
0763-024/0763-024-02-01-11.png	97	até
1652-041/1652-041-02-09-03.png	222	indivíduos
3648-018/3648-018-03-07-11.png	413	José
2372-079/2372-079-03-06-04.png	328	da
7291-093/7291-093-01-06-03.png	763	do
7159-100/7159-100-02-07-12.png	722	por
4998-054/4998-054-04-03-08.png	616	ter
7871-047/7871-047-04-06-06.png	863	de
4668-231/4668-231-02-04-18.png	543	tais
4445-008/4445-008-03-01-12.png	501	ex-
1134-029/1134-029-03-11-04.png	137	que
0693-084/0693-084-03-02-11.png	89	se
5263-010/5263-010-02-05-12.png	619	Logo
6392-017/6392-017-03-04-15.png	646	que
0226-018/0226-018-03-06-07.png	7	em
9307-010/9307-010-03-06-05.png	993	que
1627-016/1627-016-04-05-02.png	197	horário
2772-028/2772-028-05-06-16.png	373	une
6404-029/6404-029-03-02-05.png	652	Os
6140-011/6140-011-04-05-11.png	639	que
1649-038/1649-038-01-03-14.png	219	que
3042-019/3042-019-02-07-06.png	392	de
2246-046/2246-046-01-03-13.png	301	do
2669-026/2669-026-03-07-10.png	365	de
2605-022/2605-022-02-05-07.png	344	ótica
0228-020/0228-020-03-04-05.png	8	são
4124-042/4124-042-02-04-06.png	461	ou
1601-040/1601-040-02-06-07.png	189	às
7861-037/7861-037-03-04-03.png	853	uma
4124-042/4124-042-02-03-03.png	461	do
9203-036/9203-036-02-05-11.png	982	no
7585-041/7585-041-04-02-09.png	802	por
0224-016/0224-016-02-08-07.png	6	Isso
7591-047/7591-047-02-07-07.png	805	majoritariamente
7990-044/7990-044-04-04-13.png	873	Twitter
0554-001/0554-001-03-07-02.png	37	do
6116-024/6116-024-04-04-04.png	636	fim
7866-042/7866-042-04-06-06.png	858	compartilhem
1725-014/1725-014-01-04-21.png	254	re-
2780-036/2780-036-04-07-05.png	377	de
6946-028/6946-028-03-02-08.png	680	que
8747-035/8747-035-03-06-13.png	954	termos
8751-039/8751-039-02-07-10.png	956	aos
7859-035/7859-035-01-02-10.png	851	loucos
7157-098/7157-098-04-03-08.png	720	das
0586-033/0586-033-02-04-04.png	58	ou
6402-027/6402-027-03-05-02.png	651	no
4990-046/4990-046-04-02-12.png	610	de
4299-012/4299-012-03-01-09.png	481	da
2121-071/2121-071-04-03-08.png	282	sob
7866-042/7866-042-02-04-14.png	858	re-
4289-002/4289-002-03-03-07.png	472	um
4412-090/4412-090-04-06-06.png	494	de
7269-071/7269-071-03-03-14.png	742	na
7014-027/7014-027-04-03-01.png	682	por
2977-020/2977-020-03-07-14.png	389	país
2189-046/2189-046-04-04-08.png	296	da
1652-041/1652-041-02-08-04.png	222	físico
0683-074/0683-074-02-03-01.png	85	dora
7869-045/7869-045-02-07-05.png	861	Kantiana
2245-045/2245-045-01-04-04.png	300	Hoje
4681-244/4681-244-04-05-10.png	549	que
7795-027/7795-027-04-01-03.png	839	que
4488-051/4488-051-04-05-01.png	507	bo
1123-018/1123-018-03-07-09.png	129	de
1661-050/1661-050-02-05-03.png	230	falsa
1630-019/1630-019-02-08-16.png	200	discussão
0516-016/0516-016-03-09-04.png	32	dos
7589-045/7589-045-01-01-01.png	804	Desde
4352-030/4352-030-02-02-02.png	489	por
4313-009/4313-009-05-01-08.png	486	da
7158-099/7158-099-02-01-15.png	721	ao
1680-069/1680-069-04-01-13.png	249	na
1651-040/1651-040-01-01-17.png	221	de
7872-048/7872-048-01-02-06.png	864	6º
7564-020/7564-020-02-03-10.png	792	indivíduos
1474-019/1474-019-03-03-11.png	167	as
4124-042/4124-042-03-06-10.png	461	de
6914-021/6914-021-02-04-16.png	676	da
1446-050/1446-050-03-07-06.png	162	do
2977-020/2977-020-03-05-03.png	389	mas
3665-035/3665-035-02-01-01.png	418	Agro
9158-042/9158-042-04-04-09.png	976	no
7601-057/7601-057-04-07-20.png	810	Nesse
1677-066/1677-066-02-05-09.png	246	mais
8751-039/8751-039-04-03-12.png	956	SUS
1656-045/1656-045-03-01-11.png	226	doenças
7556-012/7556-012-02-03-02.png	788	do
1136-031/1136-031-03-06-02.png	138	de
4610-173/4610-173-03-08-04.png	531	se
0579-026/0579-026-04-04-14.png	55	sobre
4111-029/4111-029-04-03-11.png	448	por
4934-008/4934-008-03-01-15.png	597	lazer
2331-038/2331-038-04-03-13.png	316	as
7868-044/7868-044-03-04-13.png	860	possui
2374-081/2374-081-01-06-10.png	329	salas
4677-240/4677-240-03-04-17.png	547	a-
8481-075/8481-075-04-04-05.png	936	só
7136-077/7136-077-04-04-15.png	702	as
1661-050/1661-050-04-06-13.png	230	psicólogos
7978-032/7978-032-02-06-01.png	869	to
4773-018/4773-018-01-04-15.png	572	são
4598-161/4598-161-05-01-12.png	528	Um
2104-054/2104-054-04-03-09.png	270	que
7341-043/7341-043-04-04-04.png	773	que
0560-007/0560-007-01-04-19.png	41	no
2245-045/2245-045-03-07-12.png	300	do
4623-186/4623-186-02-02-14.png	534	Mas
7601-057/7601-057-03-01-08.png	810	quais
1652-041/1652-041-03-04-03.png	222	sofre
4354-032/4354-032-05-01-04.png	490	da
1763-027/1763-027-02-01-01.png	266	Sob
7343-045/7343-045-04-01-06.png	775	que
7576-032/7576-032-02-03-13.png	798	quem
7981-035/7981-035-04-01-06.png	870	necessárias
8747-035/8747-035-04-03-08.png	954	da
7868-044/7868-044-01-04-12.png	860	do
4997-053/4997-053-02-10-10.png	615	da
9207-040/9207-040-01-02-14.png	983	de
7136-077/7136-077-01-01-07.png	702	de
1437-041/1437-041-04-08-09.png	155	pode
0683-074/0683-074-02-08-11.png	85	fato
7724-090/7724-090-03-05-10.png	831	dos
4677-240/4677-240-02-02-10.png	547	que
4754-317/4754-317-04-03-11.png	565	lei
7136-077/7136-077-02-08-09.png	702	não
0574-021/0574-021-02-11-03.png	52	que
0555-002/0555-002-02-05-22.png	38	como
4445-008/4445-008-05-01-01.png	501	Em
4111-029/4111-029-04-09-04.png	448	sociedade
8190-040/8190-040-01-02-10.png	903	da
2970-013/2970-013-01-07-06.png	382	meio
1683-072/1683-072-03-06-02.png	252	Mundial
1642-031/1642-031-04-07-09.png	212	saúde
1003-029/1003-029-04-06-14.png	128	des-
4354-032/4354-032-04-06-13.png	490	da
0647-038/0647-038-01-03-12.png	69	que
8625-073/8625-073-04-07-04.png	951	às
7157-098/7157-098-02-04-10.png	720	da
8242-011/8242-011-02-02-04.png	910	fato
7156-097/7156-097-03-02-07.png	719	do
1666-055/1666-055-03-01-02.png	235	destaca-se
3671-041/3671-041-04-02-08.png	423	do
4988-044/4988-044-04-03-12.png	608	dos
7861-037/7861-037-02-02-03.png	853	da
7987-041/7987-041-04-04-10.png	872	educação
4259-028/4259-028-02-05-16.png	467	em
6142-013/6142-013-02-02-09.png	640	No
6144-015/6144-015-01-06-11.png	641	dos
1498-043/1498-043-04-06-09.png	186	que
7129-070/7129-070-04-05-14.png	695	por
6144-015/6144-015-02-01-10.png	641	das
4235-004/4235-004-01-05-09.png	463	do
1628-017/1628-017-02-05-17.png	198	dificulta
2970-013/2970-013-01-06-05.png	382	do
1646-035/1646-035-02-02-10.png	216	de
4765-010/4765-010-03-06-05.png	568	na
7153-094/7153-094-01-01-11.png	717	ao
4677-240/4677-240-04-04-08.png	547	que
7589-045/7589-045-01-04-05.png	804	XX
2605-022/2605-022-03-07-04.png	344	Universal
7587-043/7587-043-04-06-08.png	803	de
1654-043/1654-043-01-03-04.png	224	especialmente
6914-021/6914-021-04-02-11.png	676	dos
6115-023/6115-023-02-01-01.png	635	Em
4488-051/4488-051-03-05-05.png	507	por
1684-073/1684-073-02-02-09.png	253	com
8999-013/8999-013-01-03-11.png	968	de
7787-019/7787-019-03-05-12.png	833	en-
1683-072/1683-072-02-04-10.png	252	que
7141-082/7141-082-04-05-08.png	707	as
7177-118/7177-118-03-05-04.png	733	de
3673-043/3673-043-02-02-02.png	425	no
4246-015/4246-015-03-05-02.png	464	no
1633-022/1633-022-03-06-11.png	203	manutenção
0524-024/0524-024-02-02-10.png	36	da
7270-072/7270-072-03-06-11.png	743	que
7340-042/7340-042-03-05-12.png	772	do
4934-008/4934-008-04-03-02.png	597	ao
0667-058/0667-058-04-08-17.png	79	os
1666-055/1666-055-02-02-11.png	235	certos
4998-054/4998-054-03-03-10.png	616	Esse
2606-023/2606-023-02-01-05.png	345	questão
0560-007/0560-007-02-03-16.png	41	de
4558-121/4558-121-03-05-16.png	518	vez
0641-032/0641-032-03-05-12.png	66	com
4790-009/4790-009-02-03-13.png	578	do
0520-020/0520-020-03-04-07.png	34	vida
7862-038/7862-038-01-05-07.png	854	existente
6402-027/6402-027-03-01-01.png	651	Em
6690-040/6690-040-01-04-03.png	663	da
7981-035/7981-035-02-06-14.png	870	públi-
1483-028/1483-028-04-01-03.png	174	ao
7046-009/7046-009-02-04-09.png	685	não
6390-015/6390-015-01-04-14.png	645	da
7872-048/7872-048-02-05-13.png	864	saúde
4313-009/4313-009-01-01-04.png	486	se
3652-022/3652-022-03-01-03.png	417	que
7798-030/7798-030-04-06-14.png	841	do
1215-022/1215-022-04-05-19.png	142	ao
2245-045/2245-045-03-01-06.png	300	às
1674-063/1674-063-02-02-12.png	243	Machado
8469-063/8469-063-04-02-08.png	932	por
4763-008/4763-008-02-01-07.png	567	de
2372-079/2372-079-02-03-10.png	328	dos
7012-025/7012-025-01-02-09.png	681	que
4790-009/4790-009-01-02-12.png	578	esse
7875-051/7875-051-01-05-01.png	867	há
7135-076/7135-076-03-08-01.png	701	ja
1677-066/1677-066-02-07-06.png	246	Destarte
7275-077/7275-077-01-05-09.png	748	no
2780-036/2780-036-05-06-03.png	377	que
1123-018/1123-018-03-01-11.png	129	esse
0560-007/0560-007-04-02-05.png	41	às
0993-019/0993-019-04-01-13.png	121	fim
0567-014/0567-014-04-02-16.png	47	de
8904-031/8904-031-02-05-05.png	965	do
7136-077/7136-077-03-02-15.png	702	cuja
4929-003/4929-003-03-03-15.png	594	no
7287-089/7287-089-01-03-05.png	760	às
2605-022/2605-022-03-03-12.png	344	Todavia
3647-017/3647-017-02-03-08.png	412	de
6145-016/6145-016-03-07-08.png	642	não
4488-051/4488-051-02-06-02.png	507	pelas
0572-019/0572-019-03-04-07.png	50	os
7863-039/7863-039-03-08-09.png	855	no
0252-044/0252-044-02-03-19.png	20	par-
7129-070/7129-070-03-04-13.png	695	por
7789-021/7789-021-01-01-06.png	835	obra
1626-015/1626-015-02-02-15.png	196	em
1669-058/1669-058-02-02-03.png	238	de
4577-140/4577-140-03-03-12.png	523	um
4929-003/4929-003-02-09-01.png	594	sim
2613-030/2613-030-02-07-04.png	352	de
0649-040/0649-040-01-01-16.png	70	ter
1766-030/1766-030-02-01-05.png	268	que
3639-009/3639-009-04-04-06.png	409	de
0254-046/0254-046-04-07-06.png	21	que
6911-018/6911-018-03-06-09.png	673	nos
1680-069/1680-069-02-02-13.png	249	cicatriz
1630-019/1630-019-01-03-07.png	200	população
4427-105/4427-105-04-05-15.png	499	que
3649-019/3649-019-04-02-11.png	414	deve
1663-052/1663-052-01-05-11.png	232	sociedade
0293-015/0293-015-02-07-14.png	25	de
7866-042/7866-042-01-03-05.png	858	já
1126-021/1126-021-03-03-15.png	131	de
1674-063/1674-063-04-01-10.png	243	problema
2248-048/2248-048-02-01-17.png	303	pode
8757-045/8757-045-03-05-13.png	959	brasileiro
7046-009/7046-009-03-03-13.png	685	Essa
2637-023/2637-023-03-07-05.png	358	da
0571-018/0571-018-02-06-06.png	49	os
7978-032/7978-032-04-05-08.png	869	Poder
2784-040/2784-040-03-08-10.png	379	do
7868-044/7868-044-02-06-14.png	860	Social
6907-014/6907-014-02-08-09.png	671	que
8056-035/8056-035-03-03-01.png	876	lo
1499-044/1499-044-04-06-06.png	187	de
4988-044/4988-044-03-02-05.png	608	de
8898-025/8898-025-02-05-07.png	962	do
2317-024/2317-024-04-05-04.png	307	que
8521-015/8521-015-04-04-14.png	942	da
4111-029/4111-029-01-01-15.png	448	saúde
0226-018/0226-018-03-04-07.png	7	ele
8443-037/8443-037-03-05-06.png	922	ao
4623-186/4623-186-03-08-13.png	534	da
7873-049/7873-049-04-04-12.png	865	vir
8254-023/8254-023-03-01-10.png	918	informação
4571-134/4571-134-04-03-08.png	521	de
2772-028/2772-028-02-05-02.png	373	por
0516-016/0516-016-01-01-06.png	32	José
2639-025/2639-025-03-05-03.png	360	que
1630-019/1630-019-03-05-09.png	200	ajudar
3127-008/3127-008-03-08-10.png	394	do
1632-021/1632-021-01-04-03.png	202	saudável
2632-018/2632-018-02-07-09.png	353	de
4689-252/4689-252-03-01-04.png	553	que
2977-020/2977-020-03-10-02.png	389	em
4668-231/4668-231-03-07-07.png	543	do
8516-010/8516-010-02-01-13.png	939	de
4934-008/4934-008-03-06-05.png	597	ao
4720-283/4720-283-03-03-14.png	557	na
2372-079/2372-079-01-01-13.png	328	por
4775-020/4775-020-01-01-05.png	573	se
0991-017/0991-017-04-01-06.png	119	ao
6392-017/6392-017-03-05-08.png	646	além
7601-057/7601-057-03-03-01.png	810	os
6142-013/6142-013-04-05-02.png	640	que
7993-047/7993-047-03-04-11.png	874	de
8253-022/8253-022-02-03-07.png	917	as
8522-016/8522-016-01-07-10.png	943	as
8182-032/8182-032-03-02-13.png	899	do
0564-011/0564-011-02-05-01.png	44	Sob
4111-029/4111-029-02-02-12.png	448	forma
7576-032/7576-032-02-02-10.png	798	De
6110-018/6110-018-01-01-04.png	631	que
1755-019/1755-019-04-07-15.png	261	de
2339-046/2339-046-03-02-10.png	320	da
4294-007/4294-007-05-03-14.png	477	pela
3652-022/3652-022-03-10-10.png	417	se
8747-035/8747-035-03-02-07.png	954	relação
1660-049/1660-049-02-01-11.png	229	devem
7601-057/7601-057-03-02-04.png	810	urbanos
0681-072/0681-072-04-05-16.png	84	às
0564-011/0564-011-04-04-01.png	44	dos
1003-029/1003-029-03-02-03.png	128	que
4299-012/4299-012-06-04-12.png	481	quais
8481-075/8481-075-04-05-09.png	936	no
8749-037/8749-037-02-02-12.png	955	das
7049-012/7049-012-01-03-15.png	687	um
6914-021/6914-021-02-07-08.png	676	de
4303-016/4303-016-04-01-02.png	482	de
2613-030/2613-030-02-03-10.png	352	de
7424-073/7424-073-03-05-15.png	783	pe-
1625-014/1625-014-04-08-06.png	195	ajuda
4463-026/4463-026-05-04-04.png	504	por
4466-029/4466-029-05-01-08.png	505	são
7869-045/7869-045-02-07-10.png	861	homem
7981-035/7981-035-02-03-13.png	870	médico
1601-040/1601-040-03-05-15.png	189	Pi-
4558-121/4558-121-03-05-13.png	518	de
8896-023/8896-023-03-02-14.png	961	que
0240-032/0240-032-01-02-06.png	14	No
8453-047/8453-047-01-03-13.png	926	ex-
0218-010/0218-010-03-01-13.png	3	de
7601-057/7601-057-03-02-02.png	810	de
8999-013/8999-013-02-06-07.png	968	de
0683-074/0683-074-02-03-17.png	85	qual
7175-116/7175-116-02-05-13.png	732	Tal
7338-040/7338-040-02-08-08.png	770	que
0645-036/0645-036-02-07-13.png	68	os
4789-008/4789-008-01-04-17.png	577	dé-
6392-017/6392-017-04-04-12.png	646	que
6110-018/6110-018-04-08-08.png	631	no
7160-101/7160-101-02-07-05.png	723	deve
7044-007/7044-007-03-02-02.png	683	de
7556-012/7556-012-04-01-05.png	788	os
7978-032/7978-032-02-05-17.png	869	problemática
5262-009/5262-009-05-02-18.png	618	Em
7791-023/7791-023-03-05-11.png	836	fato
2639-025/2639-025-01-02-06.png	360	do
7576-032/7576-032-03-01-13.png	798	No
3669-039/3669-039-05-06-02.png	421	ser
2128-078/2128-078-04-04-07.png	287	por
1654-043/1654-043-02-06-01.png	224	máscara
5823-021/5823-021-03-06-04.png	626	em
4748-311/4748-311-03-03-09.png	564	da
1763-027/1763-027-03-01-10.png	266	nas
1432-036/1432-036-01-07-13.png	150	tí-
0260-052/0260-052-02-07-07.png	24	de
6915-022/6915-022-03-06-01.png	677	ses
7876-052/7876-052-04-01-03.png	868	no
4684-247/4684-247-01-02-04.png	550	as
6390-015/6390-015-01-03-16.png	645	em
7012-025/7012-025-02-06-17.png	681	de
1474-019/1474-019-02-06-04.png	167	que
7875-051/7875-051-03-02-04.png	867	saúde
4740-303/4740-303-02-02-07.png	560	da
7978-032/7978-032-03-06-14.png	869	empre
4928-002/4928-002-02-01-16.png	593	do
1441-045/1441-045-02-04-09.png	158	as
0647-038/0647-038-02-03-07.png	69	de
1646-035/1646-035-01-04-04.png	216	às
1625-014/1625-014-04-04-09.png	195	abastadas
7437-086/7437-086-01-05-07.png	786	do
8057-036/8057-036-02-06-02.png	877	tanto
0560-007/0560-007-04-03-13.png	41	em
4298-011/4298-011-04-08-03.png	480	ao
2485-028/2485-028-04-05-07.png	331	fim
7439-088/7439-088-02-01-14.png	787	de
8179-029/8179-029-02-04-13.png	898	de
2346-053/2346-053-06-04-08.png	324	de
6800-085/6800-085-01-03-09.png	667	da
6915-022/6915-022-04-10-01.png	677	os
1684-073/1684-073-02-08-11.png	253	frescura
1669-058/1669-058-04-01-05.png	238	estigma
7134-075/7134-075-04-03-12.png	700	de
6394-019/6394-019-01-06-09.png	647	de
7866-042/7866-042-02-04-11.png	858	problemática
2189-046/2189-046-05-08-11.png	296	não
7132-073/7132-073-02-05-14.png	698	da
1650-039/1650-039-03-04-04.png	220	pública
8996-010/8996-010-02-03-04.png	966	da
0657-048/0657-048-02-07-06.png	74	os
1673-062/1673-062-03-07-03.png	242	Por
7175-116/7175-116-01-04-17.png	732	pelo
7556-012/7556-012-04-03-10.png	788	com
1621-010/1621-010-02-02-09.png	191	qualidade
8121-023/8121-023-03-09-11.png	883	geral
0244-036/0244-036-04-04-08.png	16	de
1632-021/1632-021-01-01-05.png	202	um
2780-036/2780-036-05-03-01.png	377	tir
1624-013/1624-013-03-07-06.png	194	estão
6911-018/6911-018-01-03-14.png	673	no
7799-031/7799-031-04-07-17.png	842	os
8459-053/8459-053-01-08-05.png	929	com
1490-035/1490-035-04-03-03.png	179	leis
7873-049/7873-049-02-06-09.png	865	que
1637-026/1637-026-04-07-04.png	207	de
7145-086/7145-086-02-01-18.png	711	de
0236-028/0236-028-03-06-15.png	12	dos
7785-017/7785-017-04-03-02.png	832	de
5822-020/5822-020-02-07-02.png	625	que
2491-034/2491-034-02-04-12.png	334	da
2489-032/2489-032-02-02-14.png	333	que
7286-088/7286-088-03-04-04.png	759	de
7858-034/7858-034-02-05-13.png	850	perfeita
6484-014/6484-014-02-07-03.png	660	que
1492-037/1492-037-04-02-10.png	181	de
8747-035/8747-035-02-10-03.png	954	do
1684-073/1684-073-03-03-02.png	253	população
9197-030/9197-030-03-06-01.png	979	da
4424-102/4424-102-04-07-08.png	498	da
8057-036/8057-036-02-08-06.png	877	de
0588-035/0588-035-04-03-08.png	59	das
7132-073/7132-073-03-03-07.png	698	aos
4568-131/4568-131-04-02-11.png	520	os
7134-075/7134-075-02-06-15.png	700	so-
6905-012/6905-012-01-03-03.png	669	do
2738-050/2738-050-01-07-02.png	371	cultural
1649-038/1649-038-04-05-08.png	219	meio
2606-023/2606-023-02-08-02.png	345	ao
9310-013/9310-013-04-02-06.png	995	do
0651-042/0651-042-02-04-22.png	71	dela
1647-036/1647-036-03-05-01.png	217	em
0588-035/0588-035-01-04-19.png	59	das
1643-032/1643-032-04-03-09.png	213	de
2505-048/2505-048-01-05-05.png	338	do
7284-086/7284-086-04-06-01.png	757	do
2610-027/2610-027-03-01-05.png	349	importante
4773-018/4773-018-03-06-06.png	572	ou
8751-039/8751-039-04-05-02.png	956	por
1622-011/1622-011-04-01-05.png	192	de
4352-030/4352-030-05-05-15.png	489	feita
7864-040/7864-040-03-06-01.png	856	gramático
3638-008/3638-008-02-01-15.png	408	do
7601-057/7601-057-04-04-14.png	810	áreas
4681-244/4681-244-01-04-03.png	549	da
2318-025/2318-025-04-11-04.png	308	ou
7591-047/7591-047-01-01-10.png	805	das
1633-022/1633-022-02-03-04.png	203	invisibilidade
3632-002/3632-002-04-06-10.png	404	de
0238-030/0238-030-03-04-15.png	13	de
2322-029/2322-029-04-03-05.png	311	de
0236-028/0236-028-02-04-01.png	12	de
7337-039/7337-039-01-03-04.png	769	de
4985-041/4985-041-02-06-06.png	605	de
4124-042/4124-042-04-06-01.png	461	tura
7864-040/7864-040-03-05-01.png	856	exemplo
2245-045/2245-045-03-02-08.png	300	da
3633-003/3633-003-02-05-09.png	405	os
7269-071/7269-071-04-06-07.png	742	fito
8757-045/8757-045-03-03-06.png	959	pode
7177-118/7177-118-03-04-04.png	733	de
9526-010/9526-010-05-02-10.png	999	de
7163-104/7163-104-02-04-10.png	726	no
2183-040/2183-040-02-04-05.png	290	esse
8759-047/8759-047-04-07-10.png	960	melhora
2346-053/2346-053-05-06-01.png	324	ta
7869-045/7869-045-02-07-16.png	861	pela
4743-306/4743-306-01-02-15.png	561	se
6907-014/6907-014-01-04-18.png	671	às
7601-057/7601-057-02-06-19.png	810	conte-
1641-030/1641-030-03-03-07.png	211	apesar
0641-032/0641-032-03-01-07.png	66	da
4111-029/4111-029-03-06-07.png	448	oferecem
0563-010/0563-010-04-03-01.png	43	lei
1729-018/1729-018-04-03-08.png	258	da
4985-041/4985-041-05-01-06.png	605	de
0216-008/0216-008-03-05-04.png	2	das
8757-045/8757-045-01-02-15.png	959	do-
0639-030/0639-030-04-02-13.png	65	fim
2738-050/2738-050-01-02-01.png	371	indivíduo
3042-019/3042-019-02-02-09.png	392	di-
3127-008/3127-008-02-10-05.png	394	de
1495-040/1495-040-01-05-08.png	184	da
0683-074/0683-074-03-05-03.png	85	isso
7158-099/7158-099-04-06-13.png	721	as
7157-098/7157-098-02-04-02.png	720	em
2632-018/2632-018-03-02-06.png	353	as
1766-030/1766-030-04-02-17.png	268	bem
0990-016/0990-016-02-07-02.png	118	de
0583-030/0583-030-04-02-06.png	56	do
7346-048/7346-048-01-04-02.png	778	da
8751-039/8751-039-02-06-09.png	956	de
8249-018/8249-018-01-06-02.png	916	de
7585-041/7585-041-02-01-15.png	802	ao
7049-012/7049-012-03-02-02.png	687	por
2639-025/2639-025-02-06-13.png	360	da
1495-040/1495-040-03-03-11.png	184	um
0573-020/0573-020-01-03-04.png	51	das
4124-042/4124-042-04-09-09.png	461	ao
4259-028/4259-028-02-04-18.png	467	em
2343-050/2343-050-03-11-07.png	322	de
2374-081/2374-081-01-05-05.png	329	no
7049-012/7049-012-03-06-16.png	687	que
7875-051/7875-051-03-01-09.png	867	Service
7044-007/7044-007-04-08-03.png	683	de
8447-041/8447-041-01-03-10.png	923	da
7791-023/7791-023-04-06-12.png	836	de
1725-014/1725-014-02-05-11.png	254	de
1729-018/1729-018-03-03-08.png	258	livro
5824-022/5824-022-03-01-12.png	627	de
1481-026/1481-026-01-06-05.png	172	do
7421-070/7421-070-03-01-07.png	782	de
0993-019/0993-019-01-02-19.png	121	ti-
0588-035/0588-035-02-06-15.png	59	por
1650-039/1650-039-02-01-12.png	220	faz
0520-020/0520-020-05-03-11.png	34	da
4111-029/4111-029-03-04-17.png	448	pelo
1674-063/1674-063-02-02-01.png	243	gação
6110-018/6110-018-03-02-02.png	631	não
2124-074/2124-074-01-05-12.png	285	um
1621-010/1621-010-02-03-08.png	191	afirma
7871-047/7871-047-01-05-09.png	863	relativas
7867-043/7867-043-02-04-13.png	859	assuntos
1627-016/1627-016-03-04-01.png	197	de
5824-022/5824-022-04-07-12.png	627	que
4611-174/4611-174-05-04-09.png	532	ação
0665-056/0665-056-04-06-10.png	78	os
4995-051/4995-051-02-08-04.png	613	de
8902-029/8902-029-02-02-12.png	964	em
4312-008/4312-008-03-06-08.png	485	de
4293-006/4293-006-03-06-13.png	476	das
8751-039/8751-039-03-04-01.png	956	quicos
1660-049/1660-049-02-01-04.png	229	em
4111-029/4111-029-03-02-17.png	448	na
1626-015/1626-015-03-03-01.png	196	rânea
7613-069/7613-069-02-05-13.png	816	produtos
0258-050/0258-050-04-03-10.png	23	de
6406-031/6406-031-02-06-01.png	653	dos
4929-003/4929-003-03-08-11.png	594	do
4721-284/4721-284-02-02-01.png	558	dos
4463-026/4463-026-02-01-01.png	504	No
4463-026/4463-026-03-05-14.png	504	ou
7789-021/7789-021-02-05-10.png	835	os
0520-020/0520-020-04-03-06.png	34	as
4313-009/4313-009-04-02-05.png	486	da
1649-038/1649-038-03-04-12.png	219	que
0555-002/0555-002-01-01-16.png	38	que
2977-020/2977-020-03-11-03.png	389	sendo
7129-070/7129-070-02-06-10.png	695	do
4791-010/4791-010-04-02-03.png	579	tal
4681-244/4681-244-02-07-11.png	549	que
8751-039/8751-039-04-03-01.png	956	de
3641-011/3641-011-03-06-10.png	410	do
4763-008/4763-008-01-05-11.png	567	rea-
0669-060/0669-060-03-06-12.png	80	de
4545-108/4545-108-04-01-08.png	515	um
8056-035/8056-035-02-04-11.png	876	de
7131-072/7131-072-02-02-02.png	697	na
1487-032/1487-032-03-07-08.png	177	de
7724-090/7724-090-04-05-01.png	831	de
0763-024/0763-024-02-06-09.png	97	ser
6439-029/6439-029-02-06-05.png	655	das
6439-029/6439-029-02-02-05.png	655	pela
7871-047/7871-047-02-07-01.png	863	mentais
1728-017/1728-017-04-03-09.png	257	de
7270-072/7270-072-02-06-11.png	743	de
3672-042/3672-042-04-01-11.png	424	que
2374-081/2374-081-02-07-04.png	329	de
1637-026/1637-026-02-02-03.png	207	Seguindo
1643-032/1643-032-02-05-14.png	213	popula-
2189-046/2189-046-02-01-06.png	296	XIX
1629-018/1629-018-01-03-03.png	199	Isso
4482-045/4482-045-04-06-09.png	506	dos
7340-042/7340-042-04-04-11.png	772	de
4773-018/4773-018-02-02-14.png	572	de
9158-042/9158-042-02-01-01.png	976	Em
1669-058/1669-058-03-03-12.png	238	mentalmente
1632-021/1632-021-02-08-04.png	202	preço
5822-020/5822-020-04-04-09.png	625	um
2607-024/2607-024-01-03-01.png	346	se
1673-062/1673-062-02-06-10.png	242	Preconceitos
6911-018/6911-018-03-08-16.png	673	que
1626-015/1626-015-01-02-03.png	196	em
0520-020/0520-020-05-02-12.png	34	os
4583-146/4583-146-05-03-02.png	524	que
1650-039/1650-039-02-05-16.png	220	acharem
7859-035/7859-035-03-05-09.png	851	parte
6137-008/6137-008-02-08-03.png	637	de
1637-026/1637-026-01-02-05.png	207	ideia
2786-042/2786-042-04-03-03.png	380	faz
8120-022/8120-022-01-04-16.png	882	de
7344-046/7344-046-01-04-11.png	776	do
1682-071/1682-071-04-04-04.png	251	de
7863-039/7863-039-04-01-01.png	855	Diante
7990-044/7990-044-01-03-09.png	873	parte
4524-087/4524-087-03-03-12.png	513	de
2738-050/2738-050-02-07-14.png	371	políticas
8057-036/8057-036-03-04-11.png	877	estão
1674-063/1674-063-02-02-02.png	243	do
2341-048/2341-048-03-08-02.png	321	na
6907-014/6907-014-02-02-22.png	671	os
1637-026/1637-026-02-04-02.png	207	europeia
7282-084/7282-084-04-05-14.png	755	das
8999-013/8999-013-04-04-10.png	968	de
1726-015/1726-015-03-04-15.png	255	os
1728-017/1728-017-04-06-14.png	257	por
2639-025/2639-025-03-03-01.png	360	ser
4766-011/4766-011-02-04-05.png	569	na
4408-086/4408-086-02-02-09.png	493	um
1604-043/1604-043-02-05-06.png	190	de
7343-045/7343-045-01-02-11.png	775	no
1650-039/1650-039-04-07-16.png	220	importância
4695-258/4695-258-03-04-12.png	554	que
7564-020/7564-020-04-07-12.png	792	brasileiros
2633-019/2633-019-04-03-05.png	354	vez
7798-030/7798-030-04-01-08.png	841	de
7012-025/7012-025-03-04-05.png	681	de
2112-062/2112-062-02-04-14.png	277	di-
1649-038/1649-038-03-06-08.png	219	de
2485-028/2485-028-03-03-07.png	331	por
4743-306/4743-306-03-07-13.png	561	relação
0641-032/0641-032-02-01-09.png	66	no
0244-036/0244-036-02-02-09.png	16	do
1651-040/1651-040-02-03-03.png	221	às
1622-011/1622-011-04-01-09.png	192	humano
7863-039/7863-039-03-06-13.png	855	acompanhamento
8255-024/8255-024-02-02-13.png	919	da
7556-012/7556-012-03-06-06.png	788	compreende-se
4668-231/4668-231-01-01-09.png	543	do
7044-007/7044-007-01-05-05.png	683	de
1621-010/1621-010-01-04-06.png	191	que
1647-036/1647-036-04-02-15.png	217	as
1684-073/1684-073-02-04-13.png	253	Brasil
2738-050/2738-050-03-03-05.png	371	mental
1641-030/1641-030-01-01-03.png	211	erro
6110-018/6110-018-02-01-08.png	631	um
3644-014/3644-014-02-03-05.png	411	do
1646-035/1646-035-03-09-04.png	216	conjuntura
4111-029/4111-029-02-02-16.png	448	aceitável
2119-069/2119-069-03-01-10.png	280	que
8619-067/8619-067-03-01-13.png	948	de
8056-035/8056-035-02-05-04.png	876	com
1725-014/1725-014-04-07-14.png	254	pela
7138-079/7138-079-03-05-05.png	704	de
7873-049/7873-049-02-04-20.png	865	criação
8757-045/8757-045-03-02-06.png	959	das
0687-078/0687-078-04-05-09.png	86	as
0240-032/0240-032-01-04-02.png	14	dos
7053-016/7053-016-01-06-03.png	690	Tal
0583-030/0583-030-01-05-12.png	56	são
1654-043/1654-043-04-03-01.png	224	sobre
1659-048/1659-048-02-06-07.png	228	públicas
7873-049/7873-049-04-02-10.png	865	cartas
1641-030/1641-030-01-01-15.png	211	Frente
2605-022/2605-022-02-03-08.png	344	cunhado
4646-209/4646-209-02-01-10.png	539	que
2738-050/2738-050-02-01-09.png	371	no
2375-082/2375-082-01-03-08.png	330	no
7589-045/7589-045-04-05-06.png	804	às
2186-043/2186-043-01-01-07.png	293	As
7873-049/7873-049-01-07-13.png	865	sociedade
1680-069/1680-069-04-02-06.png	249	Saúde
7346-048/7346-048-02-02-07.png	778	são
2977-020/2977-020-03-03-14.png	389	considera
6690-040/6690-040-01-03-13.png	663	da
6915-022/6915-022-03-01-09.png	677	no
8120-022/8120-022-01-05-06.png	882	acessibilidade
1656-045/1656-045-03-07-14.png	226	consciência
6402-027/6402-027-02-05-07.png	651	Fora
7807-039/7807-039-01-04-01.png	848	do
1432-036/1432-036-03-08-05.png	150	por
7722-088/7722-088-02-05-12.png	830	pois
7984-038/7984-038-02-06-05.png	871	questões
7170-111/7170-111-01-05-05.png	729	da
4653-216/4653-216-02-05-01.png	541	de
7990-044/7990-044-01-02-10.png	873	conhecido
0564-011/0564-011-04-08-13.png	44	até
2774-030/2774-030-03-09-02.png	374	do
7341-043/7341-043-01-02-08.png	773	de
0572-019/0572-019-04-06-07.png	50	de
7867-043/7867-043-03-05-10.png	859	obrigadas
0574-021/0574-021-04-03-07.png	52	por
8242-011/8242-011-04-05-12.png	910	de
2613-030/2613-030-03-05-11.png	352	Acrescida
0578-025/0578-025-02-04-05.png	54	que
0777-038/0777-038-03-09-02.png	103	de
4930-004/4930-004-03-05-07.png	595	país
6145-016/6145-016-04-04-12.png	642	de
4463-026/4463-026-04-01-05.png	504	do
6394-019/6394-019-01-03-13.png	647	tem
8749-037/8749-037-03-04-03.png	955	narrativa
7337-039/7337-039-02-10-08.png	769	da
9306-009/9306-009-02-04-14.png	992	ótica
4463-026/4463-026-04-03-06.png	504	da
7154-095/7154-095-02-02-06.png	718	os
1633-022/1633-022-01-05-04.png	203	como
6408-033/6408-033-02-06-16.png	654	es-
8246-015/8246-015-02-03-18.png	914	de
1652-041/1652-041-01-05-07.png	222	Ao
8453-047/8453-047-03-06-08.png	926	dos
1669-058/1669-058-03-08-02.png	238	sofre
1438-042/1438-042-03-04-07.png	156	de
2772-028/2772-028-05-04-04.png	373	por
8751-039/8751-039-04-07-10.png	956	simbólica
8225-016/8225-016-03-04-17.png	908	so-
7868-044/7868-044-02-05-06.png	860	relação
1666-055/1666-055-01-06-06.png	235	do
0238-030/0238-030-04-06-17.png	13	da
1659-048/1659-048-04-02-03.png	228	os
1661-050/1661-050-01-02-08.png	230	ajuda
4412-090/4412-090-03-03-17.png	494	São
2639-025/2639-025-02-03-01.png	360	se
2610-027/2610-027-03-01-09.png	349	prejudicial
7875-051/7875-051-02-06-07.png	867	públicas
0250-042/0250-042-02-05-08.png	19	em
0520-020/0520-020-02-11-02.png	34	com
1755-019/1755-019-01-05-15.png	261	da
1632-021/1632-021-02-06-12.png	202	social
4929-003/4929-003-02-06-15.png	594	por
7589-045/7589-045-04-09-06.png	804	brasileiros
6390-015/6390-015-02-08-02.png	645	da
4265-034/4265-034-01-02-10.png	470	na
2109-059/2109-059-02-08-04.png	275	atos
4995-051/4995-051-01-07-08.png	613	as
3650-020/3650-020-03-02-11.png	415	do
8904-031/8904-031-03-03-11.png	965	no
7263-065/7263-065-03-02-10.png	737	da
8471-065/8471-065-04-08-05.png	933	de
2610-027/2610-027-01-07-05.png	349	combater
3649-019/3649-019-02-07-14.png	414	do
8120-022/8120-022-04-04-13.png	882	extensão
7613-069/7613-069-01-02-03.png	816	era
4097-015/4097-015-02-04-01.png	436	estatal
0588-035/0588-035-02-05-16.png	59	na
1661-050/1661-050-04-01-07.png	230	de
2248-048/2248-048-04-01-02.png	303	na
4289-002/4289-002-03-06-01.png	472	do
1625-014/1625-014-01-04-09.png	195	tratados
2120-070/2120-070-01-01-11.png	281	vinte
6139-010/6139-010-02-01-01.png	638	Em
1666-055/1666-055-03-04-10.png	235	este
6112-020/6112-020-02-02-05.png	632	da
0763-024/0763-024-03-02-05.png	97	nos
7287-089/7287-089-03-05-11.png	760	que
4097-015/4097-015-02-06-05.png	436	estigmatização
1438-042/1438-042-04-03-12.png	156	de
0433-031/0433-031-05-02-01.png	30	ço
2252-052/2252-052-02-02-15.png	306	co-
7556-012/7556-012-04-02-02.png	788	enquanto
8255-024/8255-024-03-07-03.png	919	no
7012-025/7012-025-02-05-11.png	681	198
1621-010/1621-010-03-09-16.png	191	brasileiro
0555-002/0555-002-03-04-03.png	38	para
0701-092/0701-092-03-05-11.png	93	de
3644-014/3644-014-02-05-16.png	411	pre-
6406-031/6406-031-01-03-13.png	653	das
0573-020/0573-020-02-07-09.png	51	de
4111-029/4111-029-01-03-02.png	448	dessa
4689-252/4689-252-02-01-05.png	553	que
8120-022/8120-022-01-03-15.png	882	nota-
2513-056/2513-056-02-05-10.png	341	pela
0572-019/0572-019-03-09-02.png	50	de
1213-020/1213-020-02-08-07.png	140	de
5262-009/5262-009-03-07-03.png	618	dos
1266-040/1266-040-03-06-14.png	143	es-
4494-057/4494-057-03-08-01.png	509	ce
3673-043/3673-043-03-06-06.png	425	em
1663-052/1663-052-01-04-11.png	232	indivíduos
1641-030/1641-030-01-03-12.png	211	se
7862-038/7862-038-01-01-02.png	854	da
7858-034/7858-034-02-08-11.png	850	saúde
2489-032/2489-032-04-05-09.png	333	de
8898-025/8898-025-04-06-06.png	962	por
1128-023/1128-023-04-02-02.png	133	na
4259-028/4259-028-03-04-04.png	467	se
1728-017/1728-017-03-04-11.png	257	seu
8749-037/8749-037-02-07-08.png	955	negacionista
0659-050/0659-050-03-06-06.png	75	após
8222-013/8222-013-01-02-11.png	905	sua
7867-043/7867-043-04-01-10.png	859	doentes
1755-019/1755-019-02-03-16.png	261	as
1123-018/1123-018-02-02-08.png	129	da
1659-048/1659-048-02-08-03.png	228	benéfico
8483-077/8483-077-02-05-13.png	937	de
4293-006/4293-006-03-04-02.png	476	que
6113-021/6113-021-02-05-13.png	633	do
1638-027/1638-027-04-02-08.png	208	sociais
4929-003/4929-003-01-04-14.png	594	parcela
1637-026/1637-026-04-05-07.png	207	enfermidades
1647-036/1647-036-04-04-07.png	217	de
1641-030/1641-030-02-04-09.png	211	degradante
8185-035/8185-035-02-04-10.png	900	ser
4775-020/4775-020-03-07-10.png	573	do
7978-032/7978-032-04-01-16.png	869	que
4097-015/4097-015-03-01-04.png	436	necessário
1123-018/1123-018-03-07-14.png	129	que
2108-058/2108-058-04-06-08.png	274	ter
7129-070/7129-070-03-06-12.png	695	que
4611-174/4611-174-04-03-05.png	532	gera
6137-008/6137-008-02-04-11.png	637	do
2128-078/2128-078-03-01-12.png	287	de
1626-015/1626-015-01-01-14.png	196	incapacidade
7141-082/7141-082-01-01-13.png	707	do
6116-024/6116-024-04-04-05.png	636	de
4518-081/4518-081-04-05-15.png	512	só
1647-036/1647-036-03-04-06.png	217	felizes
1651-040/1651-040-04-02-06.png	221	sociedade
7052-015/7052-015-01-05-08.png	689	das
2977-020/2977-020-02-01-09.png	389	brasileira
9201-034/9201-034-01-01-15.png	981	um
1763-027/1763-027-01-03-07.png	266	que
1123-018/1123-018-02-11-06.png	129	pelos
7158-099/7158-099-03-05-02.png	721	de
1604-043/1604-043-01-03-05.png	190	do
0651-042/0651-042-04-04-08.png	71	de
1136-031/1136-031-05-02-03.png	138	em
4111-029/4111-029-03-07-20.png	448	que
2104-054/2104-054-03-04-14.png	270	das
1630-019/1630-019-04-05-14.png	200	preconceituosa
8996-010/8996-010-02-03-08.png	966	de
3639-009/3639-009-04-04-08.png	409	que
0564-011/0564-011-02-02-01.png	44	ar
7798-030/7798-030-01-06-07.png	841	dos
8522-016/8522-016-03-03-05.png	943	as
1654-043/1654-043-03-06-02.png	224	de
0228-020/0228-020-01-01-01.png	8	Em
1659-048/1659-048-04-04-11.png	228	que
4586-149/4586-149-03-02-15.png	525	de
4321-017/4321-017-03-04-01.png	487	te
1768-032/1768-032-02-06-09.png	269	foi
4767-012/4767-012-03-03-09.png	570	as
2248-048/2248-048-01-03-07.png	303	se
7993-047/7993-047-03-07-04.png	874	sociais
1680-069/1680-069-04-05-12.png	249	do
1622-011/1622-011-02-01-12.png	192	situação
1656-045/1656-045-01-05-09.png	226	pela
4884-049/4884-049-03-07-06.png	587	há
4789-008/4789-008-02-03-01.png	577	os
4790-009/4790-009-01-01-14.png	578	Tal
8249-018/8249-018-02-08-17.png	916	de
4767-012/4767-012-02-04-10.png	570	em
2120-070/2120-070-01-01-16.png	281	em
4936-010/4936-010-02-05-14.png	598	da
1498-043/1498-043-03-04-02.png	186	de
6137-008/6137-008-01-02-09.png	637	não
4990-046/4990-046-04-03-04.png	610	pela
7162-103/7162-103-03-06-04.png	725	na
2977-020/2977-020-03-01-02.png	389	princípio
4571-134/4571-134-04-06-05.png	521	as
7270-072/7270-072-02-02-11.png	743	com
0524-024/0524-024-01-06-13.png	36	no
1674-063/1674-063-01-05-05.png	243	falta
1627-016/1627-016-04-03-06.png	197	do
3671-041/3671-041-02-01-06.png	423	no
0586-033/0586-033-01-08-05.png	58	fé
2639-025/2639-025-02-08-05.png	360	pois
7174-115/7174-115-02-07-07.png	731	do
2977-020/2977-020-04-02-06.png	389	de
1136-031/1136-031-03-01-06.png	138	da
7876-052/7876-052-04-05-11.png	868	maior
3666-036/3666-036-02-04-03.png	419	ou
2372-079/2372-079-04-04-17.png	328	que
6914-021/6914-021-04-03-19.png	676	ne-
8902-029/8902-029-02-05-02.png	964	de
6913-020/6913-020-01-02-05.png	675	da
7862-038/7862-038-02-07-05.png	854	familiar
1429-033/1429-033-02-06-06.png	147	das
8182-032/8182-032-02-03-12.png	899	Na
0524-024/0524-024-03-07-02.png	36	de
7162-103/7162-103-02-04-05.png	725	por
7045-008/7045-008-05-05-16.png	684	im-
4424-102/4424-102-04-09-04.png	498	às
7131-072/7131-072-02-03-15.png	697	que
1641-030/1641-030-02-03-10.png	211	do
0514-014/0514-014-03-05-06.png	31	de
6137-008/6137-008-01-01-01.png	637	No
1626-015/1626-015-01-04-15.png	196	pensamento
7863-039/7863-039-04-02-05.png	855	da
0647-038/0647-038-02-03-11.png	69	os
3679-049/3679-049-05-05-01.png	430	as
2339-046/2339-046-05-11-13.png	320	que
6115-023/6115-023-03-01-07.png	635	um
7984-038/7984-038-04-07-12.png	871	que
4718-281/4718-281-01-06-01.png	556	ro
3679-049/3679-049-03-07-12.png	430	as
7282-084/7282-084-02-05-16.png	755	só
2323-030/2323-030-05-08-05.png	312	ou
0555-002/0555-002-03-07-22.png	38	de
7269-071/7269-071-02-03-09.png	742	no
2613-030/2613-030-04-04-03.png	352	Concomitantemente
1682-071/1682-071-04-06-11.png	251	doenças
7984-038/7984-038-04-08-03.png	871	segregado
3669-039/3669-039-02-06-07.png	421	faz
8222-013/8222-013-03-04-07.png	905	que
0592-039/0592-039-05-03-06.png	62	fim
7132-073/7132-073-04-06-07.png	698	de
8223-014/8223-014-01-01-07.png	906	um
4623-186/4623-186-02-03-01.png	534	ao
2129-079/2129-079-02-05-10.png	288	teoria
7141-082/7141-082-02-03-13.png	707	vez
2374-081/2374-081-01-03-17.png	329	de
4856-021/4856-021-03-09-12.png	583	de
4265-034/4265-034-03-09-05.png	470	em
6115-023/6115-023-02-05-09.png	635	as
8254-023/8254-023-01-03-14.png	918	Nesse
9207-040/9207-040-04-07-05.png	983	de
2639-025/2639-025-04-03-06.png	360	pelo
7156-097/7156-097-03-04-07.png	719	que
7439-088/7439-088-02-03-01.png	787	cabe
1684-073/1684-073-02-02-10.png	253	alguma
0293-015/0293-015-03-06-02.png	25	em
8242-011/8242-011-03-05-15.png	910	esse
8255-024/8255-024-04-05-10.png	919	ser
1659-048/1659-048-02-04-07.png	228	sucessivos
1431-035/1431-035-03-02-04.png	149	Sob
0220-012/0220-012-02-06-02.png	4	de
1659-048/1659-048-03-07-07.png	228	do
1656-045/1656-045-03-08-02.png	226	portanto
8120-022/8120-022-03-06-05.png	882	potencialização
7591-047/7591-047-03-08-01.png	805	cidadãos
8243-012/8243-012-01-04-14.png	911	de
8625-073/8625-073-02-04-15.png	951	so-
4296-009/4296-009-03-02-01.png	478	ta
0657-048/0657-048-03-07-05.png	74	de
8471-065/8471-065-04-03-04.png	933	por
7587-043/7587-043-04-05-12.png	803	devem
1621-010/1621-010-04-04-04.png	191	princípios
1448-052/1448-052-02-09-10.png	164	um
1633-022/1633-022-04-04-05.png	203	mentais
7796-028/7796-028-04-08-07.png	840	ser
2738-050/2738-050-02-05-12.png	371	maiores
1432-036/1432-036-02-04-05.png	150	que
7564-020/7564-020-04-01-03.png	792	dessarte
4930-004/4930-004-03-03-08.png	595	são
4791-010/4791-010-03-06-12.png	579	de
2248-048/2248-048-01-04-14.png	303	pé
0592-039/0592-039-02-03-03.png	62	em
7437-086/7437-086-03-02-02.png	786	do
7134-075/7134-075-03-02-08.png	700	dos
7795-027/7795-027-03-01-05.png	839	que
2774-030/2774-030-02-03-05.png	374	da
8896-023/8896-023-01-01-16.png	961	de
0254-046/0254-046-01-01-10.png	21	de
2186-043/2186-043-01-01-16.png	293	um
8190-040/8190-040-02-06-03.png	903	pelas
6914-021/6914-021-02-04-09.png	676	do
7052-015/7052-015-03-04-05.png	689	da
7866-042/7866-042-02-03-14.png	858	cer-
1632-021/1632-021-02-05-10.png	202	incompatível
7993-047/7993-047-03-04-17.png	874	sua
6906-013/6906-013-02-04-06.png	670	em
4294-007/4294-007-04-01-05.png	477	pela
8449-043/8449-043-03-07-11.png	924	os
4995-051/4995-051-04-04-09.png	613	de
7576-032/7576-032-01-01-06.png	798	de
7867-043/7867-043-02-06-07.png	859	de
7160-101/7160-101-03-06-03.png	723	os
7591-047/7591-047-03-04-12.png	805	consciência
2511-054/2511-054-04-01-06.png	340	que
6392-017/6392-017-04-04-07.png	646	dias
0226-018/0226-018-01-02-17.png	7	pa-
0565-012/0565-012-03-04-14.png	45	ga-
4412-090/4412-090-02-05-10.png	494	um
1637-026/1637-026-04-04-09.png	207	doenças
1650-039/1650-039-02-04-11.png	220	ir
0695-086/0695-086-01-04-12.png	90	no
7284-086/7284-086-04-05-12.png	757	por
6915-022/6915-022-02-04-16.png	677	em
0645-036/0645-036-04-04-11.png	68	de
2511-054/2511-054-01-02-10.png	340	de
4448-011/4448-011-04-02-09.png	502	elas
7276-078/7276-078-01-06-08.png	749	ao
4097-015/4097-015-02-06-14.png	436	de
7587-043/7587-043-03-01-07.png	803	comunidade
4936-010/4936-010-04-07-15.png	598	para
8179-029/8179-029-03-02-01.png	898	dos
7984-038/7984-038-03-01-17.png	871	disparidade
1728-017/1728-017-01-02-06.png	257	se
7282-084/7282-084-03-04-17.png	755	da
2318-025/2318-025-02-02-02.png	308	de
2738-050/2738-050-01-04-07.png	371	brasileira
7859-035/7859-035-02-06-05.png	851	que
4988-044/4988-044-03-10-06.png	608	um
2606-023/2606-023-02-07-09.png	345	psicológicos
0683-074/0683-074-02-05-11.png	85	de
1682-071/1682-071-02-05-12.png	251	Devido
1632-021/1632-021-04-04-13.png	202	abordagem
1629-018/1629-018-03-09-06.png	199	prejudicadas
2633-019/2633-019-03-06-12.png	354	ao
7868-044/7868-044-01-01-08.png	860	evento
7576-032/7576-032-03-07-04.png	798	investimento
0573-020/0573-020-03-06-20.png	51	em
1637-026/1637-026-04-06-09.png	207	nas
1682-071/1682-071-03-05-06.png	251	informações
8225-016/8225-016-02-04-16.png	908	vez
2606-023/2606-023-02-04-09.png	345	foi
2329-036/2329-036-03-14-07.png	314	faz
4684-247/4684-247-02-01-01.png	550	Em
7138-079/7138-079-03-01-02.png	704	do
1726-015/1726-015-02-06-09.png	255	as
3644-014/3644-014-04-02-09.png	411	por
8759-047/8759-047-04-05-02.png	960	os
1643-032/1643-032-01-04-01.png	213	falta
1683-072/1683-072-02-02-10.png	252	que
0665-056/0665-056-01-03-02.png	78	de
3671-041/3671-041-05-03-13.png	423	se
4352-030/4352-030-03-08-14.png	489	de
7876-052/7876-052-02-06-07.png	868	faz
0574-021/0574-021-03-03-07.png	52	de
1621-010/1621-010-03-09-03.png	191	número
1650-039/1650-039-03-01-19.png	220	pa-
7275-077/7275-077-02-03-01.png	748	sil
6144-015/6144-015-01-03-17.png	641	na
8757-045/8757-045-01-07-04.png	959	qual
1666-055/1666-055-02-04-03.png	235	às
1627-016/1627-016-01-03-07.png	197	se
7268-070/7268-070-01-04-05.png	741	de
7876-052/7876-052-03-08-14.png	868	em
0701-092/0701-092-04-05-11.png	93	Em
4980-036/4980-036-01-06-01.png	602	de
7564-020/7564-020-04-07-09.png	792	que
2245-045/2245-045-04-01-20.png	300	públi-
5649-032/5649-032-05-01-06.png	622	das
7585-041/7585-041-04-02-06.png	802	dos
1660-049/1660-049-01-06-07.png	229	dúvidas
1628-017/1628-017-01-04-11.png	198	pela
8751-039/8751-039-01-03-06.png	956	desse
4943-017/4943-017-05-04-13.png	601	de
7858-034/7858-034-01-05-04.png	850	ao
1650-039/1650-039-01-04-15.png	220	Unidos
8121-023/8121-023-03-01-06.png	883	torna-se
4352-030/4352-030-05-02-13.png	489	tem
4427-105/4427-105-03-01-01.png	499	Além
1489-034/1489-034-04-02-12.png	178	da
7978-032/7978-032-04-02-08.png	869	efetivar
4354-032/4354-032-05-02-06.png	490	até
1630-019/1630-019-01-04-07.png	200	graves
1660-049/1660-049-02-01-07.png	229	que
6690-040/6690-040-04-02-07.png	663	os
4748-311/4748-311-04-07-16.png	564	que
4786-005/4786-005-02-04-14.png	576	sobre
4775-020/4775-020-04-05-06.png	573	fim
4673-236/4673-236-02-06-08.png	546	de
6145-016/6145-016-01-01-23.png	642	de
1604-043/1604-043-02-08-07.png	190	que
0520-020/0520-020-03-09-08.png	34	de
4743-306/4743-306-03-06-14.png	561	para
1729-018/1729-018-02-07-12.png	258	da
9140-024/9140-024-02-02-13.png	973	de
1757-021/1757-021-01-04-15.png	263	às
4767-012/4767-012-02-05-19.png	570	ida
4111-029/4111-029-03-07-21.png	448	mais
7343-045/7343-045-02-05-10.png	775	de
3651-021/3651-021-04-06-12.png	416	pro-
2667-024/2667-024-04-02-12.png	364	as
1656-045/1656-045-02-04-17.png	226	conceitos
7859-035/7859-035-01-03-07.png	851	tratamento
4571-134/4571-134-03-01-09.png	521	da
1490-035/1490-035-04-05-20.png	179	po-
2606-023/2606-023-03-06-07.png	345	saúde
8254-023/8254-023-04-05-13.png	918	da
1763-027/1763-027-01-05-02.png	266	de
8057-036/8057-036-03-02-10.png	877	com
4856-021/4856-021-02-04-08.png	583	de
0645-036/0645-036-01-02-15.png	68	do
1673-062/1673-062-04-05-11.png	242	em
1732-021/1732-021-02-02-11.png	260	de
2375-082/2375-082-01-05-09.png	330	de
7981-035/7981-035-04-02-07.png	870	em
1682-071/1682-071-01-03-04.png	251	prática
1490-035/1490-035-03-02-12.png	179	de
0234-026/0234-026-01-04-14.png	11	de
3669-039/3669-039-05-01-03.png	421	um
4931-005/4931-005-03-07-13.png	596	da
0260-052/0260-052-03-07-15.png	24	os
4929-003/4929-003-03-01-15.png	594	ao
8121-023/8121-023-03-04-13.png	883	dian-
0258-050/0258-050-02-05-14.png	23	país
2246-046/2246-046-01-03-16.png	301	as
2329-036/2329-036-05-02-08.png	314	que
1628-017/1628-017-03-03-19.png	198	ao
1684-073/1684-073-03-08-13.png	253	tratamento
8751-039/8751-039-04-02-15.png	956	ao
3669-039/3669-039-04-01-10.png	421	de
7164-105/7164-105-04-04-04.png	727	de
7875-051/7875-051-04-06-08.png	867	com
6116-024/6116-024-04-09-04.png	636	se
4790-009/4790-009-04-02-08.png	578	de
6800-085/6800-085-01-07-14.png	667	deve
0574-021/0574-021-01-04-03.png	52	da
4427-105/4427-105-01-03-11.png	499	de
7981-035/7981-035-03-07-04.png	870	vez
9311-014/9311-014-03-02-01.png	996	de
4448-011/4448-011-02-03-11.png	502	da
1444-048/1444-048-03-05-03.png	160	que
1680-069/1680-069-02-07-08.png	249	esse
0570-017/0570-017-03-06-08.png	48	na
6113-021/6113-021-03-06-21.png	633	no
8443-037/8443-037-02-02-09.png	922	de
4847-012/4847-012-05-08-01.png	582	no
6113-021/6113-021-04-07-11.png	633	no
1130-025/1130-025-04-02-10.png	135	te
0998-024/0998-024-04-02-01.png	125	ao
6913-020/6913-020-02-01-07.png	675	do
0258-050/0258-050-03-06-05.png	23	que
1666-055/1666-055-02-07-07.png	235	espaço
6115-023/6115-023-02-02-01.png	635	na
6110-018/6110-018-02-06-07.png	631	sua
7869-045/7869-045-03-02-10.png	861	direito
6906-013/6906-013-02-06-03.png	670	são
0777-038/0777-038-02-02-02.png	103	da
2487-030/2487-030-04-01-03.png	332	as
7978-032/7978-032-02-07-06.png	869	de
7152-093/7152-093-04-09-12.png	716	no
8185-035/8185-035-01-05-10.png	900	parte
6392-017/6392-017-01-01-03.png	646	com
0260-052/0260-052-01-04-02.png	24	já
4929-003/4929-003-03-06-09.png	594	já
1627-016/1627-016-04-02-02.png	197	sobre
1651-040/1651-040-03-05-12.png	221	com
4988-044/4988-044-02-03-08.png	608	de
4601-164/4601-164-02-05-16.png	529	que
7981-035/7981-035-02-06-10.png	870	mental
7556-012/7556-012-02-05-02.png	788	conceito
7871-047/7871-047-03-03-04.png	863	pelas
0572-019/0572-019-01-04-07.png	50	as
7993-047/7993-047-03-03-15.png	874	comportamentos
7872-048/7872-048-03-03-02.png	864	pixar
7722-088/7722-088-01-04-02.png	830	de
8057-036/8057-036-02-03-19.png	877	as
4299-012/4299-012-03-02-05.png	481	Com
8463-057/8463-057-01-01-12.png	930	de
3649-019/3649-019-03-07-04.png	414	na
7858-034/7858-034-03-08-01.png	850	inércia
8625-073/8625-073-02-01-10.png	951	de
2778-034/2778-034-03-05-09.png	376	na
1669-058/1669-058-01-01-03.png	238	livro
5648-031/5648-031-03-01-05.png	621	se
8120-022/8120-022-02-01-13.png	882	por
4601-164/4601-164-04-05-09.png	529	Com
0990-016/0990-016-01-02-03.png	118	no
7589-045/7589-045-04-05-10.png	804	cinemas
8485-079/8485-079-01-01-10.png	938	1988
4111-029/4111-029-03-03-12.png	448	dos
1215-022/1215-022-02-03-02.png	142	se
2970-013/2970-013-03-05-02.png	382	de
1448-052/1448-052-04-02-04.png	164	deve
7993-047/7993-047-02-02-14.png	874	argumenta
7152-093/7152-093-04-03-10.png	716	às
4746-309/4746-309-03-02-09.png	563	de
4668-231/4668-231-03-04-13.png	543	de
1624-013/1624-013-01-01-07.png	194	2015
7266-068/7266-068-01-03-05.png	739	da
0645-036/0645-036-02-02-06.png	68	de
5824-022/5824-022-04-05-03.png	627	da
9310-013/9310-013-04-03-07.png	995	de
0586-033/0586-033-03-06-10.png	58	da
7154-095/7154-095-01-01-14.png	718	na
1642-031/1642-031-03-04-02.png	212	de
0639-030/0639-030-04-06-03.png	65	Rede
4928-002/4928-002-03-03-14.png	593	os
7131-072/7131-072-03-01-05.png	697	vale
0667-058/0667-058-03-03-20.png	79	que
4766-011/4766-011-03-01-02.png	569	no
1674-063/1674-063-02-04-02.png	243	não
7868-044/7868-044-01-06-11.png	860	do
1628-017/1628-017-02-08-01.png	198	Tal
7859-035/7859-035-02-08-06.png	851	direito
7876-052/7876-052-03-04-15.png	868	os
4988-044/4988-044-04-01-08.png	608	que
7290-092/7290-092-02-03-10.png	762	No
7978-032/7978-032-02-05-09.png	869	análise
7990-044/7990-044-04-05-09.png	873	da
7136-077/7136-077-04-03-08.png	702	pela
8120-022/8120-022-02-02-02.png	882	da
1641-030/1641-030-02-04-13.png	211	ainda
7164-105/7164-105-04-01-03.png	727	do
0761-022/0761-022-04-01-11.png	96	um
7049-012/7049-012-03-03-12.png	687	das
4097-015/4097-015-02-04-09.png	436	da
1682-071/1682-071-01-06-02.png	251	midiática
0659-050/0659-050-04-06-18.png	75	na
6942-024/6942-024-04-04-07.png	678	Tal
0657-048/0657-048-01-05-09.png	74	há
0564-011/0564-011-02-05-18.png	44	de
7798-030/7798-030-01-01-15.png	841	pelo
7286-088/7286-088-04-06-14.png	759	às
2772-028/2772-028-03-09-08.png	373	se
7134-075/7134-075-01-05-08.png	700	da
2125-075/2125-075-03-01-10.png	286	pelo
3127-008/3127-008-03-01-08.png	394	do
4568-131/4568-131-03-04-10.png	520	os
4620-183/4620-183-04-12-05.png	533	de
8459-053/8459-053-02-01-08.png	929	as
7984-038/7984-038-03-04-06.png	871	fato
6392-017/6392-017-02-06-20.png	646	pleno
1759-023/1759-023-03-07-12.png	264	que
6390-015/6390-015-02-03-16.png	645	pode
7044-007/7044-007-01-05-01.png	683	de
8249-018/8249-018-03-06-11.png	916	de
7279-081/7279-081-02-07-13.png	752	até
4246-015/4246-015-01-05-01.png	464	se
1442-046/1442-046-03-03-11.png	159	do
7340-042/7340-042-01-02-06.png	772	tal
1757-021/1757-021-03-01-15.png	263	quais
1487-032/1487-032-04-06-12.png	177	por
8255-024/8255-024-01-04-13.png	919	os
4997-053/4997-053-02-06-05.png	615	de
7794-026/7794-026-03-02-02.png	838	de
2106-056/2106-056-02-01-12.png	272	de
0216-008/0216-008-05-05-10.png	2	na
7862-038/7862-038-01-06-05.png	854	pela
1633-022/1633-022-03-01-06.png	203	de
4097-015/4097-015-02-08-02.png	436	Sistema
0572-019/0572-019-03-04-11.png	50	de
4463-026/4463-026-03-06-10.png	504	os
8451-045/8451-045-01-03-01.png	925	to
3637-007/3637-007-04-01-06.png	407	dos
4259-028/4259-028-03-07-08.png	467	da
5262-009/5262-009-02-05-04.png	618	os
6392-017/6392-017-04-04-13.png	646	os
1449-053/1449-053-04-02-16.png	165	de
4936-010/4936-010-01-05-10.png	598	de
7872-048/7872-048-02-07-08.png	864	caracteriza
1632-021/1632-021-02-04-10.png	202	homem
7871-047/7871-047-02-01-06.png	863	que
0293-015/0293-015-03-01-12.png	25	di-
4518-081/4518-081-03-04-12.png	512	que
4845-010/4845-010-03-03-13.png	581	in-
2246-046/2246-046-04-02-10.png	301	de
6145-016/6145-016-03-02-05.png	642	de
8243-012/8243-012-04-07-08.png	911	de
0224-016/0224-016-04-06-14.png	6	dos
1732-021/1732-021-03-04-08.png	260	De
9201-034/9201-034-02-02-10.png	981	do
2245-045/2245-045-03-07-04.png	300	da
7798-030/7798-030-01-02-11.png	841	faz
7340-042/7340-042-01-03-10.png	772	desse
1660-049/1660-049-03-04-05.png	229	ineficiência
7439-088/7439-088-04-01-17.png	787	Fe-
6913-020/6913-020-04-02-06.png	675	de
1677-066/1677-066-02-08-03.png	246	deverão
7789-021/7789-021-02-07-05.png	835	de
1661-050/1661-050-04-03-12.png	230	de
1628-017/1628-017-02-07-06.png	198	desenvolvidos
6402-027/6402-027-04-03-07.png	651	da
2119-069/2119-069-03-03-10.png	280	nos
1432-036/1432-036-01-08-08.png	150	dos
0555-002/0555-002-01-02-15.png	38	um
2106-056/2106-056-03-01-10.png	272	na
1432-036/1432-036-03-04-01.png	150	de
7433-082/7433-082-02-06-16.png	785	por
4668-231/4668-231-03-08-04.png	543	de
8253-022/8253-022-04-06-05.png	917	com
4354-032/4354-032-02-08-06.png	490	Seja
4259-028/4259-028-02-05-12.png	467	de
0514-014/0514-014-04-02-12.png	31	que
1669-058/1669-058-04-02-09.png	238	ser
1662-051/1662-051-01-06-07.png	231	brasileiros
0571-018/0571-018-01-05-16.png	49	pelo
1682-071/1682-071-04-02-08.png	251	de
4786-005/4786-005-03-07-12.png	576	se
1215-022/1215-022-03-02-13.png	142	boa
8182-032/8182-032-02-03-01.png	899	os
4786-005/4786-005-02-08-01.png	576	or
1649-038/1649-038-03-04-11.png	219	com
7141-082/7141-082-02-02-13.png	707	da
7869-045/7869-045-03-04-14.png	861	essa
1660-049/1660-049-04-02-12.png	229	por
1674-063/1674-063-01-05-03.png	243	como
7864-040/7864-040-04-08-02.png	856	Com
2977-020/2977-020-04-05-18.png	389	com
2970-013/2970-013-01-01-01.png	382	Durante
8191-041/8191-041-01-01-01.png	904	No
7984-038/7984-038-02-05-12.png	871	suas
3637-007/3637-007-02-06-13.png	407	que
8223-014/8223-014-03-01-12.png	906	de
1649-038/1649-038-03-06-04.png	219	cumprir
7344-046/7344-046-03-03-14.png	776	de
1652-041/1652-041-04-01-02.png	222	evidente
7049-012/7049-012-04-08-06.png	687	do
3040-017/3040-017-03-01-11.png	391	das
2108-058/2108-058-04-06-01.png	274	de
1650-039/1650-039-04-08-03.png	220	de
7591-047/7591-047-02-05-08.png	805	forma
7621-077/7621-077-01-06-10.png	820	gerando
7269-071/7269-071-03-05-02.png	742	de
1654-043/1654-043-02-03-11.png	224	posi-
4910-075/4910-075-05-03-10.png	589	os
7873-049/7873-049-04-05-03.png	865	da
7859-035/7859-035-02-02-07.png	851	Segundo
7867-043/7867-043-02-07-01.png	859	mudanças
7138-079/7138-079-02-03-02.png	704	as
6392-017/6392-017-04-05-05.png	646	de
7164-105/7164-105-04-03-06.png	727	de
1632-021/1632-021-02-01-10.png	202	de
3644-014/3644-014-04-04-09.png	411	só
1654-043/1654-043-02-06-03.png	224	esconde
1660-049/1660-049-03-04-02.png	229	preconceito
1625-014/1625-014-01-02-07.png	195	Na
7798-030/7798-030-04-04-12.png	841	pelo
0520-020/0520-020-04-05-13.png	34	elas
3671-041/3671-041-03-02-18.png	423	do
7869-045/7869-045-02-01-15.png	861	tristeza
1642-031/1642-031-04-02-06.png	212	que
4695-258/4695-258-03-08-01.png	554	de
3670-040/3670-040-05-03-11.png	422	os
1652-041/1652-041-03-04-14.png	222	condição
7556-012/7556-012-03-03-04.png	788	já
0574-021/0574-021-02-07-03.png	52	as
7338-040/7338-040-03-05-02.png	770	de
6906-013/6906-013-03-01-07.png	670	se
6907-014/6907-014-04-02-24.png	671	se
1677-066/1677-066-02-03-05.png	246	os
7587-043/7587-043-01-08-12.png	803	nação
0761-022/0761-022-02-03-07.png	96	eles
0516-016/0516-016-03-03-06.png	32	as
1680-069/1680-069-02-03-03.png	249	psiquiátricos
4111-029/4111-029-02-03-10.png	448	mais
0516-016/0516-016-02-04-18.png	32	pro-
7990-044/7990-044-04-01-01.png	873	Faz-se
7276-078/7276-078-02-09-04.png	749	ser
6946-028/6946-028-03-03-16.png	680	do
7993-047/7993-047-03-03-11.png	874	pai
2374-081/2374-081-03-08-09.png	329	se
7556-012/7556-012-03-04-06.png	788	de
7863-039/7863-039-04-05-03.png	855	da
9311-014/9311-014-05-05-08.png	996	de
6478-008/6478-008-02-01-04.png	657	de
0683-074/0683-074-04-04-13.png	85	digo
4601-164/4601-164-03-02-17.png	529	vez
8190-040/8190-040-04-06-02.png	903	em
0667-058/0667-058-04-06-19.png	79	que
0570-017/0570-017-04-03-06.png	48	na
6800-085/6800-085-01-03-03.png	667	sua
6478-008/6478-008-03-02-07.png	657	um
0647-038/0647-038-04-02-15.png	69	que
8749-037/8749-037-04-03-03.png	955	problemática
4577-140/4577-140-02-03-08.png	523	Ao
2613-030/2613-030-02-10-06.png	352	pública
7875-051/7875-051-02-03-12.png	867	ser
6439-029/6439-029-01-03-18.png	655	fal-
4720-283/4720-283-01-01-13.png	557	após
2786-042/2786-042-04-02-05.png	380	na
1649-038/1649-038-03-07-14.png	219	sofrimento
1627-016/1627-016-02-04-09.png	197	considerados
9307-010/9307-010-02-03-07.png	993	no
8747-035/8747-035-01-03-05.png	954	fragilidade
0555-002/0555-002-02-04-01.png	38	ser
4786-005/4786-005-03-09-09.png	576	ao
1495-040/1495-040-02-04-12.png	184	ao
2372-079/2372-079-01-04-04.png	328	seu
1641-030/1641-030-01-03-04.png	211	brasileira
7134-075/7134-075-04-04-01.png	700	além
2109-059/2109-059-02-04-15.png	275	que
6390-015/6390-015-01-02-03.png	645	de
0516-016/0516-016-03-07-09.png	32	de
4884-049/4884-049-02-01-08.png	587	se
1656-045/1656-045-03-04-14.png	226	baixo
2738-050/2738-050-03-04-01.png	371	lém
0236-028/0236-028-02-08-01.png	12	da
1651-040/1651-040-01-01-12.png	221	Rubião
1449-053/1449-053-03-06-02.png	165	Sob
7048-011/7048-011-04-04-11.png	686	da
0520-020/0520-020-04-01-18.png	34	essa
7981-035/7981-035-04-02-05.png	870	da
0693-084/0693-084-01-01-16.png	89	de
2977-020/2977-020-04-09-03.png	389	partir
6911-018/6911-018-04-03-12.png	673	no
1499-044/1499-044-04-04-14.png	187	os
7875-051/7875-051-01-04-11.png	867	grave
3676-046/3676-046-04-03-16.png	427	em
2605-022/2605-022-04-03-06.png	344	promover
1649-038/1649-038-01-01-07.png	219	sua
1628-017/1628-017-04-05-12.png	198	da
4418-096/4418-096-01-06-11.png	497	por
2679-036/2679-036-04-06-19.png	370	de
7862-038/7862-038-03-03-15.png	854	ser
4900-065/4900-065-02-03-09.png	588	os
7871-047/7871-047-04-06-10.png	863	de
0699-090/0699-090-03-04-06.png	92	do
7284-086/7284-086-02-07-10.png	757	as
1637-026/1637-026-03-06-05.png	207	sociais
7045-008/7045-008-02-05-08.png	684	no
0579-026/0579-026-04-08-01.png	55	rá
4775-020/4775-020-02-01-16.png	573	da
1654-043/1654-043-04-05-09.png	224	protagonista
1666-055/1666-055-03-07-12.png	235	qualidade
0250-042/0250-042-03-04-15.png	19	da
1431-035/1431-035-02-02-14.png	149	há
1660-049/1660-049-03-05-01.png	229	deixa
1726-015/1726-015-04-08-08.png	255	os
1649-038/1649-038-01-04-01.png	219	resulta
8246-015/8246-015-04-05-13.png	914	de
4247-016/4247-016-02-01-11.png	465	das
4296-009/4296-009-02-07-01.png	478	se
7875-051/7875-051-02-04-01.png	867	garantir
0428-026/0428-026-01-03-04.png	29	ou
0705-096/0705-096-03-06-10.png	94	ao
8057-036/8057-036-03-09-02.png	877	G1
1630-019/1630-019-03-03-07.png	200	Espetáculo
4558-121/4558-121-04-04-13.png	518	que
2110-060/2110-060-01-06-02.png	276	Tal
7049-012/7049-012-04-02-01.png	687	dos
0260-052/0260-052-04-04-08.png	24	que
6907-014/6907-014-02-08-05.png	671	fator
1660-049/1660-049-01-05-03.png	229	barreiras
1684-073/1684-073-01-02-08.png	253	que
2248-048/2248-048-03-07-12.png	303	ser
1213-020/1213-020-03-03-01.png	140	da
7990-044/7990-044-04-03-01.png	873	que
2505-048/2505-048-01-06-05.png	338	as
4463-026/4463-026-02-01-09.png	504	são
1649-038/1649-038-02-01-08.png	219	omissão
3040-017/3040-017-04-01-03.png	391	ao
1684-073/1684-073-03-07-12.png	253	pelo
4265-034/4265-034-02-04-12.png	470	de
9307-010/9307-010-01-04-12.png	993	de
1666-055/1666-055-03-07-10.png	235	efetivem
3673-043/3673-043-04-08-08.png	425	na
0641-032/0641-032-02-03-21.png	66	não
3671-041/3671-041-03-06-09.png	423	ser
5826-024/5826-024-02-02-14.png	629	do
1622-011/1622-011-02-04-04.png	192	de
0571-018/0571-018-03-05-22.png	49	Is-
7261-063/7261-063-04-02-02.png	736	ao
7984-038/7984-038-04-07-18.png	871	do
1656-045/1656-045-01-06-01.png	226	as
1633-022/1633-022-02-08-11.png	203	assim
0997-023/0997-023-03-04-01.png	124	do
2106-056/2106-056-04-05-02.png	272	para
2774-030/2774-030-03-04-04.png	374	da
0220-012/0220-012-04-01-12.png	4	no
1002-028/1002-028-02-01-03.png	127	urge
8463-057/8463-057-01-06-08.png	930	de
7160-101/7160-101-03-03-08.png	723	que
4743-306/4743-306-02-01-13.png	561	de
6113-021/6113-021-04-02-08.png	633	tal
0641-032/0641-032-01-05-02.png	66	de
1621-010/1621-010-03-06-05.png	191	notada
2977-020/2977-020-03-06-11.png	389	excluídos
2112-062/2112-062-02-01-06.png	277	largo
7343-045/7343-045-02-08-05.png	775	indo
6145-016/6145-016-04-07-18.png	642	es-
6911-018/6911-018-01-03-11.png	673	ao
4754-317/4754-317-04-03-08.png	565	de
8759-047/8759-047-04-09-08.png	960	humanização
2337-044/2337-044-02-05-10.png	319	do
8751-039/8751-039-01-01-18.png	956	em
7336-038/7336-038-04-04-10.png	768	da
4424-102/4424-102-04-05-08.png	498	os
0260-052/0260-052-04-01-04.png	24	que
6912-019/6912-019-04-04-09.png	674	de
0592-039/0592-039-02-01-01.png	62	Em
6907-014/6907-014-03-06-12.png	671	que
7576-032/7576-032-03-06-06.png	798	pouca
7984-038/7984-038-01-02-01.png	871	por
7576-032/7576-032-04-06-16.png	798	em
0228-020/0228-020-03-05-17.png	8	Den-
7873-049/7873-049-01-05-11.png	865	impossível
2679-036/2679-036-05-07-13.png	370	que
8120-022/8120-022-04-03-01.png	882	vo
6392-017/6392-017-01-03-17.png	646	XIX
4943-017/4943-017-03-06-11.png	601	em
4296-009/4296-009-03-07-09.png	478	os
4718-281/4718-281-02-04-16.png	556	com
2605-022/2605-022-02-05-12.png	344	conta
0258-050/0258-050-04-02-06.png	23	na
5826-024/5826-024-05-03-09.png	629	por
1663-052/1663-052-03-05-10.png	232	em
6142-013/6142-013-03-04-02.png	640	de
0240-032/0240-032-01-01-04.png	14	dos
7861-037/7861-037-02-05-07.png	853	por
4097-015/4097-015-01-02-05.png	436	dessa
1627-016/1627-016-01-05-01.png	197	cularizadas
2634-020/2634-020-03-01-07.png	355	da
0216-008/0216-008-05-01-12.png	2	em
0256-048/0256-048-02-10-01.png	22	ção
6394-019/6394-019-01-05-06.png	647	ao
1481-026/1481-026-04-02-04.png	172	fim
4545-108/4545-108-03-05-03.png	515	aqueles
5822-020/5822-020-03-03-05.png	625	da
1628-017/1628-017-04-03-06.png	198	causados
1642-031/1642-031-03-04-03.png	212	1988
6906-013/6906-013-02-07-05.png	670	as
4845-010/4845-010-03-04-03.png	581	de
6394-019/6394-019-04-01-06.png	647	que
4910-075/4910-075-02-03-10.png	589	prol
4884-049/4884-049-03-07-13.png	587	tra-
4412-090/4412-090-04-08-01.png	494	ais
1134-029/1134-029-03-12-01.png	137	la
0260-052/0260-052-03-03-06.png	24	não
1652-041/1652-041-03-04-02.png	222	aceita
7869-045/7869-045-02-04-05.png	861	frescura
1626-015/1626-015-04-01-11.png	196	ao
1485-030/1485-030-01-01-01.png	176	No
7872-048/7872-048-02-01-01.png	864	Em
0566-013/0566-013-02-07-10.png	46	no
2738-050/2738-050-03-05-02.png	371	cenário
1215-022/1215-022-04-04-20.png	142	de
1483-028/1483-028-04-02-10.png	174	ser
8441-035/8441-035-03-05-05.png	921	se
7260-062/7260-062-01-07-05.png	735	da
1652-041/1652-041-03-02-12.png	222	podendo
0234-026/0234-026-02-06-08.png	11	que
7343-045/7343-045-01-04-08.png	775	aos
1729-018/1729-018-03-01-14.png	258	ser
1654-043/1654-043-01-03-02.png	224	rejeição
4574-137/4574-137-03-08-04.png	522	se
8749-037/8749-037-04-06-17.png	955	uma
1215-022/1215-022-02-06-01.png	142	ção
0775-036/0775-036-04-02-04.png	102	por
1674-063/1674-063-03-06-16.png	243	os
2331-038/2331-038-03-12-03.png	316	de
7267-069/7267-069-02-02-07.png	740	pode
4766-011/4766-011-04-06-05.png	569	do
1643-032/1643-032-02-04-02.png	213	sobre
1682-071/1682-071-04-02-02.png	251	de
4934-008/4934-008-03-05-02.png	597	por
7589-045/7589-045-01-01-08.png	804	pública
7347-049/7347-049-03-07-13.png	779	do
8625-073/8625-073-03-05-02.png	951	as
2186-043/2186-043-02-04-15.png	293	de
4783-002/4783-002-03-07-08.png	575	de
3676-046/3676-046-05-08-04.png	427	os
7261-063/7261-063-04-03-10.png	736	que
7993-047/7993-047-03-04-08.png	874	seu
2970-013/2970-013-03-04-13.png	382	cargo
4985-041/4985-041-04-03-02.png	605	ao
4672-235/4672-235-05-01-06.png	545	age
1643-032/1643-032-01-04-07.png	213	escassez
1683-072/1683-072-01-01-02.png	252	diante
0516-016/0516-016-04-06-08.png	32	pois
7131-072/7131-072-04-04-08.png	697	aos
6116-024/6116-024-03-07-02.png	636	os
3648-018/3648-018-01-05-05.png	413	tal
5649-032/5649-032-03-01-11.png	622	na
7794-026/7794-026-01-05-12.png	838	às
7803-035/7803-035-04-05-05.png	844	os
2124-074/2124-074-02-06-15.png	285	de
0649-040/0649-040-01-05-05.png	70	na
1641-030/1641-030-02-01-03.png	211	análise
4124-042/4124-042-02-06-08.png	461	de
2369-076/2369-076-01-01-09.png	327	do
0651-042/0651-042-01-02-15.png	71	tanto
1651-040/1651-040-04-03-01.png	221	doenças
1683-072/1683-072-01-02-06.png	252	um
7132-073/7132-073-03-05-21.png	698	que
4773-018/4773-018-04-01-11.png	572	no
0657-048/0657-048-03-07-02.png	74	de
0520-020/0520-020-02-06-18.png	34	da
1476-021/1476-021-02-06-09.png	169	dos
1444-048/1444-048-03-08-01.png	160	tes
1627-016/1627-016-03-03-10.png	197	segunda
3637-007/3637-007-04-05-07.png	407	do
7978-032/7978-032-02-06-02.png	869	de
2128-078/2128-078-01-03-12.png	287	Na
8185-035/8185-035-04-06-13.png	900	do
5825-023/5825-023-05-01-10.png	628	ser
7867-043/7867-043-03-03-04.png	859	Debord
6116-024/6116-024-01-02-02.png	636	por
0571-018/0571-018-04-05-14.png	49	da
1002-028/1002-028-02-07-15.png	127	vez
2108-058/2108-058-01-01-04.png	274	de
7807-039/7807-039-01-05-06.png	848	pela
1628-017/1628-017-01-01-08.png	198	iniciou
8759-047/8759-047-04-04-04.png	960	sociais
6112-020/6112-020-04-03-06.png	632	de
0256-048/0256-048-02-02-12.png	22	de
7984-038/7984-038-04-06-10.png	871	os
4424-102/4424-102-03-04-15.png	498	pri-
1627-016/1627-016-04-04-12.png	197	transmitidos
1652-041/1652-041-02-03-01.png	222	toda
1642-031/1642-031-04-05-01.png	212	os
0995-021/0995-021-03-07-05.png	123	de
4124-042/4124-042-03-01-07.png	461	de
7589-045/7589-045-01-02-11.png	804	globalização
1680-069/1680-069-04-06-10.png	249	deve
8751-039/8751-039-04-06-09.png	956	humana
2515-058/2515-058-04-03-01.png	342	tos
7863-039/7863-039-02-01-09.png	855	contemporâneo
2375-082/2375-082-04-03-01.png	330	do
2606-023/2606-023-01-01-01.png	345	Durante
1725-014/1725-014-03-05-19.png	254	pes-
6905-012/6905-012-03-01-01.png	669	Em
0693-084/0693-084-03-04-01.png	89	ou
1660-049/1660-049-02-02-06.png	229	respeito
4448-011/4448-011-04-05-06.png	502	que
1763-027/1763-027-04-03-06.png	266	das
8898-025/8898-025-01-06-12.png	962	de
5648-031/5648-031-03-01-04.png	621	que
0695-086/0695-086-01-02-03.png	90	nos
4598-161/4598-161-03-04-15.png	528	um
2606-023/2606-023-03-01-08.png	345	de
1627-016/1627-016-03-06-08.png	197	indivíduo
8471-065/8471-065-02-08-11.png	933	que
4748-311/4748-311-03-03-02.png	564	tais
0256-048/0256-048-02-08-06.png	22	de
7858-034/7858-034-02-05-03.png	850	mente
1684-073/1684-073-01-02-18.png	253	Por
9311-014/9311-014-03-01-11.png	996	um
0993-019/0993-019-04-06-01.png	121	do
7267-069/7267-069-02-01-10.png	740	de
7151-092/7151-092-03-05-02.png	715	por
1481-026/1481-026-03-05-06.png	172	da
1492-037/1492-037-02-01-11.png	181	para
7867-043/7867-043-04-03-01.png	859	dos
1759-023/1759-023-02-05-17.png	264	que
1680-069/1680-069-01-05-10.png	249	de
0579-026/0579-026-04-04-06.png	55	em
6907-014/6907-014-04-02-23.png	671	que
0649-040/0649-040-03-07-09.png	70	em
4767-012/4767-012-01-02-08.png	570	que
7576-032/7576-032-03-05-06.png	798	temporariamente
8517-011/8517-011-04-01-07.png	940	ser
1621-010/1621-010-04-05-06.png	191	psiquiatras
1136-031/1136-031-02-03-05.png	138	da
1626-015/1626-015-03-04-10.png	196	trabalhando
7724-090/7724-090-03-04-01.png	831	de
2249-049/2249-049-01-03-15.png	304	parte
7336-038/7336-038-04-03-02.png	768	de
7589-045/7589-045-03-03-09.png	804	dos
7589-045/7589-045-04-03-07.png	804	fomentar
8223-014/8223-014-04-03-02.png	906	de
4990-046/4990-046-02-06-02.png	610	Já
6110-018/6110-018-04-05-11.png	631	da
1663-052/1663-052-02-03-09.png	232	Hannah
4482-045/4482-045-02-03-15.png	506	os
7439-088/7439-088-02-01-07.png	787	que
2344-051/2344-051-03-01-03.png	323	os
0226-018/0226-018-03-03-15.png	7	ou
6914-021/6914-021-02-03-13.png	676	nas
6402-027/6402-027-02-06-08.png	651	em
2372-079/2372-079-04-01-10.png	328	no
7269-071/7269-071-02-08-15.png	742	ra-
4247-016/4247-016-03-05-04.png	465	essa
4313-009/4313-009-04-06-01.png	486	que
0588-035/0588-035-01-02-17.png	59	ao
8904-031/8904-031-02-07-09.png	965	que
7859-035/7859-035-04-05-03.png	851	estigma
0220-012/0220-012-02-03-08.png	4	de
1654-043/1654-043-01-04-10.png	224	relacionado
9307-010/9307-010-04-03-08.png	993	por
4111-029/4111-029-04-06-15.png	448	do
1637-026/1637-026-02-05-11.png	207	problemática
1469-014/1469-014-04-03-11.png	166	não
7162-103/7162-103-02-05-12.png	725	de
1001-027/1001-027-03-07-08.png	126	de
0645-036/0645-036-03-02-03.png	68	se
7275-077/7275-077-01-04-01.png	748	tos
0583-030/0583-030-01-01-09.png	56	dos
6702-052/6702-052-03-05-02.png	665	ao
0997-023/0997-023-04-01-11.png	124	de
7340-042/7340-042-03-06-10.png	772	pelo
2189-046/2189-046-02-04-15.png	296	de
7876-052/7876-052-03-03-06.png	868	pessoas
6702-052/6702-052-04-08-10.png	665	de
7145-086/7145-086-02-02-09.png	711	das
7993-047/7993-047-02-06-07.png	874	de
4677-240/4677-240-03-05-11.png	547	que
7151-092/7151-092-03-06-03.png	715	de
0516-016/0516-016-02-02-12.png	32	na
7424-073/7424-073-04-06-02.png	783	por
1674-063/1674-063-01-04-15.png	243	doen-
6110-018/6110-018-01-01-14.png	631	não
4936-010/4936-010-01-04-07.png	598	às
4545-108/4545-108-03-09-01.png	515	dois
7858-034/7858-034-03-05-12.png	850	Bauman
2104-054/2104-054-02-06-12.png	270	uma
4424-102/4424-102-02-05-01.png	498	dos
9306-009/9306-009-01-02-11.png	992	até
0990-016/0990-016-04-08-12.png	118	ao
1485-030/1485-030-02-04-11.png	176	vez
4303-016/4303-016-02-01-08.png	482	do
8120-022/8120-022-04-02-01.png	882	ção
2977-020/2977-020-03-06-12.png	389	escolares
8451-045/8451-045-01-02-05.png	925	os
1474-019/1474-019-02-06-01.png	167	de
7869-045/7869-045-02-02-14.png	861	os
2106-056/2106-056-02-05-11.png	272	que
7862-038/7862-038-02-03-08.png	854	negligenciado
7591-047/7591-047-04-07-02.png	805	cinema
1654-043/1654-043-04-01-03.png	224	fim
7046-009/7046-009-02-07-03.png	685	ao
2189-046/2189-046-02-03-13.png	296	ter
7993-047/7993-047-04-05-05.png	874	contribuição
8253-022/8253-022-03-04-10.png	917	de
6942-024/6942-024-04-04-10.png	678	ser
0236-028/0236-028-03-06-01.png	12	to
7282-084/7282-084-02-01-01.png	755	Sob
1755-019/1755-019-02-02-05.png	261	em
7978-032/7978-032-04-07-11.png	869	doenças
1438-042/1438-042-01-05-05.png	156	do
4289-002/4289-002-02-05-10.png	472	da
1490-035/1490-035-03-01-14.png	179	para
2977-020/2977-020-03-08-07.png	389	crime
6390-015/6390-015-02-04-03.png	645	Nesse
2374-081/2374-081-02-06-06.png	329	de
1677-066/1677-066-03-06-06.png	246	estimula
1661-050/1661-050-01-05-10.png	230	difundido
0578-025/0578-025-01-02-07.png	54	17
1669-058/1669-058-01-02-02.png	238	são
2778-034/2778-034-02-02-05.png	376	os
1660-049/1660-049-01-04-05.png	229	Brasil
7288-090/7288-090-03-05-02.png	761	os
8481-075/8481-075-02-05-06.png	936	de
9201-034/9201-034-01-05-14.png	981	popu-
1680-069/1680-069-04-07-01.png	249	tamento
4775-020/4775-020-03-08-15.png	573	para
2738-050/2738-050-04-04-09.png	371	os
8056-035/8056-035-03-05-04.png	876	já
1643-032/1643-032-03-07-13.png	213	perder
3669-039/3669-039-02-05-06.png	421	em
1629-018/1629-018-03-05-10.png	199	tem-se
4681-244/4681-244-03-06-07.png	549	da
2334-041/2334-041-02-12-08.png	317	de
7978-032/7978-032-04-08-01.png	869	do
7576-032/7576-032-04-05-17.png	798	ses-
7272-074/7272-074-03-03-06.png	745	de
1641-030/1641-030-02-03-13.png	211	psiquiátrico
1444-048/1444-048-02-08-04.png	160	da
8516-010/8516-010-01-05-10.png	939	fim
2613-030/2613-030-02-01-12.png	352	desafios
4689-252/4689-252-03-06-06.png	553	de
7044-007/7044-007-03-04-07.png	683	de
5651-034/5651-034-03-05-14.png	624	como
8255-024/8255-024-02-04-08.png	919	por
2606-023/2606-023-03-01-01.png	345	Já
0424-022/0424-022-02-08-04.png	28	Por
8467-061/8467-061-03-01-11.png	931	de
8996-010/8996-010-04-06-01.png	966	da
8459-053/8459-053-02-04-13.png	929	do
1629-018/1629-018-03-07-05.png	199	convívio
4790-009/4790-009-04-03-14.png	578	as
7613-069/7613-069-02-06-12.png	816	renda
1642-031/1642-031-01-04-10.png	212	disso
1628-017/1628-017-02-01-14.png	198	são
4412-090/4412-090-01-03-11.png	494	falta
8517-011/8517-011-04-08-11.png	940	no
1669-058/1669-058-04-05-06.png	238	em
4445-008/4445-008-04-09-13.png	501	de
9207-040/9207-040-03-05-07.png	983	de
7587-043/7587-043-02-04-06.png	803	migrar
1725-014/1725-014-01-03-11.png	254	por
2331-038/2331-038-02-07-12.png	316	da
1728-017/1728-017-02-03-04.png	257	em
7267-069/7267-069-04-02-09.png	740	real
4111-029/4111-029-02-07-15.png	448	como
4598-161/4598-161-02-01-11.png	528	se
0560-007/0560-007-02-10-07.png	41	casos
1647-036/1647-036-03-07-11.png	217	na
4740-303/4740-303-02-05-01.png	560	tiva
7014-027/7014-027-02-01-10.png	682	de
1266-040/1266-040-03-05-06.png	143	da
7140-081/7140-081-01-02-10.png	706	so-
1666-055/1666-055-01-05-07.png	235	decorre
1666-055/1666-055-02-03-13.png	235	óptica
7862-038/7862-038-01-01-14.png	854	denominar
4313-009/4313-009-03-06-04.png	486	de
3652-022/3652-022-01-02-06.png	417	No
1646-035/1646-035-03-05-02.png	216	segundo
8749-037/8749-037-02-01-04.png	955	nota-se
2323-030/2323-030-04-09-10.png	312	no
1447-051/1447-051-02-02-15.png	163	de
4995-051/4995-051-04-07-11.png	613	de
8242-011/8242-011-03-06-06.png	910	de
1626-015/1626-015-02-06-07.png	196	eram
4354-032/4354-032-03-05-14.png	490	por
8056-035/8056-035-03-02-14.png	876	Pau-
0566-013/0566-013-02-02-06.png	46	que
1647-036/1647-036-02-09-10.png	217	do
2970-013/2970-013-01-07-02.png	382	no
2186-043/2186-043-03-05-09.png	293	dos
7981-035/7981-035-03-03-03.png	870	da
4293-006/4293-006-04-04-01.png	476	no
1489-034/1489-034-01-01-17.png	178	de
1637-026/1637-026-02-01-01.png	207	Cabe
0777-038/0777-038-03-09-10.png	103	com
4111-029/4111-029-04-07-15.png	448	dessas
4482-045/4482-045-03-08-03.png	506	um
2339-046/2339-046-05-10-06.png	320	Em
7585-041/7585-041-04-06-02.png	802	de
5651-034/5651-034-03-06-05.png	624	não
6390-015/6390-015-02-05-19.png	645	dos
2774-030/2774-030-03-06-06.png	374	as
1641-030/1641-030-04-01-11.png	211	doenças
4856-021/4856-021-03-03-04.png	583	têm
7993-047/7993-047-01-03-15.png	874	dessas
4856-021/4856-021-05-05-02.png	583	do
7803-035/7803-035-02-08-03.png	844	ao
0775-036/0775-036-03-03-08.png	102	que
8469-063/8469-063-02-05-02.png	932	há
1499-044/1499-044-04-04-05.png	187	de
4673-236/4673-236-01-02-06.png	546	de
0683-074/0683-074-03-02-08.png	85	tal
0574-021/0574-021-04-01-09.png	52	ser
5649-032/5649-032-04-03-11.png	622	de
3679-049/3679-049-04-06-14.png	430	se-
7576-032/7576-032-03-06-16.png	798	os
0224-016/0224-016-02-07-01.png	6	de
1683-072/1683-072-04-04-03.png	252	mídia
0651-042/0651-042-02-07-04.png	71	do
1128-023/1128-023-02-02-06.png	133	Ku
6478-008/6478-008-01-05-01.png	657	dos
8249-018/8249-018-03-01-06.png	916	de
4424-102/4424-102-01-04-11.png	498	que
1448-052/1448-052-03-07-05.png	164	ao
7803-035/7803-035-01-03-07.png	844	um
2774-030/2774-030-05-01-11.png	374	Mun
2124-074/2124-074-02-02-07.png	285	que
6392-017/6392-017-03-06-07.png	646	parte
1682-071/1682-071-04-04-05.png	251	doenças
7861-037/7861-037-01-02-12.png	853	atribuída
6946-028/6946-028-04-04-11.png	680	ao
0659-050/0659-050-04-04-15.png	75	fim
7270-072/7270-072-04-01-07.png	743	por
1674-063/1674-063-02-06-15.png	243	corpo
0830-026/0830-026-02-03-03.png	104	No
4931-005/4931-005-04-02-04.png	596	da
1647-036/1647-036-03-06-10.png	217	célebre
8449-043/8449-043-04-01-12.png	924	no
1759-023/1759-023-01-01-11.png	264	de
4985-041/4985-041-04-03-12.png	605	de
0258-050/0258-050-02-08-15.png	23	tal
2970-013/2970-013-04-01-14.png	382	urge
4412-090/4412-090-02-06-18.png	494	da
7869-045/7869-045-04-05-06.png	861	que
3679-049/3679-049-04-05-15.png	430	de
7724-090/7724-090-03-01-11.png	831	dos
1490-035/1490-035-02-04-09.png	179	em
4111-029/4111-029-01-03-13.png	448	More
0236-028/0236-028-03-03-19.png	12	um
1489-034/1489-034-02-03-15.png	178	de
7589-045/7589-045-04-03-01.png	804	dadania
1663-052/1663-052-02-03-05.png	232	na
1646-035/1646-035-02-09-02.png	216	Assim
1601-040/1601-040-03-01-08.png	189	de
1437-041/1437-041-01-07-11.png	155	dos
1669-058/1669-058-03-05-01.png	238	acordo
2639-025/2639-025-04-02-17.png	360	co-
9306-009/9306-009-03-07-03.png	992	que
4524-087/4524-087-04-05-10.png	513	os
7175-116/7175-116-03-01-06.png	732	do
4554-117/4554-117-03-09-02.png	517	as
4494-057/4494-057-03-09-10.png	509	do
1621-010/1621-010-02-03-12.png	191	humana
0639-030/0639-030-02-07-04.png	65	de
4313-009/4313-009-05-05-03.png	486	isso
2977-020/2977-020-03-10-16.png	389	essa
4720-283/4720-283-03-05-07.png	557	de
7876-052/7876-052-04-01-14.png	868	por
1126-021/1126-021-03-01-04.png	131	negro
7692-058/7692-058-04-05-13.png	824	os
4598-161/4598-161-02-02-14.png	528	da
4695-258/4695-258-02-01-01.png	554	Em
2114-064/2114-064-04-07-10.png	279	que
2372-079/2372-079-02-09-12.png	328	dos
1649-038/1649-038-04-04-11.png	219	de
7978-032/7978-032-03-08-06.png	869	negativos
1649-038/1649-038-03-03-05.png	219	do
4463-026/4463-026-03-05-09.png	504	da
1659-048/1659-048-03-03-11.png	228	das
6406-031/6406-031-02-07-13.png	653	esse
1625-014/1625-014-01-04-12.png	195	Hoje
1626-015/1626-015-02-08-07.png	196	no
7591-047/7591-047-03-08-12.png	805	tiveram
7260-062/7260-062-02-04-11.png	735	uma
0566-013/0566-013-01-01-05.png	46	os
8120-022/8120-022-01-01-13.png	882	entretenimento
4766-011/4766-011-03-05-01.png	569	ga
0216-008/0216-008-03-02-07.png	2	um
4679-242/4679-242-04-05-10.png	548	de
1627-016/1627-016-03-04-10.png	197	atingidos
7170-111/7170-111-04-02-11.png	729	em
4518-081/4518-081-03-09-01.png	512	de
8483-077/8483-077-01-03-02.png	937	de
8757-045/8757-045-01-01-06.png	959	mental
1682-071/1682-071-04-04-06.png	251	mentais
1660-049/1660-049-01-03-02.png	229	enfatiza
1661-050/1661-050-01-03-09.png	230	na
0830-026/0830-026-03-06-01.png	104	fim
4586-149/4586-149-02-01-08.png	525	as
4985-041/4985-041-05-02-08.png	605	os
1651-040/1651-040-03-07-07.png	221	evidente
1429-033/1429-033-03-07-13.png	147	vez
1633-022/1633-022-03-04-05.png	203	social
2613-030/2613-030-04-06-06.png	352	da
8254-023/8254-023-02-05-08.png	918	de
5648-031/5648-031-03-04-06.png	621	de
7284-086/7284-086-01-04-10.png	757	do
1651-040/1651-040-02-10-04.png	221	frescura
4097-015/4097-015-04-07-07.png	436	tratados
7269-071/7269-071-03-01-06.png	742	do
4299-012/4299-012-02-04-05.png	481	de
8522-016/8522-016-01-03-01.png	943	de
0236-028/0236-028-03-04-09.png	12	por
7131-072/7131-072-02-07-12.png	697	de
2607-024/2607-024-03-04-10.png	346	do
7984-038/7984-038-04-04-13.png	871	função
1469-014/1469-014-02-03-14.png	166	de
2613-030/2613-030-04-02-05.png	352	feiras
1650-039/1650-039-03-06-01.png	220	ca
9311-014/9311-014-03-02-08.png	996	da
7136-077/7136-077-04-01-11.png	702	para
4586-149/4586-149-02-06-08.png	525	de
1622-011/1622-011-03-07-08.png	192	de
8757-045/8757-045-02-02-15.png	959	de
2114-064/2114-064-04-05-07.png	279	no
2778-034/2778-034-05-03-05.png	376	de
4466-029/4466-029-02-02-05.png	505	em
7796-028/7796-028-01-02-18.png	840	so-
2610-027/2610-027-04-05-05.png	349	propagar
8179-029/8179-029-03-03-12.png	898	de
8751-039/8751-039-03-07-02.png	956	doenças
1625-014/1625-014-04-04-11.png	195	popula-
6408-033/6408-033-01-02-12.png	654	vi-
4773-018/4773-018-03-09-12.png	572	de
1654-043/1654-043-01-04-04.png	224	população
4611-174/4611-174-02-02-08.png	532	por
4767-012/4767-012-01-04-08.png	570	plano
1660-049/1660-049-02-09-07.png	229	reverter
1642-031/1642-031-01-02-06.png	212	sob
7159-100/7159-100-02-05-06.png	722	da
0639-030/0639-030-02-07-11.png	65	de
6914-021/6914-021-03-02-01.png	676	de
6110-018/6110-018-02-08-02.png	631	por
2368-075/2368-075-01-05-02.png	326	no
1627-016/1627-016-03-04-04.png	197	29
8190-040/8190-040-04-02-14.png	903	às
7138-079/7138-079-03-02-03.png	704	esse
4766-011/4766-011-03-08-09.png	569	nos
1642-031/1642-031-04-06-09.png	212	que
2372-079/2372-079-04-03-14.png	328	da
9203-036/9203-036-04-03-08.png	982	as
2374-081/2374-081-04-04-16.png	329	filmes
0252-044/0252-044-02-02-10.png	20	faz
1621-010/1621-010-03-03-08.png	191	condições
1625-014/1625-014-03-04-03.png	195	impacto
1757-021/1757-021-03-04-06.png	263	de
2368-075/2368-075-02-01-08.png	326	falta
1638-027/1638-027-04-03-05.png	208	de
7049-012/7049-012-04-03-01.png	687	tas
7785-017/7785-017-02-03-01.png	832	de
0555-002/0555-002-02-05-10.png	38	Diante
7290-092/7290-092-02-03-08.png	762	de
4931-005/4931-005-03-10-13.png	596	do
2252-052/2252-052-01-05-14.png	306	fere
7263-065/7263-065-04-05-09.png	737	na
4746-309/4746-309-04-04-09.png	563	apoio
7862-038/7862-038-01-02-02.png	854	sertanejo
9203-036/9203-036-02-03-08.png	982	em
6116-024/6116-024-02-07-11.png	636	as
8751-039/8751-039-04-02-10.png	956	dos
1643-032/1643-032-01-01-03.png	213	norte-americano
1643-032/1643-032-02-06-15.png	213	mino-
4988-044/4988-044-05-03-14.png	608	de
0991-017/0991-017-01-07-01.png	119	ção
1729-018/1729-018-02-03-02.png	258	do
1652-041/1652-041-02-02-08.png	222	são
1642-031/1642-031-01-03-06.png	212	porém
8223-014/8223-014-04-02-04.png	906	dos
8443-037/8443-037-01-04-02.png	922	do
1449-053/1449-053-01-02-07.png	165	os
7807-039/7807-039-02-05-10.png	848	um
4598-161/4598-161-03-06-07.png	528	para
4985-041/4985-041-05-02-11.png	605	os
7271-073/7271-073-02-02-12.png	744	as
4988-044/4988-044-03-09-06.png	608	os
1684-073/1684-073-01-01-16.png	253	recebem
0693-084/0693-084-03-07-09.png	89	que
0573-020/0573-020-02-08-05.png	51	boa
1663-052/1663-052-04-02-01.png	232	Municipais
0572-019/0572-019-03-03-03.png	50	há
7261-063/7261-063-03-03-06.png	736	os
7859-035/7859-035-02-05-05.png	851	direito
4265-034/4265-034-03-05-05.png	470	de
4934-008/4934-008-04-04-22.png	597	salas
4679-242/4679-242-01-05-14.png	548	as
7591-047/7591-047-04-01-07.png	805	de
0995-021/0995-021-02-08-06.png	123	de
1659-048/1659-048-02-08-08.png	228	uma
2513-056/2513-056-02-08-09.png	341	essa
1266-040/1266-040-03-07-05.png	143	um
0693-084/0693-084-04-03-17.png	89	públi-
7576-032/7576-032-04-03-10.png	798	Federal
8222-013/8222-013-02-02-01.png	905	moso
4689-252/4689-252-03-08-09.png	553	de
4684-247/4684-247-03-04-03.png	550	os
7045-008/7045-008-05-06-05.png	684	do
1646-035/1646-035-04-01-08.png	216	que
7564-020/7564-020-03-02-01.png	792	em
7722-088/7722-088-01-01-04.png	830	no
7152-093/7152-093-01-02-16.png	716	de
8121-023/8121-023-02-06-14.png	883	perifé-
2738-050/2738-050-02-04-06.png	371	vítimas
7859-035/7859-035-04-04-05.png	851	como
3650-020/3650-020-02-08-06.png	415	do
7157-098/7157-098-01-02-02.png	720	por
3639-009/3639-009-03-02-05.png	409	no
1654-043/1654-043-04-05-10.png	224	da
7871-047/7871-047-01-05-08.png	863	pautas
6390-015/6390-015-02-01-02.png	645	em
4720-283/4720-283-02-02-01.png	557	-se
7859-035/7859-035-03-07-01.png	851	doenças
0220-012/0220-012-03-08-05.png	4	de
4299-012/4299-012-04-04-01.png	481	Além
1680-069/1680-069-03-06-12.png	249	índices
7862-038/7862-038-01-02-01.png	854	mem
8751-039/8751-039-04-02-04.png	956	que
3669-039/3669-039-04-06-08.png	421	que
4790-009/4790-009-02-07-11.png	578	qual
9203-036/9203-036-01-03-10.png	982	às
1642-031/1642-031-04-09-03.png	212	de
7046-009/7046-009-03-07-14.png	685	da
8057-036/8057-036-03-08-11.png	877	dos
7576-032/7576-032-02-03-05.png	798	maximização
2782-038/2782-038-03-05-13.png	378	dos
2123-073/2123-073-02-04-14.png	284	no
7344-046/7344-046-04-02-09.png	776	de
1659-048/1659-048-02-05-04.png	228	fato
0567-014/0567-014-03-08-17.png	47	em
1627-016/1627-016-01-05-08.png	197	mais
1680-069/1680-069-03-07-12.png	249	formas
0693-084/0693-084-02-07-07.png	89	redes
2246-046/2246-046-02-05-12.png	301	por
8223-014/8223-014-04-01-12.png	906	da
0593-040/0593-040-04-03-02.png	63	de
3682-052/3682-052-01-01-04.png	433	da
4097-015/4097-015-04-08-07.png	436	observado
7993-047/7993-047-03-04-09.png	874	amadurecimento
7272-074/7272-074-03-02-06.png	745	da
1213-020/1213-020-01-04-05.png	140	de
7981-035/7981-035-02-03-08.png	870	aristocracia
0586-033/0586-033-03-04-08.png	58	pela
4679-242/4679-242-04-03-09.png	548	do
2104-054/2104-054-03-02-05.png	270	que
8521-015/8521-015-01-03-06.png	942	no
9197-030/9197-030-04-02-10.png	979	por
2778-034/2778-034-02-04-07.png	376	da
7156-097/7156-097-04-05-03.png	719	de
7993-047/7993-047-04-03-13.png	874	no
4294-007/4294-007-05-05-07.png	477	que
7862-038/7862-038-02-01-09.png	854	discussões
1441-045/1441-045-01-02-14.png	158	país
1490-035/1490-035-02-03-02.png	179	dos
3632-002/3632-002-02-06-11.png	404	os
4766-011/4766-011-02-02-10.png	569	no
7869-045/7869-045-02-04-16.png	861	que
1661-050/1661-050-02-05-15.png	230	so-
7156-097/7156-097-02-02-03.png	719	nos
7981-035/7981-035-04-04-12.png	870	feito
7177-118/7177-118-02-01-01.png	733	Em
4936-010/4936-010-02-03-10.png	598	do
1650-039/1650-039-01-01-14.png	220	de
1652-041/1652-041-03-01-16.png	222	em
5651-034/5651-034-04-07-10.png	624	que
2970-013/2970-013-02-07-13.png	382	crescimento
2511-054/2511-054-03-01-07.png	340	de
1660-049/1660-049-02-05-12.png	229	per-
2128-078/2128-078-04-04-09.png	287	de
1622-011/1622-011-04-05-01.png	192	por
2497-040/2497-040-01-06-05.png	337	da
2186-043/2186-043-04-01-04.png	293	que
1652-041/1652-041-01-03-04.png	222	sociedade
1625-014/1625-014-01-06-08.png	195	doenças
1637-026/1637-026-02-03-13.png	207	considerava
0218-010/0218-010-03-05-05.png	3	os
7585-041/7585-041-02-03-11.png	802	regiões
4518-081/4518-081-05-02-03.png	512	para
6912-019/6912-019-02-06-02.png	674	até
7692-058/7692-058-02-01-03.png	824	da
8619-067/8619-067-02-08-02.png	948	que
0555-002/0555-002-01-03-13.png	38	na
7156-097/7156-097-03-01-04.png	719	de
1447-051/1447-051-02-02-08.png	163	de
6408-033/6408-033-03-03-06.png	654	do
1498-043/1498-043-03-02-08.png	186	de
1647-036/1647-036-04-02-10.png	217	em
2977-020/2977-020-03-10-08.png	389	perceptível
4845-010/4845-010-04-02-02.png	581	as
5822-020/5822-020-02-03-09.png	625	da
2513-056/2513-056-04-06-10.png	341	jus
4354-032/4354-032-04-05-12.png	490	na
4124-042/4124-042-04-10-06.png	461	Schopenhauer
7993-047/7993-047-02-03-19.png	874	da
8120-022/8120-022-02-07-02.png	882	lastimável
2977-020/2977-020-03-04-12.png	389	todas
8747-035/8747-035-02-04-01.png	954	ários
6390-015/6390-015-02-07-05.png	645	do
2120-070/2120-070-01-04-17.png	281	telas
1123-018/1123-018-03-07-13.png	129	vez
8121-023/8121-023-01-05-06.png	883	consequências
2109-059/2109-059-02-01-02.png	275	de
1629-018/1629-018-04-06-10.png	199	sociedade
6406-031/6406-031-04-04-11.png	653	dia
4111-029/4111-029-01-02-05.png	448	no
4990-046/4990-046-01-02-03.png	610	ser
7785-017/7785-017-03-05-13.png	832	faz
8121-023/8121-023-02-02-11.png	883	divulgada
4568-131/4568-131-02-05-15.png	520	de
8900-027/8900-027-03-01-01.png	963	Em
4672-235/4672-235-06-02-04.png	545	um
1680-069/1680-069-04-06-09.png	249	saúde
2113-063/2113-063-03-05-01.png	278	na
7336-038/7336-038-03-05-05.png	768	de
6439-029/6439-029-01-04-01.png	655	ta
6115-023/6115-023-03-07-06.png	635	com
8222-013/8222-013-01-07-09.png	905	do
8245-014/8245-014-01-06-05.png	913	no
4598-161/4598-161-03-02-17.png	528	foi
1759-023/1759-023-04-07-12.png	264	filme
7348-050/7348-050-04-05-03.png	780	que
4124-042/4124-042-02-06-14.png	461	com
4929-003/4929-003-02-04-16.png	594	onde
1215-022/1215-022-04-01-06.png	142	aos
4545-108/4545-108-03-09-04.png	515	seu
4775-020/4775-020-02-03-06.png	573	áreas
7270-072/7270-072-03-01-13.png	743	men-
4677-240/4677-240-03-07-13.png	547	qual
4743-306/4743-306-02-04-08.png	561	de
7154-095/7154-095-04-08-01.png	718	que
1677-066/1677-066-04-06-14.png	246	va-
4931-005/4931-005-02-05-02.png	596	ao
1663-052/1663-052-03-07-05.png	232	Logo
5262-009/5262-009-04-05-13.png	618	às
1659-048/1659-048-04-04-06.png	228	patrocinar
1646-035/1646-035-02-08-20.png	216	os
8121-023/8121-023-03-02-05.png	883	social
2121-071/2121-071-04-01-04.png	282	as
0990-016/0990-016-02-02-08.png	118	de
1732-021/1732-021-04-04-16.png	260	da
7981-035/7981-035-03-07-16.png	870	procurar
1492-037/1492-037-03-01-07.png	181	que
1490-035/1490-035-03-02-17.png	179	lazer
0514-014/0514-014-04-01-10.png	31	da
8483-077/8483-077-02-06-05.png	937	os
1425-029/1425-029-02-07-03.png	145	do
6912-019/6912-019-05-05-02.png	674	de
4292-005/4292-005-02-01-05.png	475	do
7873-049/7873-049-04-03-10.png	865	desafios
7348-050/7348-050-01-02-06.png	780	ao
7601-057/7601-057-02-03-16.png	810	pressupõe
7564-020/7564-020-03-07-14.png	792	de
8441-035/8441-035-01-01-11.png	921	na
4791-010/4791-010-02-03-12.png	579	dá
4856-021/4856-021-02-06-02.png	583	que
6139-010/6139-010-02-01-09.png	638	da
7012-025/7012-025-01-03-05.png	681	de
7867-043/7867-043-02-03-11.png	859	ótica
6110-018/6110-018-02-06-04.png	631	seu
3633-003/3633-003-02-02-02.png	405	de
7576-032/7576-032-03-07-07.png	798	setores
4786-005/4786-005-01-06-05.png	576	do
8483-077/8483-077-01-03-05.png	937	que
0765-026/0765-026-01-04-07.png	98	ou
0693-084/0693-084-04-02-11.png	89	na
4321-017/4321-017-05-03-01.png	487	deu
7791-023/7791-023-01-05-04.png	836	de
1766-030/1766-030-04-04-17.png	268	às
4847-012/4847-012-05-06-11.png	582	de
0578-025/0578-025-01-01-14.png	54	na
7556-012/7556-012-04-01-09.png	788	Municipais
6142-013/6142-013-02-07-18.png	640	que
7791-023/7791-023-03-01-10.png	836	sua
0705-096/0705-096-04-06-09.png	94	da
7859-035/7859-035-01-07-03.png	851	disinformação
4783-002/4783-002-01-02-02.png	575	de
0524-024/0524-024-04-07-07.png	36	de
1130-025/1130-025-03-08-05.png	135	de
3641-011/3641-011-01-01-12.png	410	de
0693-084/0693-084-04-05-12.png	89	da
3671-041/3671-041-03-02-10.png	423	no
3636-006/3636-006-01-03-10.png	406	por
0669-060/0669-060-01-06-01.png	80	do
1624-013/1624-013-01-04-09.png	194	problema
0669-060/0669-060-02-01-09.png	80	da
4518-081/4518-081-04-01-03.png	512	de
6690-040/6690-040-02-01-10.png	663	no
1646-035/1646-035-02-01-15.png	216	associado
8242-011/8242-011-03-03-13.png	910	com
4980-036/4980-036-03-07-12.png	602	que
4910-075/4910-075-03-03-02.png	589	da
4980-036/4980-036-03-05-04.png	602	de
7796-028/7796-028-04-06-06.png	840	as
5648-031/5648-031-02-01-06.png	621	com
2784-040/2784-040-04-08-07.png	379	as
6478-008/6478-008-02-04-12.png	657	Nessa
8749-037/8749-037-04-06-07.png	955	médio
7154-095/7154-095-02-03-12.png	718	que
1662-051/1662-051-01-04-07.png	231	Atualmente
4929-003/4929-003-04-01-09.png	594	da
7049-012/7049-012-03-06-20.png	687	tal
1629-018/1629-018-04-04-09.png	199	Ademais
7260-062/7260-062-03-02-08.png	735	isso
3649-019/3649-019-01-01-05.png	414	de
1492-037/1492-037-03-07-07.png	181	do
7868-044/7868-044-02-03-05.png	860	melhora
2341-048/2341-048-03-09-04.png	321	no
2245-045/2245-045-01-05-02.png	300	do
6144-015/6144-015-02-07-18.png	641	ao
7872-048/7872-048-01-01-11.png	864	do
2738-050/2738-050-02-02-01.png	371	burgueses
7336-038/7336-038-02-06-02.png	768	de
1684-073/1684-073-04-02-04.png	253	canpanhas
1682-071/1682-071-01-02-06.png	251	brasileiro
7145-086/7145-086-04-04-07.png	711	que
7984-038/7984-038-02-02-01.png	871	zação
4743-306/4743-306-02-04-19.png	561	ser
1684-073/1684-073-02-07-04.png	253	dos
0567-014/0567-014-03-03-19.png	47	do
7796-028/7796-028-03-07-14.png	840	que
8747-035/8747-035-01-02-11.png	954	de-
7613-069/7613-069-04-01-02.png	816	evidente
6392-017/6392-017-02-07-07.png	646	pelos
1215-022/1215-022-04-03-11.png	142	com
6906-013/6906-013-02-07-10.png	670	na
7159-100/7159-100-03-02-08.png	722	esse
7868-044/7868-044-01-04-13.png	860	holocausto
1669-058/1669-058-03-08-01.png	238	pessoas
2120-070/2120-070-01-02-22.png	281	pe-
2123-073/2123-073-03-03-04.png	284	de
1649-038/1649-038-03-04-09.png	219	que
0699-090/0699-090-04-06-03.png	92	da
1661-050/1661-050-02-04-12.png	230	aceitação
7873-049/7873-049-03-06-01.png	865	ansiedade
7702-068/7702-068-02-01-01.png	826	Em
1680-069/1680-069-01-02-09.png	249	Essa
7866-042/7866-042-02-08-02.png	858	mental
2119-069/2119-069-03-09-08.png	280	no
8759-047/8759-047-03-05-08.png	960	por
2489-032/2489-032-03-04-11.png	333	no
4856-021/4856-021-02-05-04.png	583	de
4931-005/4931-005-01-02-19.png	596	de
1638-027/1638-027-03-09-07.png	208	grandes
1642-031/1642-031-01-06-07.png	212	de
2970-013/2970-013-03-01-01.png	382	Outrossim
7613-069/7613-069-04-03-12.png	816	ampliaria
7158-099/7158-099-04-09-05.png	721	de
2334-041/2334-041-03-10-02.png	317	as
1441-045/1441-045-01-05-10.png	158	ao
0669-060/0669-060-04-01-14.png	80	são
8182-032/8182-032-02-07-10.png	899	são
0520-020/0520-020-04-03-14.png	34	de
0693-084/0693-084-04-06-15.png	89	sua
1485-030/1485-030-03-09-02.png	176	que
1656-045/1656-045-02-04-08.png	226	XX
6137-008/6137-008-02-08-01.png	637	não
4943-017/4943-017-04-04-12.png	601	ao
0554-001/0554-001-02-04-12.png	37	tal
2778-034/2778-034-02-03-05.png	376	de
0765-026/0765-026-03-01-01.png	98	Por
7872-048/7872-048-01-02-05.png	864	artigo
6144-015/6144-015-04-01-06.png	641	para
1659-048/1659-048-03-02-01.png	228	tos
4650-213/4650-213-03-06-08.png	540	por
1654-043/1654-043-03-05-05.png	224	naturalizado
1628-017/1628-017-02-01-07.png	198	incessante
7261-063/7261-063-04-01-04.png	736	da
6115-023/6115-023-03-02-10.png	635	para
4668-231/4668-231-04-03-19.png	543	fim
2613-030/2613-030-03-01-01.png	352	Outrossim
4791-010/4791-010-04-02-12.png	579	de
4412-090/4412-090-02-07-16.png	494	da
0226-018/0226-018-03-10-08.png	7	os
2610-027/2610-027-01-05-02.png	349	período
4765-010/4765-010-02-04-14.png	568	de
1650-039/1650-039-03-01-12.png	220	de
1643-032/1643-032-03-09-07.png	213	fora
5651-034/5651-034-02-05-08.png	624	do
8747-035/8747-035-03-03-07.png	954	sociólogo
7859-035/7859-035-02-02-08.png	851	Milton
7162-103/7162-103-02-08-12.png	725	de
4980-036/4980-036-01-03-10.png	602	na
0224-016/0224-016-04-04-02.png	6	de
7275-077/7275-077-02-02-09.png	748	da
4997-053/4997-053-01-09-02.png	615	de
0226-018/0226-018-02-05-18.png	7	ani-
7145-086/7145-086-03-05-14.png	711	pelo
2119-069/2119-069-03-03-13.png	280	na
2670-027/2670-027-02-06-02.png	366	da
1126-021/1126-021-01-07-09.png	131	do
6404-029/6404-029-01-02-04.png	652	às
7990-044/7990-044-04-06-09.png	873	hospitais
8185-035/8185-035-02-05-02.png	900	que
6142-013/6142-013-04-02-18.png	640	as
4124-042/4124-042-01-01-24.png	461	hodierno
4412-090/4412-090-01-03-12.png	494	de
8449-043/8449-043-03-08-04.png	924	de
4746-309/4746-309-04-08-10.png	563	de
1674-063/1674-063-02-06-05.png	243	em
7129-070/7129-070-03-08-02.png	695	um
2249-049/2249-049-02-06-13.png	304	pela
2610-027/2610-027-04-01-06.png	349	reverter
7796-028/7796-028-01-07-03.png	840	se
4623-186/4623-186-04-03-10.png	534	às
4743-306/4743-306-04-02-01.png	561	na
7613-069/7613-069-04-02-07.png	816	Governo
1638-027/1638-027-02-11-06.png	208	de
4845-010/4845-010-03-05-06.png	581	Em
5649-032/5649-032-03-03-03.png	622	de
5648-031/5648-031-02-01-09.png	621	de
7867-043/7867-043-01-04-04.png	859	estigma
8253-022/8253-022-02-05-06.png	917	auto
4294-007/4294-007-05-01-09.png	477	de
4313-009/4313-009-04-03-13.png	486	em
7132-073/7132-073-04-03-15.png	698	por
8182-032/8182-032-02-07-19.png	899	no
7795-027/7795-027-01-04-07.png	839	não
0639-030/0639-030-03-05-04.png	65	ao
7288-090/7288-090-01-02-10.png	761	no
7868-044/7868-044-02-02-01.png	860	Byung-chul
2186-043/2186-043-03-06-11.png	293	com
4611-174/4611-174-04-04-09.png	532	as
7134-075/7134-075-01-05-11.png	700	do
7135-076/7135-076-01-05-05.png	701	de
9306-009/9306-009-02-06-12.png	992	os
7613-069/7613-069-03-08-10.png	816	salas
9154-038/9154-038-02-03-12.png	975	se
1633-022/1633-022-02-06-08.png	203	na
1626-015/1626-015-02-05-14.png	196	eram
0518-018/0518-018-01-03-01.png	33	os
4424-102/4424-102-03-02-09.png	498	de
8896-023/8896-023-02-05-10.png	961	que
1604-043/1604-043-04-03-15.png	190	de
4356-034/4356-034-02-04-02.png	491	de
4783-002/4783-002-01-02-06.png	575	gera
7340-042/7340-042-02-02-01.png	772	tal
2670-027/2670-027-05-04-12.png	366	de
2369-076/2369-076-03-04-17.png	327	Essa
7869-045/7869-045-04-05-09.png	861	ressaltando
7867-043/7867-043-03-03-13.png	859	das
8453-047/8453-047-04-05-12.png	926	do
2613-030/2613-030-01-02-11.png	352	pela
1660-049/1660-049-04-03-08.png	229	da
1429-033/1429-033-04-01-11.png	147	do
0659-050/0659-050-03-07-15.png	75	dos
6913-020/6913-020-04-01-15.png	675	deve
7288-090/7288-090-03-04-08.png	761	que
8254-023/8254-023-02-06-13.png	918	do
1652-041/1652-041-02-08-11.png	222	levarem
8441-035/8441-035-03-05-13.png	921	de
7869-045/7869-045-02-04-15.png	861	fator
0641-032/0641-032-03-02-17.png	66	seu
7873-049/7873-049-01-06-11.png	865	sociais
7871-047/7871-047-03-02-01.png	863	perfeita
0997-023/0997-023-04-05-02.png	124	de
6115-023/6115-023-03-05-23.png	635	ao
4743-306/4743-306-03-03-08.png	561	os
5649-032/5649-032-03-05-05.png	622	que
4111-029/4111-029-02-06-17.png	448	com
8619-067/8619-067-03-01-11.png	948	que
0254-046/0254-046-03-06-04.png	21	na
0641-032/0641-032-03-03-06.png	66	redes
7564-020/7564-020-04-03-11.png	792	renda
1481-026/1481-026-01-04-04.png	172	de
7621-077/7621-077-04-02-02.png	820	precisa
6115-023/6115-023-03-05-01.png	635	tes
0657-048/0657-048-04-01-16.png	74	das
8517-011/8517-011-03-03-02.png	940	no
8902-029/8902-029-02-08-03.png	964	não
4677-240/4677-240-04-04-01.png	547	os
7876-052/7876-052-04-05-08.png	868	necessidade
0651-042/0651-042-02-07-17.png	71	es-
8253-022/8253-022-02-06-01.png	917	so
0997-023/0997-023-04-02-09.png	124	do
4934-008/4934-008-04-01-05.png	597	há
8179-029/8179-029-01-03-04.png	898	que
4766-011/4766-011-03-02-17.png	569	de
1652-041/1652-041-01-06-12.png	222	de
1651-040/1651-040-02-08-04.png	221	mentais
7145-086/7145-086-02-04-06.png	711	são
4488-051/4488-051-03-05-10.png	507	de
8757-045/8757-045-04-08-13.png	959	associado
4936-010/4936-010-03-03-09.png	598	para
6145-016/6145-016-04-07-09.png	642	de
7152-093/7152-093-02-01-07.png	716	que
8900-027/8900-027-03-08-02.png	963	as
1684-073/1684-073-02-03-02.png	253	ausência
0991-017/0991-017-01-03-07.png	119	em
7859-035/7859-035-01-01-02.png	851	uma
8900-027/8900-027-04-05-04.png	963	da
5823-021/5823-021-02-04-08.png	626	pela
7136-077/7136-077-03-07-20.png	702	Por
0415-013/0415-013-03-06-20.png	26	que
0260-052/0260-052-02-06-03.png	24	de
2782-038/2782-038-04-05-05.png	378	que
4791-010/4791-010-04-03-06.png	579	em
7014-027/7014-027-04-06-01.png	682	tes
9310-013/9310-013-04-05-02.png	995	dos
3632-002/3632-002-03-04-03.png	404	de
1659-048/1659-048-04-02-01.png	228	romper
8441-035/8441-035-01-05-03.png	921	em
7863-039/7863-039-03-01-07.png	855	de
8255-024/8255-024-01-06-03.png	919	da
3639-009/3639-009-04-01-05.png	409	de
4847-012/4847-012-04-02-08.png	582	ao
8749-037/8749-037-03-04-16.png	955	de
1729-018/1729-018-04-06-22.png	258	com
7867-043/7867-043-01-05-10.png	859	problemática
3652-022/3652-022-03-02-17.png	417	pe-
1684-073/1684-073-02-08-13.png	253	popularizem
0578-025/0578-025-03-06-10.png	54	do
7867-043/7867-043-02-08-09.png	859	acometido
7869-045/7869-045-04-01-16.png	861	mitigar
0433-031/0433-031-02-04-11.png	30	de
4247-016/4247-016-02-08-09.png	465	no
1757-021/1757-021-02-02-13.png	263	pouco
0701-092/0701-092-02-06-04.png	93	das
1495-040/1495-040-03-04-02.png	184	de
0258-050/0258-050-04-02-03.png	23	da
1663-052/1663-052-04-05-07.png	232	do
2505-048/2505-048-04-02-01.png	338	das
0997-023/0997-023-03-04-14.png	124	do
7135-076/7135-076-04-08-01.png	701	sil
0765-026/0765-026-04-04-12.png	98	de
7859-035/7859-035-01-04-06.png	851	locais
0641-032/0641-032-02-06-03.png	66	visão
7871-047/7871-047-02-03-10.png	863	segundo
0564-011/0564-011-04-08-18.png	44	ao
4754-317/4754-317-02-04-14.png	565	ob-
6110-018/6110-018-03-04-05.png	631	do
1469-014/1469-014-03-04-09.png	166	Com
4577-140/4577-140-04-01-09.png	523	faz
0647-038/0647-038-01-03-11.png	69	vez
4412-090/4412-090-03-04-18.png	494	mai-
6392-017/6392-017-03-07-14.png	646	por
1001-027/1001-027-04-01-03.png	126	que
7591-047/7591-047-03-07-02.png	805	para
6484-014/6484-014-04-01-10.png	660	de
6406-031/6406-031-02-02-12.png	653	de
1755-019/1755-019-02-07-02.png	261	pelo
4679-242/4679-242-01-03-03.png	548	de
1757-021/1757-021-03-01-18.png	263	impor-
3127-008/3127-008-01-06-03.png	394	na
4583-146/4583-146-03-03-05.png	524	do
1652-041/1652-041-02-09-04.png	222	tendem
0998-024/0998-024-01-03-04.png	125	no
1683-072/1683-072-02-01-02.png	252	desse
7702-068/7702-068-03-06-01.png	826	as
7046-009/7046-009-01-02-10.png	685	dos
1485-030/1485-030-02-04-01.png	176	não
3679-049/3679-049-03-04-02.png	430	as
1643-032/1643-032-03-08-02.png	213	para
4611-174/4611-174-04-02-10.png	532	de
1621-010/1621-010-03-05-08.png	191	que
1646-035/1646-035-04-03-01.png	216	ponsável
2977-020/2977-020-03-06-06.png	389	no
4720-283/4720-283-04-04-09.png	557	de
7288-090/7288-090-03-02-17.png	761	das
6906-013/6906-013-03-08-03.png	670	do
7978-032/7978-032-04-02-07.png	869	por
8757-045/8757-045-04-02-12.png	959	percebe-se
1626-015/1626-015-02-09-15.png	196	dessa
0651-042/0651-042-02-01-13.png	71	de
7174-115/7174-115-03-03-12.png	731	as
6113-021/6113-021-01-01-10.png	633	1º
1628-017/1628-017-02-10-10.png	198	pela
1726-015/1726-015-03-04-13.png	255	ao
1604-043/1604-043-03-03-07.png	190	que
0584-031/0584-031-04-04-15.png	57	de
2610-027/2610-027-01-07-02.png	349	Logo
4982-038/4982-038-04-06-14.png	604	de
1604-043/1604-043-02-06-11.png	190	dos
8463-057/8463-057-02-05-16.png	930	de
0669-060/0669-060-02-03-03.png	80	no
2784-040/2784-040-02-05-07.png	379	da
7158-099/7158-099-04-01-05.png	721	de
4773-018/4773-018-02-01-14.png	572	que
4574-137/4574-137-05-02-07.png	522	de
4980-036/4980-036-04-04-08.png	602	do
6112-020/6112-020-02-05-02.png	632	que
4936-010/4936-010-01-05-08.png	598	um
7876-052/7876-052-03-08-10.png	868	para
1432-036/1432-036-02-07-06.png	150	as
1492-037/1492-037-02-01-02.png	181	fato
6392-017/6392-017-04-03-05.png	646	aos
6912-019/6912-019-02-08-02.png	674	ou
1673-062/1673-062-02-07-05.png	242	assim
1757-021/1757-021-04-03-06.png	263	por
6390-015/6390-015-03-01-16.png	645	que
7867-043/7867-043-04-08-06.png	859	da
7556-012/7556-012-01-06-07.png	788	urbanos
9158-042/9158-042-01-01-16.png	976	do
0693-084/0693-084-02-08-17.png	89	as
0588-035/0588-035-03-03-01.png	59	da
1629-018/1629-018-03-02-11.png	199	maléficos
4124-042/4124-042-02-03-26.png	461	por
1652-041/1652-041-03-08-16.png	222	claro
7346-048/7346-048-04-05-15.png	778	meio
0693-084/0693-084-02-02-10.png	89	Tal
7867-043/7867-043-03-01-01.png	859	Outrossim
7152-093/7152-093-03-02-12.png	716	deve
4929-003/4929-003-04-05-03.png	594	toda
9207-040/9207-040-01-03-09.png	983	de
1621-010/1621-010-02-02-04.png	191	Constituição
2317-024/2317-024-03-05-07.png	307	ela
9310-013/9310-013-01-05-03.png	995	de
6800-085/6800-085-04-02-14.png	667	órgão
1660-049/1660-049-04-03-12.png	229	de
8186-036/8186-036-03-08-01.png	901	por
2970-013/2970-013-04-04-01.png	382	que
3669-039/3669-039-03-04-03.png	421	se
1661-050/1661-050-02-07-10.png	230	agravamento
1757-021/1757-021-04-05-06.png	263	vez
4111-029/4111-029-02-05-24.png	448	de
1661-050/1661-050-03-01-05.png	230	deturpardo
7868-044/7868-044-04-01-01.png	860	Em
1649-038/1649-038-04-04-01.png	219	de
7722-088/7722-088-03-03-02.png	830	de
0565-012/0565-012-02-04-12.png	45	que
3638-008/3638-008-01-06-06.png	408	ao
2738-050/2738-050-02-07-10.png	371	que
0645-036/0645-036-03-08-10.png	68	um
1627-016/1627-016-04-05-09.png	197	de
7131-072/7131-072-04-02-07.png	697	tal
1632-021/1632-021-02-02-06.png	202	de
6690-040/6690-040-01-05-04.png	663	faz
4743-306/4743-306-02-07-19.png	561	de
9207-040/9207-040-04-03-10.png	983	do
0516-016/0516-016-05-06-02.png	32	de
8757-045/8757-045-01-05-04.png	959	desinteresse
1476-021/1476-021-04-01-11.png	169	da
7613-069/7613-069-02-04-02.png	816	que
6390-015/6390-015-04-04-06.png	645	de
4299-012/4299-012-03-04-14.png	481	as
2513-056/2513-056-02-01-07.png	341	da
2497-040/2497-040-02-02-11.png	337	do
4583-146/4583-146-02-05-04.png	524	de
1448-052/1448-052-03-03-14.png	164	tal
1654-043/1654-043-03-06-11.png	224	serem
1630-019/1630-019-01-01-01.png	200	No
2970-013/2970-013-02-03-04.png	382	foram
2738-050/2738-050-03-06-16.png	371	um
0593-040/0593-040-02-08-04.png	63	de
2607-024/2607-024-02-07-07.png	346	social
6139-010/6139-010-03-03-04.png	638	do
7576-032/7576-032-01-02-13.png	798	tem
6911-018/6911-018-01-01-15.png	673	até
1476-021/1476-021-02-03-17.png	169	in-
4524-087/4524-087-05-03-12.png	513	As
7805-037/7805-037-03-02-08.png	846	de
1643-032/1643-032-04-02-11.png	213	os
0433-031/0433-031-04-06-10.png	30	da
7587-043/7587-043-04-02-09.png	803	os
1646-035/1646-035-03-01-04.png	216	análise
1627-016/1627-016-03-08-13.png	197	fa-
7564-020/7564-020-04-01-05.png	792	urgência
3127-008/3127-008-02-08-07.png	394	de
1469-014/1469-014-03-03-11.png	166	que
4536-099/4536-099-04-08-10.png	514	Por
2977-020/2977-020-03-07-07.png	389	explicar
9306-009/9306-009-02-05-05.png	992	da
8759-047/8759-047-03-02-04.png	960	Nesse
8245-014/8245-014-03-03-13.png	913	de
4598-161/4598-161-02-02-04.png	528	se
1726-015/1726-015-02-05-09.png	255	as
8517-011/8517-011-04-03-01.png	940	deve
2606-023/2606-023-02-08-07.png	345	da
7861-037/7861-037-02-10-12.png	853	associado
1759-023/1759-023-03-04-17.png	264	pois
9307-010/9307-010-03-02-02.png	993	de
0258-050/0258-050-02-09-02.png	23	de
7162-103/7162-103-03-03-11.png	725	se
1680-069/1680-069-03-05-15.png	249	mais
7338-040/7338-040-01-05-09.png	770	hoje
1662-051/1662-051-03-07-02.png	231	entendimento
1677-066/1677-066-02-02-05.png	246	respeito
3647-017/3647-017-02-06-03.png	412	de
0777-038/0777-038-03-06-01.png	103	Na
0565-012/0565-012-03-06-10.png	45	os
2605-022/2605-022-01-01-09.png	344	Boca
1622-011/1622-011-03-06-06.png	192	que
2129-079/2129-079-03-04-02.png	288	da
1429-033/1429-033-02-02-01.png	147	de
7981-035/7981-035-03-01-04.png	870	dos
4097-015/4097-015-03-03-15.png	436	já
4577-140/4577-140-04-06-10.png	523	se
7174-115/7174-115-01-02-07.png	731	Tal
8481-075/8481-075-01-05-02.png	936	na
1641-030/1641-030-04-04-13.png	211	fim
2970-013/2970-013-01-04-03.png	382	sabido
4412-090/4412-090-03-06-02.png	494	do
0252-044/0252-044-01-03-04.png	20	de
7861-037/7861-037-02-08-04.png	853	que
8443-037/8443-037-01-04-13.png	922	que
2784-040/2784-040-02-07-18.png	379	em
4783-002/4783-002-02-04-08.png	575	Sul
7867-043/7867-043-01-02-06.png	859	do
7164-105/7164-105-02-08-04.png	727	na
1663-052/1663-052-03-03-12.png	232	ser
1638-027/1638-027-03-05-09.png	208	do
8248-017/8248-017-01-01-05.png	915	13
2632-018/2632-018-02-07-04.png	353	Por
2513-056/2513-056-01-01-07.png	341	da
3672-042/3672-042-05-05-03.png	424	de
2613-030/2613-030-03-08-04.png	352	conseguinte
2772-028/2772-028-03-05-03.png	373	em
2249-049/2249-049-02-03-02.png	304	por
1490-035/1490-035-01-06-04.png	179	da
7170-111/7170-111-03-08-02.png	729	que
6112-020/6112-020-02-09-15.png	632	de
7046-009/7046-009-03-04-10.png	685	qual
6911-018/6911-018-03-05-15.png	673	con-
1669-058/1669-058-03-08-12.png	238	neces-
0415-013/0415-013-04-02-12.png	26	da
2610-027/2610-027-02-01-01.png	349	Em
6946-028/6946-028-04-05-08.png	680	por
1647-036/1647-036-02-03-08.png	217	de
7282-084/7282-084-04-02-08.png	755	da
8747-035/8747-035-02-09-13.png	954	doença
7286-088/7286-088-02-04-16.png	759	so-
2772-028/2772-028-04-03-04.png	373	no
8759-047/8759-047-02-01-10.png	960	que
7702-068/7702-068-03-02-03.png	826	do
7162-103/7162-103-02-09-01.png	725	tos
2673-030/2673-030-05-03-01.png	368	ções
4494-057/4494-057-02-06-13.png	509	de
0693-084/0693-084-04-05-14.png	89	sobre
7804-036/7804-036-02-03-16.png	845	qual
7722-088/7722-088-04-02-01.png	830	Para
1651-040/1651-040-04-03-07.png	221	federal
3670-040/3670-040-03-04-15.png	422	por
7046-009/7046-009-02-07-18.png	685	li-
1654-043/1654-043-04-03-12.png	224	os
2511-054/2511-054-04-03-01.png	340	al
7858-034/7858-034-04-01-06.png	850	sejam
1725-014/1725-014-04-04-05.png	254	das
7589-045/7589-045-04-01-05.png	804	contexto
0763-024/0763-024-01-03-04.png	97	se
7348-050/7348-050-03-04-03.png	780	da
1214-021/1214-021-02-08-13.png	141	os
2245-045/2245-045-02-06-02.png	300	que
1650-039/1650-039-03-05-16.png	220	atender
3670-040/3670-040-03-02-11.png	422	por
9199-032/9199-032-03-02-13.png	980	da
7157-098/7157-098-03-02-07.png	720	de
9158-042/9158-042-04-02-10.png	976	da
4766-011/4766-011-02-07-06.png	569	das
7556-012/7556-012-02-05-11.png	788	qual
8904-031/8904-031-01-01-16.png	965	a-
4424-102/4424-102-04-05-10.png	498	do
0659-050/0659-050-04-05-15.png	75	sua
1633-022/1633-022-04-02-08.png	203	visibilidade
4263-032/4263-032-03-03-05.png	469	de
0579-026/0579-026-02-04-13.png	55	de
0566-013/0566-013-02-02-08.png	46	as
7564-020/7564-020-03-05-04.png	792	engloba
7613-069/7613-069-02-01-11.png	816	casitalista
1650-039/1650-039-03-04-21.png	220	dos
7859-035/7859-035-01-05-02.png	851	estigmatização
1637-026/1637-026-03-03-05.png	207	em
1651-040/1651-040-03-06-09.png	221	capacidade
7336-038/7336-038-01-02-06.png	768	das
4293-006/4293-006-03-02-15.png	476	do
2784-040/2784-040-04-09-13.png	379	os
1726-015/1726-015-04-08-17.png	255	que
7135-076/7135-076-04-03-07.png	701	por
4856-021/4856-021-03-07-04.png	583	de
5823-021/5823-021-03-06-15.png	626	do
4524-087/4524-087-02-06-10.png	513	vez
0683-074/0683-074-04-07-03.png	85	no
5263-010/5263-010-03-04-13.png	619	da
7867-043/7867-043-02-06-15.png	859	jovens
6112-020/6112-020-02-02-14.png	632	de
1684-073/1684-073-01-02-02.png	253	infância
1652-041/1652-041-03-04-09.png	222	que
4482-045/4482-045-04-04-11.png	506	as
8517-011/8517-011-04-04-17.png	940	de
7871-047/7871-047-04-02-08.png	863	ser
3652-022/3652-022-03-08-09.png	417	não
7138-079/7138-079-02-09-04.png	704	não
7861-037/7861-037-01-03-10.png	853	que
4987-043/4987-043-04-10-04.png	607	de
8447-041/8447-041-02-02-01.png	923	às
1632-021/1632-021-03-06-07.png	202	sinal
7795-027/7795-027-01-03-14.png	839	que
1126-021/1126-021-04-02-10.png	131	da
0520-020/0520-020-04-05-12.png	34	que
7869-045/7869-045-03-03-11.png	861	Dimenstein
3672-042/3672-042-02-02-01.png	424	de
0649-040/0649-040-04-02-09.png	70	da
1621-010/1621-010-02-08-05.png	191	por
7049-012/7049-012-02-07-08.png	687	sua
4321-017/4321-017-04-02-09.png	487	dar
4448-011/4448-011-04-08-13.png	502	na
2485-028/2485-028-04-02-01.png	331	ter
0250-042/0250-042-01-06-01.png	19	os
5262-009/5262-009-05-06-14.png	618	da
4677-240/4677-240-04-02-02.png	547	da
1633-022/1633-022-03-02-03.png	203	após
7876-052/7876-052-04-05-01.png	868	finalidade
1646-035/1646-035-04-07-15.png	216	Adamastores
7875-051/7875-051-04-05-08.png	867	debates
7152-093/7152-093-04-05-13.png	716	por
2776-032/2776-032-04-01-09.png	375	em
4583-146/4583-146-05-04-14.png	524	pro-
8483-077/8483-077-01-03-14.png	937	do-
4929-003/4929-003-02-03-11.png	594	da
6110-018/6110-018-02-07-16.png	631	ao
2369-076/2369-076-03-06-05.png	327	as
1659-048/1659-048-02-04-03.png	228	que
7875-051/7875-051-02-06-10.png	867	população
6913-020/6913-020-01-05-08.png	675	da
7858-034/7858-034-01-04-11.png	850	enraizados
0647-038/0647-038-02-08-03.png	69	até
1682-071/1682-071-04-01-06.png	251	entraves
7798-030/7798-030-02-02-11.png	841	de
1469-014/1469-014-02-06-01.png	166	ta
7861-037/7861-037-03-05-10.png	853	desestimula
2248-048/2248-048-03-08-04.png	303	de
1123-018/1123-018-02-01-06.png	129	no
5263-010/5263-010-03-07-12.png	619	seu
1659-048/1659-048-04-02-10.png	228	Brasil
7556-012/7556-012-01-06-06.png	788	centros
7873-049/7873-049-03-05-07.png	865	mídia
8757-045/8757-045-03-02-16.png	959	os
8057-036/8057-036-03-03-12.png	877	uma
1622-011/1622-011-01-04-06.png	192	se
7863-039/7863-039-02-01-07.png	855	no
7798-030/7798-030-03-07-15.png	841	órgãos
7132-073/7132-073-04-05-06.png	698	dos
4299-012/4299-012-05-04-17.png	481	do
7601-057/7601-057-01-05-20.png	810	bem
1659-048/1659-048-03-08-10.png	228	corporações
1684-073/1684-073-03-05-02.png	253	que
0564-011/0564-011-04-05-13.png	44	do
0681-072/0681-072-03-05-08.png	84	de
1728-017/1728-017-04-06-10.png	257	de
0516-016/0516-016-04-04-08.png	32	Sob
8471-065/8471-065-03-02-07.png	933	às
8242-011/8242-011-04-03-16.png	910	tal
7045-008/7045-008-04-03-12.png	684	do
2491-034/2491-034-01-05-06.png	334	de
1215-022/1215-022-04-06-08.png	142	na
4689-252/4689-252-02-05-05.png	553	que
1682-071/1682-071-03-02-06.png	251	acordo
8243-012/8243-012-02-01-16.png	911	po
0520-020/0520-020-02-06-17.png	34	foi
1650-039/1650-039-02-03-15.png	220	realidade
2738-050/2738-050-03-02-13.png	371	dispensam
1215-022/1215-022-04-04-16.png	142	em
4247-016/4247-016-03-06-11.png	465	que
1490-035/1490-035-03-03-17.png	179	com
7872-048/7872-048-01-01-04.png	864	de
4299-012/4299-012-06-01-02.png	481	face
1447-051/1447-051-03-08-05.png	163	do
7861-037/7861-037-03-05-03.png	853	assola
1490-035/1490-035-02-03-12.png	179	de
2780-036/2780-036-04-08-01.png	377	bra
2970-013/2970-013-02-02-03.png	382	resultado
1659-048/1659-048-03-03-12.png	228	Redes
1726-015/1726-015-01-05-03.png	255	da
6115-023/6115-023-04-02-22.png	635	mé-
4296-009/4296-009-04-03-14.png	478	no
1654-043/1654-043-02-09-05.png	224	mas
3673-043/3673-043-02-06-01.png	425	de
4265-034/4265-034-03-05-17.png	470	que
3636-006/3636-006-04-07-04.png	406	de
7144-085/7144-085-01-02-13.png	710	de-
7288-090/7288-090-03-01-04.png	761	que
4536-099/4536-099-03-09-14.png	514	pré-
7873-049/7873-049-04-03-13.png	865	dia-a-dia
6406-031/6406-031-04-06-17.png	653	um
7869-045/7869-045-04-04-10.png	861	mental
7433-082/7433-082-04-01-03.png	785	dos
8517-011/8517-011-03-03-01.png	940	rado
0565-012/0565-012-03-03-07.png	45	do
1627-016/1627-016-03-05-03.png	197	que
0649-040/0649-040-03-07-14.png	70	se
1432-036/1432-036-02-02-02.png	150	de
7272-074/7272-074-04-07-11.png	745	de
1757-021/1757-021-02-04-08.png	263	épocas
4721-284/4721-284-04-03-08.png	558	os
0997-023/0997-023-03-05-07.png	124	das
5262-009/5262-009-04-06-20.png	618	sim
7864-040/7864-040-01-03-04.png	856	demonstra
7873-049/7873-049-04-03-05.png	865	com
4611-174/4611-174-04-01-06.png	532	que
3670-040/3670-040-01-01-05.png	422	na
1673-062/1673-062-03-06-11.png	242	de
7861-037/7861-037-02-06-03.png	853	tal
1626-015/1626-015-02-02-10.png	196	produção
2772-028/2772-028-04-07-12.png	373	que
7138-079/7138-079-04-05-04.png	704	de
8449-043/8449-043-01-04-13.png	924	de
1641-030/1641-030-02-05-04.png	211	de
1757-021/1757-021-02-01-09.png	263	do
4611-174/4611-174-03-01-08.png	532	na
9158-042/9158-042-03-05-12.png	976	de
8222-013/8222-013-02-05-01.png	905	que
8751-039/8751-039-01-01-11.png	956	às
7978-032/7978-032-04-01-07.png	869	Brasil
7873-049/7873-049-02-07-12.png	865	preconceitos
1621-010/1621-010-03-06-01.png	191	ciedade
6478-008/6478-008-02-06-03.png	657	de
1652-041/1652-041-03-04-06.png	222	familiares
4775-020/4775-020-02-04-08.png	573	aos
2497-040/2497-040-02-08-10.png	337	ajuda
1437-041/1437-041-01-01-02.png	155	filme
1621-010/1621-010-02-04-06.png	191	lhe
2738-050/2738-050-02-02-13.png	371	pa-
1431-035/1431-035-01-03-09.png	149	um
1641-030/1641-030-03-04-05.png	211	saúde
1673-062/1673-062-01-05-12.png	242	de
2344-051/2344-051-02-09-05.png	323	se
7162-103/7162-103-02-02-04.png	725	no
1136-031/1136-031-03-02-09.png	138	por
1656-045/1656-045-01-06-10.png	226	alimentação
1659-048/1659-048-04-01-14.png	228	privada
2632-018/2632-018-02-02-04.png	353	De
7862-038/7862-038-04-03-03.png	854	dos
7869-045/7869-045-02-05-06.png	861	público
7344-046/7344-046-02-03-13.png	776	às
2511-054/2511-054-02-01-01.png	340	De
6142-013/6142-013-02-05-18.png	640	is-
1650-039/1650-039-04-09-09.png	220	apenas
4408-086/4408-086-02-02-11.png	493	de
2346-053/2346-053-03-07-04.png	324	do
2606-023/2606-023-02-05-09.png	345	malignas
9134-018/9134-018-01-04-03.png	972	no
2607-024/2607-024-02-05-13.png	346	do
4985-041/4985-041-02-09-07.png	605	de
7286-088/7286-088-01-02-02.png	759	que
4791-010/4791-010-03-07-20.png	579	ao
7873-049/7873-049-01-02-13.png	865	memória
7156-097/7156-097-02-04-09.png	719	de
7867-043/7867-043-03-04-02.png	859	produtos
4354-032/4354-032-02-07-04.png	490	há
0584-031/0584-031-02-03-09.png	57	De
1650-039/1650-039-02-01-18.png	220	no
8453-047/8453-047-03-02-01.png	926	de
8120-022/8120-022-01-03-02.png	882	envolvidas
8747-035/8747-035-04-01-13.png	954	doenças
2613-030/2613-030-02-05-01.png	352	Logias
8057-036/8057-036-03-03-06.png	877	os
2776-032/2776-032-04-02-10.png	375	Tal
1627-016/1627-016-03-02-04.png	197	ao
1666-055/1666-055-04-03-10.png	235	públicas
8222-013/8222-013-03-03-07.png	905	com
2104-054/2104-054-03-01-01.png	270	Tem
1485-030/1485-030-04-03-04.png	176	os
7267-069/7267-069-01-01-09.png	740	da
7702-068/7702-068-04-01-06.png	826	que
1490-035/1490-035-04-03-02.png	179	de
6702-052/6702-052-04-02-09.png	665	de
0563-010/0563-010-02-11-07.png	43	do
7134-075/7134-075-02-05-03.png	700	há
0571-018/0571-018-04-03-16.png	49	da
4934-008/4934-008-02-06-17.png	597	além
8751-039/8751-039-02-05-16.png	956	de
1666-055/1666-055-03-04-14.png	235	ser
4773-018/4773-018-03-06-10.png	572	Já
3648-018/3648-018-03-04-12.png	413	de
2782-038/2782-038-03-05-06.png	378	de
1622-011/1622-011-01-02-13.png	192	um
7177-118/7177-118-02-05-06.png	733	de
2970-013/2970-013-04-02-14.png	382	democratização
2489-032/2489-032-02-02-10.png	333	50
7864-040/7864-040-02-02-15.png	856	justiça
5825-023/5825-023-05-07-06.png	628	de
7263-065/7263-065-04-03-06.png	737	aos
1650-039/1650-039-01-02-06.png	220	rejeitadas
8902-029/8902-029-04-03-02.png	964	de
1768-032/1768-032-02-05-15.png	269	de
7863-039/7863-039-01-02-04.png	855	ao
5824-022/5824-022-03-01-14.png	627	do
1660-049/1660-049-03-02-06.png	229	por
7862-038/7862-038-04-03-07.png	854	meio
1654-043/1654-043-02-08-05.png	224	felicidade
0254-046/0254-046-03-05-12.png	21	um
8447-041/8447-041-02-05-06.png	923	que
0563-010/0563-010-02-02-03.png	43	de
0574-021/0574-021-04-01-12.png	52	prol
4568-131/4568-131-02-07-14.png	520	na
3666-036/3666-036-01-01-10.png	419	do
4679-242/4679-242-03-06-16.png	548	que
6392-017/6392-017-01-02-05.png	646	dos
1128-023/1128-023-04-05-02.png	133	que
4620-183/4620-183-02-05-10.png	533	vez
1622-011/1622-011-03-01-08.png	192	de
8222-013/8222-013-04-04-04.png	905	ser
1481-026/1481-026-04-07-10.png	172	de
7807-039/7807-039-03-04-15.png	848	fic-
0574-021/0574-021-04-06-07.png	52	de
7864-040/7864-040-02-02-13.png	856	de
1441-045/1441-045-04-06-04.png	158	aos
2317-024/2317-024-05-03-11.png	307	um
1650-039/1650-039-04-04-20.png	220	vergonha
1629-018/1629-018-02-01-09.png	199	Simone
1449-053/1449-053-02-01-04.png	165	que
1661-050/1661-050-04-02-05.png	230	Saúde
1659-048/1659-048-02-04-09.png	228	da
4598-161/4598-161-03-04-03.png	528	os
2606-023/2606-023-01-04-12.png	345	es-
2607-024/2607-024-02-02-06.png	346	quem
7261-063/7261-063-04-03-05.png	736	da
4765-010/4765-010-04-06-10.png	568	para
7291-093/7291-093-03-04-12.png	763	da
3637-007/3637-007-04-05-01.png	407	ma
7286-088/7286-088-03-02-01.png	759	que
9140-024/9140-024-04-01-09.png	973	da
7144-085/7144-085-01-05-11.png	710	de
3670-040/3670-040-03-06-08.png	422	por
0224-016/0224-016-04-04-06.png	6	às
7601-057/7601-057-02-02-18.png	810	com
8191-041/8191-041-03-05-12.png	904	na
4265-034/4265-034-04-01-07.png	470	de
8451-045/8451-045-04-07-07.png	925	em
2104-054/2104-054-02-01-13.png	270	pela
1666-055/1666-055-02-01-04.png	235	observa-se
1134-029/1134-029-05-03-03.png	137	de
7798-030/7798-030-04-03-09.png	841	ao
1637-026/1637-026-03-06-03.png	207	pas
8121-023/8121-023-04-06-10.png	883	de
4773-018/4773-018-01-01-13.png	572	de
1485-030/1485-030-02-04-02.png	176	há
1129-024/1129-024-03-03-12.png	134	dos
2786-042/2786-042-02-02-05.png	380	do
1647-036/1647-036-01-04-05.png	217	país
7868-044/7868-044-03-02-11.png	860	problemática
8517-011/8517-011-02-06-12.png	940	gastos
8749-037/8749-037-03-03-02.png	955	as
3679-049/3679-049-04-01-12.png	430	com
1630-019/1630-019-02-09-02.png	200	nas
1684-073/1684-073-03-05-04.png	253	acesso
4518-081/4518-081-04-04-07.png	512	que
7556-012/7556-012-03-03-02.png	788	do
2505-048/2505-048-03-05-13.png	338	dos
0293-015/0293-015-01-02-05.png	25	de
0993-019/0993-019-01-07-03.png	121	os
1649-038/1649-038-03-05-11.png	219	de
4677-240/4677-240-02-06-09.png	547	não
3638-008/3638-008-03-06-13.png	408	de
4791-010/4791-010-01-04-08.png	579	que
4775-020/4775-020-03-01-11.png	573	arte
2245-045/2245-045-02-01-01.png	300	Em
2489-032/2489-032-02-07-09.png	333	de
4111-029/4111-029-04-02-19.png	448	da
7277-079/7277-079-01-01-01.png	750	No
8249-018/8249-018-04-03-17.png	916	men-
7871-047/7871-047-03-03-06.png	863	da
8751-039/8751-039-02-03-10.png	956	precário
1659-048/1659-048-04-02-09.png	228	no
8249-018/8249-018-04-01-02.png	916	em
1684-073/1684-073-03-06-14.png	253	uma
2108-058/2108-058-02-02-09.png	274	de
0520-020/0520-020-02-01-05.png	34	do
5824-022/5824-022-04-05-17.png	627	na
1632-021/1632-021-02-05-08.png	202	de
2606-023/2606-023-04-07-07.png	345	Holocausto
7433-082/7433-082-03-02-14.png	785	de
7134-075/7134-075-04-04-02.png	700	de
4998-054/4998-054-01-06-01.png	616	do
6394-019/6394-019-04-01-13.png	647	de
2780-036/2780-036-03-01-14.png	377	da
1666-055/1666-055-04-02-06.png	235	para
7981-035/7981-035-03-04-02.png	870	uma
7268-070/7268-070-02-02-04.png	741	De
2738-050/2738-050-02-08-04.png	371	movimentos
1729-018/1729-018-04-02-20.png	258	que
2634-020/2634-020-01-02-10.png	355	se
6907-014/6907-014-03-08-01.png	671	que
2246-046/2246-046-03-03-14.png	301	que
7867-043/7867-043-04-07-10.png	859	estigma
4292-005/4292-005-04-04-03.png	475	do
1437-041/1437-041-03-04-02.png	155	no
0657-048/0657-048-04-02-09.png	74	de
4289-002/4289-002-03-05-10.png	472	de
7589-045/7589-045-01-01-09.png	804	de
7795-027/7795-027-02-02-12.png	839	ser
7804-036/7804-036-03-04-04.png	845	que
6392-017/6392-017-04-03-17.png	646	cor-
7795-027/7795-027-03-02-17.png	839	aos
7014-027/7014-027-02-07-09.png	682	no
7981-035/7981-035-03-05-03.png	870	produzidas
2120-070/2120-070-02-07-08.png	281	Jin
7343-045/7343-045-04-06-19.png	775	das
8449-043/8449-043-01-01-01.png	924	No
4111-029/4111-029-03-01-14.png	448	segundo
0224-016/0224-016-04-03-09.png	6	que
4577-140/4577-140-03-08-08.png	523	dos
8463-057/8463-057-02-06-08.png	930	são
4677-240/4677-240-02-08-08.png	547	fontes
7267-069/7267-069-02-09-05.png	740	da
2129-079/2129-079-04-04-16.png	288	de
1729-018/1729-018-03-05-17.png	258	que
4463-026/4463-026-04-02-02.png	504	da
6800-085/6800-085-04-04-08.png	667	por
0520-020/0520-020-02-05-16.png	34	de
7867-043/7867-043-02-05-15.png	859	alunos
1728-017/1728-017-04-08-08.png	257	da
7862-038/7862-038-02-04-08.png	854	no
6907-014/6907-014-02-10-21.png	671	es-
1481-026/1481-026-02-08-06.png	172	que
1674-063/1674-063-01-06-03.png	243	Dessa
4524-087/4524-087-02-01-10.png	513	de
7866-042/7866-042-04-05-13.png	858	riscos
4488-051/4488-051-04-05-04.png	507	na
4321-017/4321-017-04-02-11.png	487	ao
6439-029/6439-029-02-01-07.png	655	do
7132-073/7132-073-02-02-07.png	698	no
7858-034/7858-034-02-04-06.png	850	pela
4934-008/4934-008-04-01-02.png	597	desse
7869-045/7869-045-04-06-04.png	861	mentais
1624-013/1624-013-04-07-08.png	194	minimizando
1641-030/1641-030-04-06-05.png	211	de
1755-019/1755-019-04-06-06.png	261	da
1663-052/1663-052-03-04-13.png	232	no
1490-035/1490-035-04-06-05.png	179	as
2246-046/2246-046-02-05-02.png	301	de
8517-011/8517-011-01-01-12.png	940	de
1481-026/1481-026-03-02-14.png	172	os
7129-070/7129-070-03-01-01.png	695	No
1659-048/1659-048-03-03-04.png	228	bem
4789-008/4789-008-02-01-08.png	577	os
3652-022/3652-022-02-06-01.png	417	la
8467-061/8467-061-04-04-05.png	931	da
1728-017/1728-017-04-03-06.png	257	Lei
7866-042/7866-042-02-06-05.png	858	traumáticas
4743-306/4743-306-04-02-16.png	561	da
8747-035/8747-035-02-04-06.png	954	que
0683-074/0683-074-04-05-09.png	85	do
8469-063/8469-063-04-04-14.png	932	com
2774-030/2774-030-03-08-02.png	374	de
8896-023/8896-023-02-07-03.png	961	com
1650-039/1650-039-03-01-13.png	220	uma
0258-050/0258-050-02-08-19.png	23	por
6392-017/6392-017-01-03-13.png	646	do
8121-023/8121-023-04-05-12.png	883	com
1643-032/1643-032-02-03-05.png	213	da
4766-011/4766-011-01-04-11.png	569	de
1624-013/1624-013-01-07-13.png	194	discussão
1474-019/1474-019-01-01-08.png	167	de
1684-073/1684-073-03-01-01.png	253	Além
8241-010/8241-010-04-05-16.png	909	pa-
2670-027/2670-027-03-03-10.png	366	nas
1683-072/1683-072-02-01-12.png	252	impas-
1659-048/1659-048-04-04-07.png	228	campanhas
3637-007/3637-007-03-08-19.png	407	dos
0651-042/0651-042-04-03-10.png	71	por
7162-103/7162-103-04-01-02.png	725	os
1448-052/1448-052-01-04-01.png	164	de
1629-018/1629-018-01-03-08.png	199	estigmatizada
8182-032/8182-032-03-01-12.png	899	do
0433-031/0433-031-02-05-10.png	30	Do
7556-012/7556-012-02-06-09.png	788	todos
7859-035/7859-035-01-02-08.png	851	classificados
4247-016/4247-016-02-01-09.png	465	do
7046-009/7046-009-02-01-13.png	685	no
7858-034/7858-034-04-02-03.png	850	de
1431-035/1431-035-02-07-12.png	149	sua
7591-047/7591-047-04-04-13.png	805	em
3632-002/3632-002-03-01-06.png	404	de
1632-021/1632-021-04-01-10.png	202	prejudicial
0647-038/0647-038-04-03-13.png	69	bem
4845-010/4845-010-03-07-10.png	581	que
4263-032/4263-032-04-02-04.png	469	nos
2607-024/2607-024-04-07-07.png	346	retratado
8242-011/8242-011-02-03-14.png	910	os
0765-026/0765-026-04-01-03.png	98	que
1673-062/1673-062-03-07-05.png	242	ótica
7282-084/7282-084-01-01-13.png	755	como
2970-013/2970-013-03-05-04.png	382	do
0991-017/0991-017-04-07-05.png	119	da
7589-045/7589-045-04-07-03.png	804	cinemas
7260-062/7260-062-02-07-03.png	735	dos
8619-067/8619-067-04-03-13.png	948	da
8757-045/8757-045-01-01-03.png	959	com
1768-032/1768-032-03-03-04.png	269	que
7864-040/7864-040-02-05-05.png	856	população
8621-069/8621-069-02-02-06.png	950	da
7265-067/7265-067-04-05-10.png	738	forma
7045-008/7045-008-04-02-13.png	684	em
4929-003/4929-003-02-07-12.png	594	pelo
3679-049/3679-049-03-05-04.png	430	de
1669-058/1669-058-01-06-05.png	238	constitucionais
7433-082/7433-082-04-03-15.png	785	isso
7993-047/7993-047-02-04-01.png	874	Consoante
7585-041/7585-041-02-01-03.png	802	pontuar
1766-030/1766-030-04-08-15.png	268	no
6390-015/6390-015-02-05-21.png	645	Dessa
0777-038/0777-038-03-11-07.png	103	da
1660-049/1660-049-01-06-01.png	229	descaso
2368-075/2368-075-03-02-08.png	326	ou
7291-093/7291-093-02-05-06.png	763	se
0641-032/0641-032-01-05-10.png	66	se
7164-105/7164-105-02-07-10.png	727	no
4653-216/4653-216-04-02-01.png	541	às
7859-035/7859-035-03-05-02.png	851	sobre
7869-045/7869-045-02-02-15.png	861	sujei-
8467-061/8467-061-02-01-11.png	931	se
7175-116/7175-116-02-02-14.png	732	sua
0238-030/0238-030-02-03-08.png	13	ter
1768-032/1768-032-01-03-06.png	269	pai
7291-093/7291-093-02-04-13.png	763	seu
7990-044/7990-044-04-02-04.png	873	mídia
0665-056/0665-056-04-05-10.png	78	pelo
8451-045/8451-045-01-03-06.png	925	da
7576-032/7576-032-02-06-15.png	798	possui
7138-079/7138-079-03-02-02.png	704	por
1647-036/1647-036-04-04-01.png	217	práticas
1680-069/1680-069-04-07-04.png	249	cidadãos
0252-044/0252-044-03-06-01.png	20	nas
8759-047/8759-047-04-03-03.png	960	que
8757-045/8757-045-03-03-10.png	959	luz
7163-104/7163-104-04-02-07.png	726	do
0252-044/0252-044-03-05-11.png	20	já
9201-034/9201-034-01-03-14.png	981	chega
7867-043/7867-043-01-02-05.png	859	protagonista
0560-007/0560-007-03-08-06.png	41	do
7134-075/7134-075-04-06-14.png	700	partir
0518-018/0518-018-03-05-10.png	33	já
2487-030/2487-030-03-06-15.png	332	is-
1663-052/1663-052-01-02-12.png	232	atualmente
1669-058/1669-058-04-04-16.png	238	con-
7272-074/7272-074-01-03-07.png	745	os
6390-015/6390-015-03-07-11.png	645	para
6484-014/6484-014-02-07-11.png	660	da
4598-161/4598-161-03-06-08.png	528	isso
9310-013/9310-013-04-07-02.png	995	ao
1626-015/1626-015-04-04-27.png	196	de-
2186-043/2186-043-03-02-03.png	293	pode
1654-043/1654-043-02-08-04.png	224	de
2515-058/2515-058-02-05-08.png	342	do
8191-041/8191-041-01-02-08.png	904	sua
4980-036/4980-036-01-03-04.png	602	de
2106-056/2106-056-02-04-18.png	272	por
5262-009/5262-009-04-06-13.png	618	de
1649-038/1649-038-02-04-06.png	219	interiorizar
7587-043/7587-043-03-03-10.png	803	de
8186-036/8186-036-01-04-04.png	901	de
1643-032/1643-032-03-08-05.png	213	deixando-o
5824-022/5824-022-04-07-02.png	627	na
4856-021/4856-021-03-09-16.png	583	de
1621-010/1621-010-01-01-10.png	191	Santos
8449-043/8449-043-03-05-04.png	924	Com
6484-014/6484-014-02-03-02.png	660	da
7265-067/7265-067-02-08-07.png	738	de
7293-095/7293-095-04-08-02.png	765	foi
4791-010/4791-010-01-02-12.png	579	que
1628-017/1628-017-04-02-17.png	198	redes
6404-029/6404-029-02-04-06.png	652	dos
1215-022/1215-022-02-08-02.png	142	Por
1651-040/1651-040-03-03-01.png	221	de
4767-012/4767-012-02-02-02.png	570	de
7798-030/7798-030-03-07-12.png	841	por
1643-032/1643-032-02-06-07.png	213	alta
4601-164/4601-164-03-08-04.png	529	se
1684-073/1684-073-04-01-03.png	253	para
1638-027/1638-027-03-07-09.png	208	mundo
7591-047/7591-047-04-03-08.png	805	Globo
1437-041/1437-041-04-01-10.png	155	da
1768-032/1768-032-03-03-03.png	269	de
1215-022/1215-022-02-01-17.png	142	con-
4488-051/4488-051-05-01-02.png	507	todo
2605-022/2605-022-04-03-07.png	344	seminários
6402-027/6402-027-01-01-10.png	651	do
8439-033/8439-033-02-06-14.png	920	dos
7293-095/7293-095-01-06-03.png	765	na
7278-080/7278-080-04-05-02.png	751	de
6137-008/6137-008-04-02-18.png	637	de
1647-036/1647-036-02-09-01.png	217	Logo
7277-079/7277-079-01-04-12.png	750	da
7867-043/7867-043-01-02-18.png	859	pelas
1660-049/1660-049-01-05-01.png	229	felizmente
0993-019/0993-019-02-04-19.png	121	ao
7692-058/7692-058-04-04-02.png	824	de
0260-052/0260-052-04-02-13.png	24	para
6439-029/6439-029-03-05-08.png	655	ao
8185-035/8185-035-02-07-05.png	900	pelo
1628-017/1628-017-04-02-07.png	198	Assim
7864-040/7864-040-01-05-04.png	856	doenças
0649-040/0649-040-03-02-01.png	70	do
8449-043/8449-043-02-05-02.png	924	da
1674-063/1674-063-04-02-02.png	243	condição
6478-008/6478-008-03-05-16.png	657	esse
1642-031/1642-031-01-06-02.png	212	qual
7601-057/7601-057-04-07-03.png	810	prerrogativas
7993-047/7993-047-02-05-21.png	874	agres-
1621-010/1621-010-02-01-16.png	191	no
7591-047/7591-047-01-04-03.png	805	brasileira
5824-022/5824-022-04-06-05.png	627	do
1659-048/1659-048-01-02-04.png	228	de
2977-020/2977-020-03-08-11.png	389	tráfico
0236-028/0236-028-03-05-06.png	12	os
7858-034/7858-034-04-07-03.png	850	saúde
8996-010/8996-010-02-08-01.png	966	ra
3670-040/3670-040-02-04-04.png	422	nos
0657-048/0657-048-02-07-09.png	74	por
7873-049/7873-049-02-04-07.png	865	retorno
7601-057/7601-057-03-07-11.png	810	Magna
1674-063/1674-063-04-02-03.png	243	de
2738-050/2738-050-02-02-06.png	371	na
4558-121/4558-121-05-02-03.png	518	fato
1604-043/1604-043-01-01-10.png	190	ao
1647-036/1647-036-03-06-17.png	217	um
4354-032/4354-032-02-04-09.png	490	na
7862-038/7862-038-03-01-09.png	854	nas
7724-090/7724-090-01-01-15.png	831	já
1732-021/1732-021-03-08-11.png	260	dos
8483-077/8483-077-02-04-15.png	937	nega-
4097-015/4097-015-04-03-01.png	436	psicológico
8751-039/8751-039-01-04-12.png	956	encontrar
0659-050/0659-050-03-04-16.png	75	da
0250-042/0250-042-04-06-02.png	19	do
9526-010/9526-010-04-08-06.png	999	de
1215-022/1215-022-02-04-07.png	142	vez
4790-009/4790-009-01-03-11.png	578	vez
4097-015/4097-015-04-03-02.png	436	especializado
0761-022/0761-022-04-05-03.png	96	de
7591-047/7591-047-03-05-12.png	805	indústria
0560-007/0560-007-02-09-12.png	41	que
6800-085/6800-085-03-03-01.png	667	cial
7601-057/7601-057-03-03-03.png	810	tecnológicos
7859-035/7859-035-03-05-11.png	851	núcleos
2183-040/2183-040-03-03-07.png	290	ou
1677-066/1677-066-03-04-06.png	246	de
1633-022/1633-022-03-06-01.png	203	coletiva
7576-032/7576-032-03-03-16.png	798	que
7868-044/7868-044-01-06-05.png	860	do
7290-092/7290-092-01-03-04.png	762	que
7424-073/7424-073-02-01-12.png	783	um
2337-044/2337-044-03-05-04.png	319	os
6144-015/6144-015-02-06-18.png	641	da
4930-004/4930-004-02-06-02.png	595	filmes
0254-046/0254-046-04-04-07.png	21	por
1633-022/1633-022-02-03-01.png	203	sivo
2252-052/2252-052-01-06-02.png	306	dos
1123-018/1123-018-01-08-08.png	129	do
4985-041/4985-041-03-07-14.png	605	SUS
7587-043/7587-043-02-02-10.png	803	do
1766-030/1766-030-03-06-14.png	268	de
8467-061/8467-061-02-01-07.png	931	que
8749-037/8749-037-04-04-02.png	955	suas
8904-031/8904-031-02-04-02.png	965	pode
8447-041/8447-041-02-06-02.png	923	que
2249-049/2249-049-03-05-12.png	304	em
7990-044/7990-044-02-03-05.png	873	De
7796-028/7796-028-03-04-02.png	840	vez
7785-017/7785-017-04-05-02.png	832	que
8463-057/8463-057-04-03-13.png	930	de
4235-004/4235-004-04-01-05.png	463	as
1755-019/1755-019-02-02-15.png	261	sul
8747-035/8747-035-01-02-02.png	954	psiquiatra
4791-010/4791-010-04-04-18.png	579	resolu-
1127-022/1127-022-04-08-01.png	132	gro
7136-077/7136-077-04-02-22.png	702	recém-
7984-038/7984-038-04-06-05.png	871	prática
1677-066/1677-066-03-04-07.png	246	as
0520-020/0520-020-05-03-07.png	34	se
8190-040/8190-040-02-03-05.png	903	da
7978-032/7978-032-01-04-10.png	869	no
2970-013/2970-013-03-05-13.png	382	lazer
2738-050/2738-050-02-01-11.png	371	XVIII
0586-033/0586-033-04-07-12.png	58	de
3671-041/3671-041-05-01-14.png	423	por
7858-034/7858-034-03-07-09.png	850	delas
7585-041/7585-041-03-01-05.png	802	os
7589-045/7589-045-04-09-12.png	804	Gilberto
7993-047/7993-047-02-02-15.png	874	que
0424-022/0424-022-03-04-10.png	28	da
4786-005/4786-005-02-04-10.png	576	as
2120-070/2120-070-04-02-04.png	281	Para
4789-008/4789-008-04-04-07.png	577	de
0593-040/0593-040-01-02-05.png	63	em
7141-082/7141-082-04-01-06.png	707	que
4111-029/4111-029-02-01-12.png	448	agrava
7993-047/7993-047-01-03-03.png	874	para
7873-049/7873-049-03-06-12.png	865	uma
1666-055/1666-055-02-02-05.png	235	psicanalista
1624-013/1624-013-02-06-08.png	194	já
8749-037/8749-037-03-05-15.png	955	opinião
2129-079/2129-079-02-01-10.png	288	ao
7978-032/7978-032-02-05-07.png	869	com
2184-041/2184-041-02-05-08.png	291	no
4775-020/4775-020-02-02-11.png	573	pela
1446-050/1446-050-03-04-08.png	162	de
2372-079/2372-079-01-02-01.png	328	na
9307-010/9307-010-03-03-11.png	993	que
2346-053/2346-053-03-06-09.png	324	le-
8463-057/8463-057-02-05-08.png	930	ou
8253-022/8253-022-01-02-07.png	917	ser
0641-032/0641-032-02-02-03.png	66	tal
2120-070/2120-070-04-01-18.png	281	esse
8902-029/8902-029-02-06-12.png	964	da
8521-015/8521-015-01-03-08.png	942	um
1646-035/1646-035-02-09-13.png	216	para
2335-042/2335-042-02-05-01.png	318	de
4448-011/4448-011-04-02-01.png	502	da
6144-015/6144-015-03-05-08.png	641	do
1633-022/1633-022-03-05-06.png	203	como
1646-035/1646-035-03-06-12.png	216	individual
0238-030/0238-030-02-01-10.png	13	do
1642-031/1642-031-01-02-07.png	212	essa
0236-028/0236-028-04-05-14.png	12	por
7134-075/7134-075-03-06-09.png	700	dos
4482-045/4482-045-01-01-03.png	506	as
7875-051/7875-051-03-05-02.png	867	ao
0524-024/0524-024-02-07-09.png	36	foi
0761-022/0761-022-02-09-13.png	96	da
7336-038/7336-038-03-07-05.png	768	ao
2120-070/2120-070-01-05-02.png	281	para
7795-027/7795-027-04-04-02.png	839	de
8751-039/8751-039-02-01-15.png	956	filósofo
4097-015/4097-015-04-01-10.png	436	evitar
1643-032/1643-032-04-03-04.png	213	comuns
1677-066/1677-066-02-02-15.png	246	mencionam-se
4294-007/4294-007-04-07-07.png	477	no
6145-016/6145-016-02-02-17.png	642	da
5263-010/5263-010-05-01-09.png	619	que
7867-043/7867-043-03-07-09.png	859	fracas
2246-046/2246-046-02-07-17.png	301	que
1123-018/1123-018-03-03-09.png	129	do
7875-051/7875-051-01-04-05.png	867	Pissel
6911-018/6911-018-03-05-14.png	673	por
8222-013/8222-013-02-02-16.png	905	seus
3670-040/3670-040-06-03-01.png	422	rém
1643-032/1643-032-03-08-11.png	213	como
0216-008/0216-008-03-05-09.png	2	para
2339-046/2339-046-05-04-05.png	320	um
4601-164/4601-164-04-03-10.png	529	da
0570-017/0570-017-03-04-02.png	48	no
1621-010/1621-010-02-05-01.png	191	tanto
8223-014/8223-014-02-08-04.png	906	dos
8439-033/8439-033-03-06-08.png	920	na
4247-016/4247-016-03-07-07.png	465	ser
2515-058/2515-058-04-03-08.png	342	por
8451-045/8451-045-04-06-09.png	925	do
1485-030/1485-030-01-02-06.png	176	vai
7439-088/7439-088-04-06-02.png	787	da
1649-038/1649-038-01-03-04.png	219	frequentemente
0681-072/0681-072-02-03-17.png	84	de
7791-023/7791-023-04-04-02.png	836	de
8469-063/8469-063-01-01-01.png	932	No
1649-038/1649-038-01-01-09.png	219	La
7437-086/7437-086-01-08-12.png	786	no
1646-035/1646-035-03-04-11.png	216	mais
1652-041/1652-041-01-01-03.png	222	associado
9201-034/9201-034-04-05-14.png	981	tais
7990-044/7990-044-01-05-04.png	873	persistem
4672-235/4672-235-06-02-01.png	545	úde
0218-010/0218-010-01-02-02.png	3	pela
7049-012/7049-012-03-05-12.png	687	os
1646-035/1646-035-03-07-07.png	216	afirmação
1646-035/1646-035-03-07-13.png	216	psico-
1662-051/1662-051-01-04-06.png	231	brasileira
1425-029/1425-029-02-04-01.png	145	por
8469-063/8469-063-03-02-14.png	932	ser
1630-019/1630-019-04-02-07.png	200	da
4791-010/4791-010-04-02-08.png	579	por
1632-021/1632-021-02-06-14.png	202	um
7869-045/7869-045-04-02-21.png	861	faça
8060-039/8060-039-02-07-03.png	878	que
7876-052/7876-052-02-04-07.png	868	de
6406-031/6406-031-03-02-01.png	653	no
1663-052/1663-052-03-06-01.png	232	acometidas
2505-048/2505-048-02-03-11.png	338	por
1643-032/1643-032-04-04-01.png	213	médico
8747-035/8747-035-02-07-08.png	954	felicidade
1682-071/1682-071-03-02-02.png	251	desse
4910-075/4910-075-05-02-02.png	589	de
6113-021/6113-021-04-02-16.png	633	do
8246-015/8246-015-01-04-15.png	914	essa
4448-011/4448-011-02-06-09.png	502	em
2977-020/2977-020-05-02-09.png	389	levará
2970-013/2970-013-02-02-06.png	382	prisma
1662-051/1662-051-03-01-01.png	231	Em
1485-030/1485-030-01-04-06.png	176	em
1663-052/1663-052-04-03-05.png	232	divulgação
7804-036/7804-036-02-02-18.png	845	ale-
7589-045/7589-045-03-02-04.png	804	1988
1643-032/1643-032-02-03-13.png	213	mental
0997-023/0997-023-02-04-11.png	124	aos
7859-035/7859-035-03-05-01.png	851	debate
1624-013/1624-013-01-06-16.png	194	tratamento
7014-027/7014-027-01-03-13.png	682	às
0244-036/0244-036-03-06-01.png	16	centralização
6144-015/6144-015-03-06-14.png	641	os
7132-073/7132-073-02-07-13.png	698	do
7785-017/7785-017-02-04-09.png	832	dos
1627-016/1627-016-04-04-08.png	197	esses
4929-003/4929-003-04-01-11.png	594	de
1625-014/1625-014-02-05-11.png	195	que
7601-057/7601-057-04-06-13.png	810	em
7283-085/7283-085-01-03-12.png	756	se
7993-047/7993-047-03-02-06.png	874	um
1682-071/1682-071-04-03-13.png	251	de
4293-006/4293-006-02-03-14.png	476	Diver-
4718-281/4718-281-03-06-09.png	556	há
7284-086/7284-086-04-01-04.png	757	da
8749-037/8749-037-04-05-14.png	955	mental
8619-067/8619-067-01-03-13.png	948	tal
0641-032/0641-032-02-04-16.png	66	de
4928-002/4928-002-01-02-05.png	593	de
7601-057/7601-057-01-02-04.png	810	do
3650-020/3650-020-03-06-11.png	415	de
7868-044/7868-044-02-07-05.png	860	por
3671-041/3671-041-03-06-02.png	423	por
4763-008/4763-008-03-06-13.png	567	fo-
7876-052/7876-052-03-06-11.png	868	isolando
3652-022/3652-022-04-06-04.png	417	ao
7576-032/7576-032-03-06-18.png	798	ci-
1448-052/1448-052-02-07-08.png	164	dos
1641-030/1641-030-03-02-18.png	211	garan-
1651-040/1651-040-01-03-13.png	221	XIX
7564-020/7564-020-02-06-12.png	792	forma
1629-018/1629-018-03-02-09.png	199	excessos
7585-041/7585-041-03-06-11.png	802	do
2337-044/2337-044-03-12-07.png	319	de
7601-057/7601-057-03-01-07.png	810	os
2772-028/2772-028-05-05-14.png	373	ao
0641-032/0641-032-04-01-07.png	66	que
4296-009/4296-009-03-07-05.png	478	ao
0572-019/0572-019-01-01-01.png	50	Em
7871-047/7871-047-03-05-11.png	863	detri-
7876-052/7876-052-02-05-02.png	868	nessa
7993-047/7993-047-04-02-06.png	874	superar
1677-066/1677-066-03-01-02.png	246	convém
2129-079/2129-079-03-02-14.png	288	boa
4740-303/4740-303-04-05-09.png	560	em
1632-021/1632-021-04-02-09.png	202	forma
1651-040/1651-040-03-04-14.png	221	psicólogos
2487-030/2487-030-02-05-13.png	332	os
6144-015/6144-015-03-02-04.png	641	esse
7978-032/7978-032-02-01-09.png	869	tipo
1632-021/1632-021-03-03-12.png	202	sobre
5651-034/5651-034-03-03-05.png	624	na
1673-062/1673-062-04-04-09.png	242	de
7866-042/7866-042-02-04-04.png	858	mental
1650-039/1650-039-04-01-04.png	220	necessidade
2784-040/2784-040-03-03-07.png	379	do
4611-174/4611-174-05-02-13.png	532	de
1481-026/1481-026-03-04-10.png	172	Era
7272-074/7272-074-01-03-15.png	745	seus
2977-020/2977-020-03-01-07.png	389	país
7049-012/7049-012-03-04-02.png	687	tal
7045-008/7045-008-02-04-12.png	684	dos
4643-206/4643-206-04-05-07.png	538	de
6144-015/6144-015-03-01-04.png	641	vale
1660-049/1660-049-04-04-12.png	229	da
8057-036/8057-036-02-09-04.png	877	das
0555-002/0555-002-04-04-17.png	38	que
1674-063/1674-063-02-05-02.png	243	em
0572-019/0572-019-03-07-03.png	50	que
4943-017/4943-017-04-08-05.png	601	do
6144-015/6144-015-02-07-21.png	641	dos
2607-024/2607-024-02-02-03.png	346	de
1489-034/1489-034-04-05-17.png	178	aces-
7873-049/7873-049-04-04-18.png	865	profissionais
1732-021/1732-021-04-05-02.png	260	de
7288-090/7288-090-02-03-09.png	761	os
9154-038/9154-038-03-04-06.png	975	Em
7722-088/7722-088-03-07-04.png	830	de
0578-025/0578-025-04-02-09.png	54	ser
8749-037/8749-037-03-06-10.png	955	negativamente
2639-025/2639-025-04-06-08.png	360	de
7981-035/7981-035-04-05-02.png	870	Saúde
5826-024/5826-024-03-01-05.png	629	são
4775-020/4775-020-01-06-08.png	573	apesar
1673-062/1673-062-02-07-03.png	242	ódio
1622-011/1622-011-02-05-12.png	192	do
0665-056/0665-056-04-05-13.png	78	de
7871-047/7871-047-04-06-03.png	863	cabe
7266-068/7266-068-02-01-03.png	739	em
3673-043/3673-043-04-03-11.png	425	na
7981-035/7981-035-02-03-09.png	870	tinha
4265-034/4265-034-03-04-13.png	470	126
7152-093/7152-093-02-02-12.png	716	da
4097-015/4097-015-01-02-10.png	436	seu
1729-018/1729-018-04-02-12.png	258	do
2606-023/2606-023-03-04-08.png	345	Interno
0234-026/0234-026-01-03-07.png	11	de
6408-033/6408-033-04-04-11.png	654	do
7140-081/7140-081-02-02-11.png	706	de
6408-033/6408-033-04-03-10.png	654	meio
1627-016/1627-016-01-02-03.png	197	dos
6406-031/6406-031-04-04-12.png	653	da
7871-047/7871-047-03-04-03.png	863	está
4845-010/4845-010-04-07-09.png	581	de
4354-032/4354-032-05-04-13.png	490	de
2738-050/2738-050-04-05-10.png	371	alunos
2249-049/2249-049-04-07-15.png	304	em
7863-039/7863-039-01-02-08.png	855	da
1728-017/1728-017-03-06-03.png	257	de
7978-032/7978-032-02-03-03.png	869	na
8057-036/8057-036-04-04-01.png	877	lizar
1656-045/1656-045-02-03-06.png	226	gama
7154-095/7154-095-03-05-08.png	718	no
0244-036/0244-036-01-05-08.png	16	seja
0252-044/0252-044-01-02-18.png	20	uma
8441-035/8441-035-01-02-09.png	921	da
7131-072/7131-072-04-03-14.png	697	fim
8254-023/8254-023-04-01-20.png	918	popu-
3638-008/3638-008-01-05-02.png	408	em
3641-011/3641-011-03-08-12.png	410	foi
1755-019/1755-019-03-01-05.png	261	as
0250-042/0250-042-01-06-03.png	19	de
2632-018/2632-018-03-06-15.png	353	Em
2248-048/2248-048-02-03-06.png	303	Tal
0761-022/0761-022-05-02-12.png	96	em
7868-044/7868-044-02-03-16.png	860	su-
1649-038/1649-038-03-01-10.png	219	sociedade
3669-039/3669-039-04-04-11.png	421	de
7288-090/7288-090-04-05-01.png	761	Além
2485-028/2485-028-03-04-06.png	331	do
1651-040/1651-040-02-09-02.png	221	que
7132-073/7132-073-04-07-04.png	698	no
1646-035/1646-035-03-04-04.png	216	mental
1660-049/1660-049-01-02-12.png	229	história
1431-035/1431-035-04-02-10.png	149	os
7867-043/7867-043-02-10-14.png	859	no
0995-021/0995-021-01-02-05.png	123	de
2515-058/2515-058-04-07-01.png	342	vel
4427-105/4427-105-03-04-03.png	499	quais
0571-018/0571-018-02-03-05.png	49	pois
1627-016/1627-016-02-02-10.png	197	de
7433-082/7433-082-04-01-14.png	785	de
2252-052/2252-052-02-05-08.png	306	de
1650-039/1650-039-04-08-07.png	220	de
7987-041/7987-041-04-05-03.png	872	Essa
8516-010/8516-010-03-06-10.png	939	na
1646-035/1646-035-02-06-02.png	216	Kant
2607-024/2607-024-03-06-11.png	346	equilíbrio
6402-027/6402-027-03-06-06.png	651	Por
7872-048/7872-048-03-02-08.png	864	de
7872-048/7872-048-02-03-10.png	864	Jean-Jacques
8751-039/8751-039-03-06-04.png	956	psíquica
3652-022/3652-022-02-02-19.png	417	de
0659-050/0659-050-04-01-09.png	75	os
4294-007/4294-007-05-04-14.png	477	em
8254-023/8254-023-02-04-10.png	918	seu
2374-081/2374-081-02-07-06.png	329	um
4299-012/4299-012-02-03-02.png	481	ao
4936-010/4936-010-01-02-05.png	598	pelo
6145-016/6145-016-01-05-19.png	642	do
2129-079/2129-079-01-04-08.png	288	de
2607-024/2607-024-03-05-07.png	346	aos
0571-018/0571-018-04-03-08.png	49	por
4673-236/4673-236-01-02-14.png	546	das
0586-033/0586-033-03-02-06.png	58	luta
1498-043/1498-043-04-05-04.png	186	no
0583-030/0583-030-02-04-08.png	56	tal
7263-065/7263-065-04-03-09.png	737	por
4740-303/4740-303-02-07-04.png	560	do
7589-045/7589-045-02-05-15.png	804	vezes
2606-023/2606-023-02-08-08.png	345	população
1123-018/1123-018-01-09-16.png	129	do
7876-052/7876-052-04-06-04.png	868	de
1663-052/1663-052-03-06-04.png	232	como
1123-018/1123-018-01-05-14.png	129	para
2109-059/2109-059-04-02-12.png	275	ações
1003-029/1003-029-02-06-09.png	128	nos
7344-046/7344-046-01-05-13.png	776	que
1637-026/1637-026-03-05-08.png	207	de
1641-030/1641-030-04-04-05.png	211	que
1429-033/1429-033-03-06-11.png	147	os
3669-039/3669-039-05-02-04.png	421	da
8182-032/8182-032-01-06-11.png	899	de
4791-010/4791-010-03-07-19.png	579	arte
1129-024/1129-024-03-04-09.png	134	fato
7722-088/7722-088-03-04-01.png	830	ma
7601-057/7601-057-04-08-03.png	810	benefícios
0641-032/0641-032-03-05-04.png	66	pelas
1669-058/1669-058-03-01-07.png	238	incontestáveis
1660-049/1660-049-02-02-08.png	229	às
4352-030/4352-030-04-06-09.png	489	que
7990-044/7990-044-03-03-05.png	873	Maquiavel
2606-023/2606-023-03-07-09.png	345	assistência
4488-051/4488-051-02-09-12.png	507	de
7129-070/7129-070-03-09-07.png	695	do
4235-004/4235-004-02-05-08.png	463	que
0705-096/0705-096-03-06-02.png	94	por
4677-240/4677-240-03-07-10.png	547	com
2123-073/2123-073-01-03-12.png	284	de
8182-032/8182-032-04-04-02.png	899	foco
2970-013/2970-013-02-01-07.png	382	cinematográfica
0993-019/0993-019-03-03-10.png	121	pobre
2607-024/2607-024-04-03-03.png	346	enferma
0665-056/0665-056-02-03-06.png	78	de
2738-050/2738-050-03-08-07.png	371	com
4545-108/4545-108-04-02-01.png	515	pela
2610-027/2610-027-04-05-07.png	349	importantes
7981-035/7981-035-03-05-06.png	870	fazem
7048-011/7048-011-02-07-15.png	686	20
7981-035/7981-035-02-03-15.png	870	qua-
2249-049/2249-049-01-02-04.png	304	que
6406-031/6406-031-04-02-14.png	653	da
1677-066/1677-066-04-02-12.png	246	delegada
6800-085/6800-085-02-05-08.png	667	do
0234-026/0234-026-03-03-13.png	11	com
7131-072/7131-072-02-01-15.png	697	haja
7045-008/7045-008-04-06-14.png	684	zona
4718-281/4718-281-04-05-08.png	556	tais
8182-032/8182-032-02-01-14.png	899	no
8904-031/8904-031-04-08-13.png	965	tal
0252-044/0252-044-01-04-02.png	20	do
1674-063/1674-063-01-03-06.png	243	brasileiros
2670-027/2670-027-05-06-12.png	366	do
4934-008/4934-008-02-03-08.png	597	de
4424-102/4424-102-04-03-08.png	498	da
6390-015/6390-015-02-05-18.png	645	longo
0560-007/0560-007-01-05-16.png	41	da
7282-084/7282-084-04-02-16.png	755	para
6113-021/6113-021-02-06-17.png	633	de
4677-240/4677-240-04-04-12.png	547	por
2786-042/2786-042-04-02-12.png	380	de
5822-020/5822-020-03-01-01.png	625	Primeiramente
6478-008/6478-008-03-06-05.png	657	age
7875-051/7875-051-01-04-13.png	867	Com
2249-049/2249-049-04-03-15.png	304	os
4571-134/4571-134-04-05-11.png	521	de
2106-056/2106-056-01-05-09.png	272	isso
7136-077/7136-077-02-05-09.png	702	de
4790-009/4790-009-04-08-01.png	578	se
8255-024/8255-024-04-07-09.png	919	que
5822-020/5822-020-03-05-14.png	625	no
6394-019/6394-019-03-01-08.png	647	alto
0574-021/0574-021-03-03-13.png	52	se
7282-084/7282-084-03-04-10.png	755	com
2335-042/2335-042-05-02-04.png	318	luz
7862-038/7862-038-02-07-08.png	854	Desse
7576-032/7576-032-04-04-16.png	798	entre
8747-035/8747-035-04-04-09.png	954	falem
7591-047/7591-047-04-01-01.png	805	Torna-se
0573-020/0573-020-02-08-03.png	51	ou
4601-164/4601-164-03-06-02.png	529	vez
4299-012/4299-012-03-03-12.png	481	no
2183-040/2183-040-04-02-13.png	290	de
0560-007/0560-007-02-03-17.png	41	modo
1673-062/1673-062-03-04-03.png	242	às
7873-049/7873-049-01-05-07.png	865	fica
7981-035/7981-035-02-08-08.png	870	aspecto
7589-045/7589-045-03-03-15.png	804	u-
0649-040/0649-040-01-02-02.png	70	Ao
8185-035/8185-035-01-05-11.png	900	do
0564-011/0564-011-02-08-04.png	44	da
1637-026/1637-026-03-04-03.png	207	diante
7795-027/7795-027-04-07-16.png	839	de
7858-034/7858-034-03-04-08.png	850	social
1625-014/1625-014-01-06-09.png	195	possivelmente
3682-052/3682-052-04-03-05.png	433	de
7132-073/7132-073-01-07-09.png	698	de
8225-016/8225-016-04-03-10.png	908	os
0993-019/0993-019-01-02-06.png	121	dos
4786-005/4786-005-02-01-10.png	576	de
7135-076/7135-076-04-04-15.png	701	de
7987-041/7987-041-01-03-16.png	872	es-
2183-040/2183-040-03-06-01.png	290	cia
7425-074/7425-074-02-02-13.png	784	óp-
7275-077/7275-077-02-09-14.png	748	ma-
0669-060/0669-060-03-03-14.png	80	Essa
4783-002/4783-002-01-03-09.png	575	ser
8902-029/8902-029-03-03-01.png	964	que
1641-030/1641-030-01-05-11.png	211	sejam
7785-017/7785-017-02-06-16.png	832	de
1662-051/1662-051-03-05-05.png	231	teórico
7267-069/7267-069-03-04-11.png	740	os
1683-072/1683-072-01-01-03.png	252	de
4111-029/4111-029-03-04-11.png	448	elevação
3636-006/3636-006-04-02-08.png	406	essa
4980-036/4980-036-03-02-04.png	602	por
7045-008/7045-008-03-02-02.png	684	do
9140-024/9140-024-04-08-13.png	973	do
7798-030/7798-030-01-05-21.png	841	são
8439-033/8439-033-01-05-15.png	920	por
3636-006/3636-006-03-02-14.png	406	de
2970-013/2970-013-02-07-06.png	382	sociedade
7152-093/7152-093-02-01-01.png	716	Em
1427-031/1427-031-02-01-10.png	146	aos
2104-054/2104-054-02-07-01.png	270	um
1651-040/1651-040-04-03-08.png	221	associado
3639-009/3639-009-03-03-07.png	409	ao
1680-069/1680-069-02-08-04.png	249	de
7871-047/7871-047-03-07-13.png	863	alarmante
4743-306/4743-306-02-02-17.png	561	Han
8120-022/8120-022-01-03-10.png	882	Brasil
0252-044/0252-044-02-01-08.png	20	que
7275-077/7275-077-03-05-15.png	748	ou
1622-011/1622-011-04-02-13.png	192	perspe-
7858-034/7858-034-04-07-02.png	850	de
1654-043/1654-043-04-03-03.png	224	transtornos
0659-050/0659-050-03-06-04.png	75	de
2639-025/2639-025-02-02-09.png	360	de
4577-140/4577-140-03-08-02.png	523	da
4611-174/4611-174-04-09-11.png	532	as
7424-073/7424-073-01-05-06.png	783	das
4289-002/4289-002-03-04-06.png	472	de
7589-045/7589-045-01-04-07.png	804	se
1666-055/1666-055-02-01-01.png	235	Em
2112-062/2112-062-02-03-06.png	277	que
4936-010/4936-010-02-04-10.png	598	com
1768-032/1768-032-03-05-03.png	269	de
7866-042/7866-042-01-01-02.png	858	apenas
4545-108/4545-108-05-03-10.png	515	um
6406-031/6406-031-01-03-02.png	653	ao
7277-079/7277-079-02-03-12.png	750	no
0586-033/0586-033-04-04-01.png	58	do
1677-066/1677-066-04-06-10.png	246	executar
7346-048/7346-048-02-04-01.png	778	no
0573-020/0573-020-02-09-07.png	51	de
7867-043/7867-043-03-04-11.png	859	ao
1666-055/1666-055-02-07-08.png	235	onde
0701-092/0701-092-02-02-08.png	93	de
1476-021/1476-021-04-02-16.png	169	de
1759-023/1759-023-04-02-19.png	264	da
1627-016/1627-016-03-09-03.png	197	vítimas
1130-025/1130-025-03-03-08.png	135	de
7288-090/7288-090-02-02-09.png	761	tal
4354-032/4354-032-05-03-02.png	490	os
6115-023/6115-023-03-03-16.png	635	que
2104-054/2104-054-04-05-10.png	270	luta
2666-023/2666-023-03-04-04.png	363	ao
0524-024/0524-024-02-07-08.png	36	já
4673-236/4673-236-02-05-14.png	546	só
4930-004/4930-004-01-01-17.png	595	pre-
2782-038/2782-038-02-08-11.png	378	dos
8249-018/8249-018-03-07-02.png	916	entre
5822-020/5822-020-05-03-12.png	625	são
8186-036/8186-036-04-04-03.png	901	ou
1215-022/1215-022-04-06-02.png	142	da
1725-014/1725-014-02-03-09.png	254	em
4124-042/4124-042-03-01-10.png	461	informação
7993-047/7993-047-03-07-03.png	874	redes
8057-036/8057-036-03-02-14.png	877	do
4097-015/4097-015-03-05-05.png	436	na
7338-040/7338-040-02-05-01.png	770	te
1669-058/1669-058-03-02-09.png	238	na
2738-050/2738-050-03-01-05.png	371	estigma
1632-021/1632-021-03-02-02.png	202	Freud
8759-047/8759-047-02-01-11.png	960	contribui
7799-031/7799-031-02-02-05.png	842	no
0639-030/0639-030-01-05-03.png	65	das
4601-164/4601-164-03-04-13.png	529	as
7863-039/7863-039-04-05-11.png	855	especialmente
7858-034/7858-034-02-07-13.png	850	forma
7343-045/7343-045-03-08-17.png	775	ra-
1660-049/1660-049-01-05-04.png	229	sobre
7164-105/7164-105-02-01-04.png	727	trem
1444-048/1444-048-01-02-14.png	160	da
1651-040/1651-040-01-05-14.png	221	ansie-
7175-116/7175-116-01-02-04.png	732	Franz
7587-043/7587-043-01-04-09.png	803	do
4740-303/4740-303-03-07-11.png	560	da
2970-013/2970-013-02-09-07.png	382	cinema
7341-043/7341-043-04-03-16.png	773	de
1650-039/1650-039-02-08-15.png	220	de
1627-016/1627-016-03-02-06.png	197	associado
7613-069/7613-069-03-07-10.png	816	maneira
8749-037/8749-037-01-03-08.png	955	quanto
2375-082/2375-082-03-03-08.png	330	de
4097-015/4097-015-03-05-13.png	436	evidente
1625-014/1625-014-04-09-09.png	195	se
7268-070/7268-070-02-04-01.png	741	falas
8254-023/8254-023-02-01-01.png	918	Em
0428-026/0428-026-01-10-18.png	29	seu
4408-086/4408-086-03-05-10.png	493	um
4681-244/4681-244-02-03-01.png	549	de
0657-048/0657-048-04-06-15.png	74	for-
1663-052/1663-052-02-01-06.png	232	análise
9310-013/9310-013-02-01-04.png	995	um
1643-032/1643-032-04-03-06.png	213	sociedade
7012-025/7012-025-03-08-03.png	681	esta
7867-043/7867-043-02-01-14.png	859	preconceito
8757-045/8757-045-01-07-09.png	959	das
7134-075/7134-075-03-03-16.png	700	cha-
0701-092/0701-092-02-09-02.png	93	de
7271-073/7271-073-04-02-12.png	744	as
2369-076/2369-076-04-04-10.png	327	de
8751-039/8751-039-03-05-07.png	956	tratando
7346-048/7346-048-02-03-02.png	778	na
8757-045/8757-045-02-04-20.png	959	que
1641-030/1641-030-01-04-10.png	211	preconceito
4296-009/4296-009-03-11-04.png	478	os
7157-098/7157-098-03-05-04.png	720	de
1656-045/1656-045-01-05-11.png	226	do
7263-065/7263-065-03-07-02.png	737	os
4111-029/4111-029-03-06-13.png	448	depressão
1677-066/1677-066-01-04-16.png	246	ótica
1624-013/1624-013-03-07-07.png	194	sozinhos
7136-077/7136-077-01-02-07.png	702	são
4910-075/4910-075-05-01-08.png	589	de
0701-092/0701-092-04-02-16.png	93	de
7585-041/7585-041-01-02-08.png	802	identificação
7012-025/7012-025-04-05-01.png	681	nais
7864-040/7864-040-04-04-11.png	856	de
7260-062/7260-062-01-06-09.png	735	de
2977-020/2977-020-04-06-06.png	389	educação
2670-027/2670-027-02-05-01.png	366	do
6115-023/6115-023-02-10-08.png	635	para
4720-283/4720-283-04-04-13.png	557	de
0516-016/0516-016-02-02-02.png	32	João
1495-040/1495-040-01-04-15.png	184	ao
7862-038/7862-038-03-08-12.png	854	psíquicos
4554-117/4554-117-03-02-03.png	517	se
7858-034/7858-034-04-02-14.png	850	da
4601-164/4601-164-04-06-08.png	529	de
4235-004/4235-004-03-01-04.png	463	as
3673-043/3673-043-03-06-14.png	425	as
7012-025/7012-025-02-05-14.png	681	que
4668-231/4668-231-02-07-15.png	543	parte
2368-075/2368-075-01-02-02.png	326	de
5823-021/5823-021-03-08-04.png	626	de
2368-075/2368-075-02-01-11.png	326	para
0765-026/0765-026-04-01-06.png	98	de
7866-042/7866-042-01-01-03.png	858	um
8900-027/8900-027-02-05-17.png	963	as
4763-008/4763-008-02-05-04.png	567	da
1633-022/1633-022-01-02-09.png	203	na
1136-031/1136-031-05-04-11.png	138	de
1662-051/1662-051-04-06-09.png	231	fim
7284-086/7284-086-02-05-08.png	757	que
4574-137/4574-137-05-03-11.png	522	mo-
8243-012/8243-012-01-01-06.png	911	seu
7875-051/7875-051-04-02-03.png	867	Saúde
9203-036/9203-036-04-03-01.png	982	de
1628-017/1628-017-03-06-08.png	198	do
0226-018/0226-018-03-09-02.png	7	nos
1641-030/1641-030-02-08-13.png	211	problema
4611-174/4611-174-04-09-07.png	532	de
7785-017/7785-017-03-06-04.png	832	fatos
1632-021/1632-021-03-03-14.png	202	tema
4743-306/4743-306-03-02-13.png	561	um
4766-011/4766-011-01-03-08.png	569	da
2372-079/2372-079-02-05-07.png	328	foi
1654-043/1654-043-01-02-09.png	224	não
1666-055/1666-055-04-06-03.png	235	eventos
7346-048/7346-048-04-02-14.png	778	de
1641-030/1641-030-04-05-02.png	211	paulatinamente
0583-030/0583-030-01-05-02.png	56	ao
1651-040/1651-040-02-05-10.png	221	mentais
8224-015/8224-015-02-03-14.png	907	de
8759-047/8759-047-04-04-06.png	960	respeito
7873-049/7873-049-03-06-20.png	865	isso
0695-086/0695-086-03-02-16.png	90	até
0573-020/0573-020-03-07-07.png	51	de
8471-065/8471-065-04-08-16.png	933	de
7872-048/7872-048-02-03-09.png	864	suíço
4763-008/4763-008-04-04-12.png	567	cine-
7875-051/7875-051-04-07-04.png	867	breve
2246-046/2246-046-01-04-05.png	301	em
8517-011/8517-011-04-05-06.png	940	deve
1684-073/1684-073-02-09-06.png	253	significativa
7260-062/7260-062-02-09-19.png	735	cor-
2497-040/2497-040-02-03-15.png	337	não
7556-012/7556-012-02-03-13.png	788	ou
7791-023/7791-023-02-08-03.png	836	ao
2119-069/2119-069-03-03-15.png	280	ele
4111-029/4111-029-01-01-20.png	448	tratada
1662-051/1662-051-02-03-08.png	231	muito
7284-086/7284-086-02-07-08.png	757	não
8521-015/8521-015-02-06-09.png	942	as
7867-043/7867-043-04-03-07.png	859	palestras
1625-014/1625-014-04-08-15.png	195	estiver
1732-021/1732-021-02-02-16.png	260	não
6145-016/6145-016-01-04-12.png	642	do
4097-015/4097-015-02-06-13.png	436	capaz
4668-231/4668-231-02-07-01.png	543	pois
7591-047/7591-047-02-07-05.png	805	investimento
7987-041/7987-041-04-08-16.png	872	disso
4936-010/4936-010-03-01-12.png	598	social
1683-072/1683-072-03-08-04.png	252	cumpre
7978-032/7978-032-03-04-07.png	869	do
4980-036/4980-036-01-05-07.png	602	de
9203-036/9203-036-04-03-19.png	982	me-
7978-032/7978-032-03-05-12.png	869	íntegra
8751-039/8751-039-03-05-08.png	956	não
1123-018/1123-018-01-04-17.png	129	país
7162-103/7162-103-04-05-10.png	725	se
1663-052/1663-052-02-02-06.png	232	problemática
2776-032/2776-032-04-08-12.png	375	da
1622-011/1622-011-04-08-06.png	192	caminho
1633-022/1633-022-02-06-04.png	203	Uma
6113-021/6113-021-01-02-15.png	633	são
4577-140/4577-140-02-02-14.png	523	em
4765-010/4765-010-01-03-07.png	568	no
1633-022/1633-022-01-01-12.png	203	de
1659-048/1659-048-04-02-14.png	228	dever
7621-077/7621-077-02-06-06.png	820	assim
8896-023/8896-023-04-07-09.png	961	com
7587-043/7587-043-04-04-09.png	803	disso
7862-038/7862-038-04-03-11.png	854	campanhas
1728-017/1728-017-04-05-15.png	257	por
3650-020/3650-020-01-01-14.png	415	vi-
8749-037/8749-037-03-05-13.png	955	Não
1669-058/1669-058-02-02-11.png	238	função
0695-086/0695-086-01-01-05.png	90	in
7266-068/7266-068-02-06-12.png	739	um
7876-052/7876-052-02-06-10.png	868	na
1266-040/1266-040-01-05-07.png	143	de
1763-027/1763-027-03-07-11.png	266	dos
5649-032/5649-032-05-06-14.png	622	cada
8619-067/8619-067-02-01-01.png	948	Em
1632-021/1632-021-01-07-09.png	202	tempo
4097-015/4097-015-04-06-07.png	436	redução
2738-050/2738-050-01-05-04.png	371	problema
3040-017/3040-017-02-03-10.png	391	que
7135-076/7135-076-03-05-04.png	701	de
2666-023/2666-023-03-01-11.png	363	ori-
6394-019/6394-019-04-04-10.png	647	nos
7587-043/7587-043-03-07-10.png	803	as
7288-090/7288-090-04-09-07.png	761	do
0226-018/0226-018-04-02-12.png	7	um
0683-074/0683-074-04-08-13.png	85	de
7861-037/7861-037-01-02-01.png	853	que
2633-019/2633-019-02-02-09.png	354	do
1126-021/1126-021-02-09-06.png	131	da
5263-010/5263-010-03-04-16.png	619	in-
6137-008/6137-008-02-05-02.png	637	de
8747-035/8747-035-01-05-08.png	954	na
1652-041/1652-041-04-02-02.png	222	social
7984-038/7984-038-02-01-11.png	871	em
9306-009/9306-009-01-02-03.png	992	os
8449-043/8449-043-04-06-04.png	924	de
2784-040/2784-040-04-06-11.png	379	do
2977-020/2977-020-04-04-13.png	389	perí-
7277-079/7277-079-01-03-14.png	750	que
1626-015/1626-015-01-06-15.png	196	ainda
1677-066/1677-066-04-04-04.png	246	sala
1677-066/1677-066-01-02-03.png	246	das
0659-050/0659-050-03-01-16.png	75	qual
0240-032/0240-032-01-05-09.png	14	do
2374-081/2374-081-04-01-17.png	329	Cul-
1674-063/1674-063-03-02-06.png	243	doenças
7151-092/7151-092-02-05-07.png	715	de
2772-028/2772-028-05-05-05.png	373	por
1663-052/1663-052-04-03-02.png	232	por
7132-073/7132-073-03-08-08.png	698	este
0695-086/0695-086-04-01-08.png	90	em
1656-045/1656-045-02-05-15.png	226	acordo
0433-031/0433-031-05-05-05.png	30	de
4936-010/4936-010-02-04-13.png	598	levou
4847-012/4847-012-05-01-05.png	582	está
4986-042/4986-042-01-02-09.png	606	de
1650-039/1650-039-02-08-05.png	220	de
0260-052/0260-052-03-05-07.png	24	de
4571-134/4571-134-05-04-05.png	521	as
4677-240/4677-240-03-01-10.png	547	na
7722-088/7722-088-02-01-08.png	830	dos
0579-026/0579-026-01-06-01.png	55	tão
5823-021/5823-021-02-03-08.png	626	de
7272-074/7272-074-01-02-02.png	745	de
0250-042/0250-042-04-03-11.png	19	de
1669-058/1669-058-02-05-02.png	238	de
1660-049/1660-049-03-07-01.png	229	aparências
2738-050/2738-050-01-06-04.png	371	segregação
4097-015/4097-015-03-05-12.png	436	fica
7984-038/7984-038-04-07-16.png	871	no
9201-034/9201-034-03-04-02.png	981	pelo
1469-014/1469-014-01-01-09.png	166	que
4754-317/4754-317-03-04-06.png	565	por
1437-041/1437-041-04-03-06.png	155	tais
7872-048/7872-048-03-03-01.png	864	da
1425-029/1425-029-02-04-06.png	145	pela
7869-045/7869-045-03-04-05.png	861	teoria
7868-044/7868-044-03-01-13.png	860	diferentes
4748-311/4748-311-03-03-01.png	564	Sob
7861-037/7861-037-02-08-10.png	853	padrão
2368-075/2368-075-01-04-09.png	326	de
7873-049/7873-049-01-07-16.png	865	promovido
8179-029/8179-029-01-04-10.png	898	do
8225-016/8225-016-01-01-15.png	908	do
6404-029/6404-029-03-02-09.png	652	de
4672-235/4672-235-02-06-10.png	545	pode
1469-014/1469-014-03-01-14.png	166	da
8904-031/8904-031-02-06-07.png	965	que
8902-029/8902-029-01-05-15.png	964	do
1003-029/1003-029-02-07-07.png	128	de
2189-046/2189-046-05-03-13.png	296	em
7864-040/7864-040-02-06-07.png	856	filósofo
6112-020/6112-020-02-05-11.png	632	em
5649-032/5649-032-05-02-02.png	622	do
6390-015/6390-015-01-06-11.png	645	com
8443-037/8443-037-02-03-08.png	922	no
4668-231/4668-231-02-01-05.png	543	que
1215-022/1215-022-03-07-02.png	142	no
1757-021/1757-021-03-08-18.png	263	na
7869-045/7869-045-01-01-06.png	861	do
8747-035/8747-035-02-03-03.png	954	apenas
7140-081/7140-081-03-02-11.png	706	ele
7692-058/7692-058-04-01-08.png	824	de
4321-017/4321-017-03-08-18.png	487	longe
1666-055/1666-055-02-04-15.png	235	reprimiu
8191-041/8191-041-04-01-02.png	904	com
0997-023/0997-023-01-06-07.png	124	de
7589-045/7589-045-03-04-14.png	804	na
4856-021/4856-021-03-08-16.png	583	da
7859-035/7859-035-02-05-12.png	851	encontra-se
4754-317/4754-317-02-01-08.png	565	aos
8898-025/8898-025-02-02-14.png	962	na
1651-040/1651-040-01-02-10.png	221	trágico
7866-042/7866-042-02-01-03.png	858	primeira
1266-040/1266-040-01-05-05.png	143	do
0651-042/0651-042-01-04-07.png	71	um
3670-040/3670-040-04-07-05.png	422	por
7871-047/7871-047-03-04-09.png	863	pelo
1669-058/1669-058-01-05-02.png	238	mentais
8485-079/8485-079-02-03-06.png	938	de
7978-032/7978-032-03-08-11.png	869	parcela
2782-038/2782-038-03-04-10.png	378	de
8255-024/8255-024-03-07-05.png	919	de
8747-035/8747-035-04-04-04.png	954	análise
0571-018/0571-018-04-06-16.png	49	por
1674-063/1674-063-02-08-11.png	243	acabe
7049-012/7049-012-03-07-10.png	687	se
1663-052/1663-052-01-02-07.png	232	muitos
8255-024/8255-024-04-06-07.png	919	as
1632-021/1632-021-04-03-15.png	202	nacional
0683-074/0683-074-04-04-21.png	85	seto-
7868-044/7868-044-01-07-08.png	860	tratamento
6137-008/6137-008-02-03-19.png	637	ao
0705-096/0705-096-03-06-08.png	94	que
7993-047/7993-047-03-03-08.png	874	subjetividades
1656-045/1656-045-03-01-19.png	226	lacuna
7871-047/7871-047-02-03-12.png	863	Organização
7343-045/7343-045-02-04-02.png	775	em
4763-008/4763-008-04-04-09.png	567	de
7170-111/7170-111-04-03-12.png	729	esse
8751-039/8751-039-04-05-08.png	956	de
7129-070/7129-070-03-06-01.png	695	dos
7601-057/7601-057-03-05-11.png	810	da
5823-021/5823-021-03-04-05.png	626	de
7162-103/7162-103-01-03-05.png	725	lá
4934-008/4934-008-01-02-21.png	597	que
0238-030/0238-030-03-02-10.png	13	país
4427-105/4427-105-03-02-02.png	499	já
2610-027/2610-027-03-02-10.png	349	que
1642-031/1642-031-03-04-06.png	212	que
7265-067/7265-067-03-01-12.png	738	de
4354-032/4354-032-03-01-10.png	490	na
8749-037/8749-037-01-04-02.png	955	brasileira
8254-023/8254-023-01-07-13.png	918	da
8120-022/8120-022-02-02-16.png	882	pessoas
2491-034/2491-034-04-05-11.png	334	de
1628-017/1628-017-04-02-03.png	198	pela
1642-031/1642-031-01-07-04.png	212	dessa
4936-010/4936-010-04-02-12.png	598	vez
1002-028/1002-028-02-04-05.png	127	que
0258-050/0258-050-03-04-12.png	23	das
4568-131/4568-131-03-07-08.png	520	do
2605-022/2605-022-03-06-13.png	344	Brasil
4097-015/4097-015-01-02-01.png	436	gligência
1666-055/1666-055-04-03-14.png	235	que
7012-025/7012-025-03-05-14.png	681	da
8060-039/8060-039-04-04-05.png	878	da
8241-010/8241-010-03-02-15.png	909	pelo
2606-023/2606-023-04-05-09.png	345	fim
7869-045/7869-045-01-06-08.png	861	posta
7868-044/7868-044-03-01-10.png	860	desequilíbrios
1666-055/1666-055-02-04-13.png	235	do
7859-035/7859-035-02-01-01.png	851	Em
0995-021/0995-021-02-08-02.png	123	por
2120-070/2120-070-03-03-24.png	281	i-
4990-046/4990-046-01-02-05.png	610	no
0244-036/0244-036-01-05-06.png	16	de
1628-017/1628-017-01-02-03.png	198	pela
6113-021/6113-021-04-07-17.png	633	na
4934-008/4934-008-02-07-02.png	597	de
7990-044/7990-044-01-01-01.png	873	No
4988-044/4988-044-05-01-03.png	608	que
8191-041/8191-041-01-06-07.png	904	de
8621-069/8621-069-03-03-08.png	950	de
7260-062/7260-062-03-06-08.png	735	eram
2513-056/2513-056-03-04-10.png	341	esses
2374-081/2374-081-02-03-03.png	329	haja
7984-038/7984-038-04-10-01.png	871	destaque
7867-043/7867-043-03-06-17.png	859	aparência
7873-049/7873-049-01-07-03.png	865	tem
3636-006/3636-006-02-04-17.png	406	os
0564-011/0564-011-03-06-04.png	44	seus
4763-008/4763-008-04-03-11.png	567	na
7859-035/7859-035-03-04-09.png	851	social
8222-013/8222-013-01-07-11.png	905	com
2610-027/2610-027-03-07-10.png	349	no
7439-088/7439-088-04-04-05.png	787	de
4998-054/4998-054-02-04-09.png	616	um
7871-047/7871-047-02-01-13.png	863	ainda
4943-017/4943-017-02-01-01.png	601	No
4235-004/4235-004-03-05-03.png	463	os
3671-041/3671-041-04-05-04.png	423	dos
1630-019/1630-019-04-03-06.png	200	Educação
1498-043/1498-043-02-05-06.png	186	que
7875-051/7875-051-04-01-01.png	867	Para
1662-051/1662-051-02-04-03.png	231	as
4247-016/4247-016-01-01-16.png	465	de
2374-081/2374-081-02-01-12.png	329	de
6145-016/6145-016-04-01-12.png	642	ao
1446-050/1446-050-01-03-15.png	162	que
4466-029/4466-029-03-03-06.png	505	de
0647-038/0647-038-04-02-10.png	69	ao
2515-058/2515-058-03-05-05.png	342	fé
8222-013/8222-013-04-02-09.png	905	por
6139-010/6139-010-04-07-16.png	638	os
7876-052/7876-052-03-08-07.png	868	não
2738-050/2738-050-03-07-02.png	371	Com
7585-041/7585-041-04-07-05.png	802	economicamente
2977-020/2977-020-02-03-03.png	389	diretrizes
4783-002/4783-002-02-09-03.png	575	se
1651-040/1651-040-01-05-03.png	221	de
8254-023/8254-023-04-01-08.png	918	tome
6390-015/6390-015-02-08-04.png	645	em
7286-088/7286-088-04-06-10.png	759	de
0571-018/0571-018-02-02-10.png	49	dos
1632-021/1632-021-02-04-15.png	202	ino-
0693-084/0693-084-04-03-10.png	89	os
8999-013/8999-013-04-05-08.png	968	de
1627-016/1627-016-01-05-05.png	197	que
7984-038/7984-038-03-02-14.png	871	capaz
0657-048/0657-048-04-03-05.png	74	de
6144-015/6144-015-03-02-14.png	641	de
1604-043/1604-043-02-06-13.png	190	dos
1647-036/1647-036-01-01-07.png	217	no
8896-023/8896-023-01-03-01.png	961	XIX
8896-023/8896-023-03-06-18.png	961	na
7162-103/7162-103-02-06-01.png	725	nha
7993-047/7993-047-04-03-02.png	874	crítico
5823-021/5823-021-04-08-04.png	626	são
7587-043/7587-043-03-07-06.png	803	promoção
8186-036/8186-036-03-05-08.png	901	de
7804-036/7804-036-01-03-04.png	845	país
7049-012/7049-012-01-01-13.png	687	do
1627-016/1627-016-02-07-13.png	197	já
1662-051/1662-051-04-01-03.png	231	ministério
3676-046/3676-046-04-08-05.png	427	pele
1660-049/1660-049-02-04-03.png	229	muitas
7587-043/7587-043-02-05-02.png	803	atividade
7859-035/7859-035-01-06-08.png	851	estatal
1674-063/1674-063-03-02-05.png	243	às
4097-015/4097-015-02-02-12.png	436	mentais
8621-069/8621-069-02-02-08.png	950	as
4568-131/4568-131-05-04-10.png	520	da
7869-045/7869-045-02-02-01.png	861	ou
1630-019/1630-019-02-03-09.png	200	em
2114-064/2114-064-01-01-01.png	279	De
7867-043/7867-043-01-05-08.png	859	corroboram
7283-085/7283-085-02-01-05.png	756	os
1637-026/1637-026-03-05-11.png	207	os
7160-101/7160-101-01-04-01.png	723	ção
4980-036/4980-036-03-01-02.png	602	da
4743-306/4743-306-03-01-02.png	561	um
6907-014/6907-014-03-05-16.png	671	se
1656-045/1656-045-03-06-07.png	226	de
4620-183/4620-183-03-03-03.png	533	por
1628-017/1628-017-04-06-15.png	198	por
1680-069/1680-069-02-03-07.png	249	Hospital
1684-073/1684-073-01-07-08.png	253	Isso
8451-045/8451-045-02-02-02.png	925	de
6907-014/6907-014-02-12-07.png	671	de
2970-013/2970-013-01-04-06.png	382	visão
8121-023/8121-023-02-05-03.png	883	camadas
7862-038/7862-038-04-07-14.png	854	no
6913-020/6913-020-02-02-14.png	675	vi-
0220-012/0220-012-01-03-10.png	4	no
8469-063/8469-063-03-05-15.png	932	pois
7163-104/7163-104-03-06-01.png	726	Desse
7807-039/7807-039-03-06-11.png	848	há
2125-075/2125-075-01-04-06.png	286	de
1621-010/1621-010-02-07-09.png	191	que
8249-018/8249-018-01-02-10.png	916	tido
4247-016/4247-016-04-02-09.png	465	por
3670-040/3670-040-04-02-11.png	422	uso
4111-029/4111-029-02-07-12.png	448	ou
7803-035/7803-035-02-02-04.png	844	de
8186-036/8186-036-02-06-04.png	901	de
4321-017/4321-017-04-07-11.png	487	que
5651-034/5651-034-03-01-03.png	624	lugar
1659-048/1659-048-02-03-07.png	228	de
8749-037/8749-037-04-07-13.png	955	deve
0647-038/0647-038-01-04-03.png	69	da
8057-036/8057-036-04-05-10.png	877	da
4929-003/4929-003-03-04-19.png	594	muito
8621-069/8621-069-01-01-06.png	950	gir
2249-049/2249-049-02-06-08.png	304	seja
4298-011/4298-011-03-03-03.png	480	de
1127-022/1127-022-04-05-06.png	132	no
4928-002/4928-002-03-05-13.png	593	dos
1651-040/1651-040-02-06-12.png	221	faz
1637-026/1637-026-02-02-09.png	207	passado
4445-008/4445-008-02-05-16.png	501	os
8120-022/8120-022-02-02-11.png	882	Moderna
3636-006/3636-006-03-02-04.png	406	de
4354-032/4354-032-02-07-14.png	490	que
1660-049/1660-049-02-06-03.png	229	negligência
4424-102/4424-102-04-07-10.png	498	do
1661-050/1661-050-01-05-09.png	230	saúde
4934-008/4934-008-01-04-19.png	597	justi-
4677-240/4677-240-03-07-21.png	547	auto-
3672-042/3672-042-04-05-03.png	424	vez
1651-040/1651-040-01-03-08.png	221	seja
0572-019/0572-019-02-01-09.png	50	de
7141-082/7141-082-01-02-11.png	707	na
7267-069/7267-069-02-06-11.png	740	não
2372-079/2372-079-02-08-09.png	328	em
7170-111/7170-111-03-06-08.png	729	de
8898-025/8898-025-02-07-04.png	962	por
4408-086/4408-086-03-02-15.png	493	de
8749-037/8749-037-04-07-01.png	955	te
7556-012/7556-012-04-03-05.png	788	redução
7861-037/7861-037-04-02-08.png	853	brasileiros
6946-028/6946-028-04-06-09.png	680	de
7266-068/7266-068-01-02-06.png	739	de
1656-045/1656-045-02-01-03.png	226	destacar
5826-024/5826-024-05-05-17.png	629	de
1669-058/1669-058-03-01-12.png	238	salien-
1677-066/1677-066-01-03-14.png	246	efetivo
0424-022/0424-022-01-05-07.png	28	em
3637-007/3637-007-02-04-07.png	407	país
0830-026/0830-026-04-07-03.png	104	até
6116-024/6116-024-03-03-09.png	636	foi
8621-069/8621-069-04-09-12.png	950	na
7556-012/7556-012-03-02-11.png	788	cinemas
1646-035/1646-035-03-03-13.png	216	no
4775-020/4775-020-04-07-01.png	573	ra
6113-021/6113-021-02-09-07.png	633	de
7875-051/7875-051-01-01-01.png	867	No
8902-029/8902-029-02-07-02.png	964	como
2119-069/2119-069-03-01-15.png	280	em
0520-020/0520-020-02-04-16.png	34	pela
4111-029/4111-029-04-06-08.png	448	séries
7798-030/7798-030-01-02-06.png	841	um
2639-025/2639-025-03-07-08.png	360	que
1646-035/1646-035-01-04-14.png	216	gigantes
1666-055/1666-055-03-06-06.png	235	associado
1654-043/1654-043-02-01-03.png	224	perspectiva
2249-049/2249-049-03-08-14.png	304	de
7421-070/7421-070-03-02-04.png	782	de
8625-073/8625-073-03-08-05.png	951	falta
7978-032/7978-032-03-01-05.png	869	importante
8751-039/8751-039-03-04-10.png	956	ser
7861-037/7861-037-02-06-06.png	853	costumeiramente
2511-054/2511-054-02-04-15.png	340	que
5263-010/5263-010-04-01-06.png	619	da
1646-035/1646-035-04-03-07.png	216	Brasil
7591-047/7591-047-01-02-11.png	805	democratização
2375-082/2375-082-04-04-06.png	330	de
3679-049/3679-049-04-06-11.png	430	sob
2970-013/2970-013-02-01-12.png	382	An-
7692-058/7692-058-04-01-11.png	824	as
2610-027/2610-027-02-08-07.png	349	para
1126-021/1126-021-01-03-13.png	131	pre-
4289-002/4289-002-03-03-10.png	472	da
7576-032/7576-032-04-07-03.png	798	país
7869-045/7869-045-01-04-08.png	861	para
2372-079/2372-079-01-04-11.png	328	do
8243-012/8243-012-03-05-15.png	911	na
1632-021/1632-021-01-05-08.png	202	quais
4265-034/4265-034-04-01-05.png	470	os
1627-016/1627-016-03-05-05.png	197	preconceito
6915-022/6915-022-01-01-07.png	677	no
2977-020/2977-020-04-10-13.png	389	desenvolvimento
7621-077/7621-077-03-02-03.png	820	de
2189-046/2189-046-05-02-13.png	296	não
0681-072/0681-072-02-07-07.png	84	Logo
6112-020/6112-020-03-05-12.png	632	ao
0563-010/0563-010-02-02-06.png	43	de
4980-036/4980-036-01-01-03.png	602	do
7858-034/7858-034-02-01-08.png	850	pela
0560-007/0560-007-03-07-02.png	41	os
1629-018/1629-018-03-05-06.png	199	quebrado
6402-027/6402-027-02-01-01.png	651	Em
2114-064/2114-064-02-02-02.png	279	dos
0565-012/0565-012-01-04-05.png	45	da
6140-011/6140-011-04-02-01.png	639	por
2774-030/2774-030-04-08-11.png	374	em
1669-058/1669-058-03-02-13.png	238	diretamente
0701-092/0701-092-03-02-07.png	93	en
1677-066/1677-066-02-01-02.png	246	analisar
1647-036/1647-036-04-05-08.png	217	doentes
0659-050/0659-050-02-04-07.png	75	uma
8747-035/8747-035-03-07-11.png	954	socidade
1627-016/1627-016-01-04-01.png	197	ciado
7981-035/7981-035-01-01-10.png	870	deu
7869-045/7869-045-02-03-01.png	861	tos
1661-050/1661-050-01-04-05.png	230	de
3638-008/3638-008-03-08-02.png	408	ao
6906-013/6906-013-01-06-02.png	670	do
7437-086/7437-086-01-08-07.png	786	da
2189-046/2189-046-05-03-04.png	296	de
0649-040/0649-040-02-08-04.png	70	as
4263-032/4263-032-03-02-01.png	469	do
1438-042/1438-042-01-02-06.png	156	de
2121-071/2121-071-02-01-11.png	282	na
4097-015/4097-015-03-02-07.png	436	OMS
8245-014/8245-014-03-02-01.png	913	Em
1674-063/1674-063-01-06-10.png	243	solucionado
0560-007/0560-007-02-10-01.png	41	em
8457-051/8457-051-02-09-04.png	928	em
8255-024/8255-024-02-06-08.png	919	que
1647-036/1647-036-01-01-02.png	217	partir
7271-073/7271-073-01-05-15.png	744	são
6478-008/6478-008-01-02-09.png	657	dos
7984-038/7984-038-03-07-05.png	871	social
1673-062/1673-062-02-07-11.png	242	crítica
1654-043/1654-043-03-07-11.png	224	sobre
7162-103/7162-103-02-07-04.png	725	do
1626-015/1626-015-02-07-16.png	196	Ma-
1628-017/1628-017-02-09-13.png	198	estereotipização
6905-012/6905-012-04-06-02.png	669	de
7869-045/7869-045-04-02-15.png	861	intermédio
1628-017/1628-017-04-04-05.png	198	utilizar
7347-049/7347-049-01-02-04.png	779	da
7861-037/7861-037-04-01-02.png	853	cabe
1632-021/1632-021-04-05-12.png	202	com
7589-045/7589-045-04-08-10.png	804	população
8439-033/8439-033-02-04-01.png	920	se
2121-071/2121-071-02-02-15.png	282	ou
1649-038/1649-038-02-08-01.png	219	edade
4408-086/4408-086-04-03-02.png	493	de
8757-045/8757-045-03-02-09.png	959	já
7587-043/7587-043-01-05-03.png	803	Contemporaneamente
0997-023/0997-023-03-01-09.png	124	do
8900-027/8900-027-01-04-02.png	963	não
4352-030/4352-030-05-05-03.png	489	fez
2106-056/2106-056-02-01-04.png	272	cabe
3671-041/3671-041-02-01-13.png	423	no
2249-049/2249-049-04-04-07.png	304	de
4268-037/4268-037-02-01-06.png	471	de
7984-038/7984-038-03-01-02.png	871	disso
8749-037/8749-037-03-07-07.png	955	cumpre
7135-076/7135-076-04-04-03.png	701	na
2104-054/2104-054-03-05-21.png	270	um
8751-039/8751-039-04-01-07.png	956	relacionados
7585-041/7585-041-04-06-09.png	802	gratuitamente
2249-049/2249-049-02-06-01.png	304	ro
7277-079/7277-079-04-05-09.png	750	as
8253-022/8253-022-01-01-08.png	917	nos
7338-040/7338-040-04-03-14.png	770	de
7145-086/7145-086-03-04-07.png	711	posto
1666-055/1666-055-01-04-15.png	235	sociedade
0520-020/0520-020-05-01-07.png	34	de
1663-052/1663-052-01-04-02.png	232	de
1666-055/1666-055-02-05-08.png	235	enraizando
7564-020/7564-020-02-07-06.png	792	de
4466-029/4466-029-06-03-12.png	505	de
6144-015/6144-015-01-01-10.png	641	em
1641-030/1641-030-02-06-12.png	211	que
5651-034/5651-034-02-03-09.png	624	No
2246-046/2246-046-02-05-06.png	301	os
8224-015/8224-015-01-02-10.png	907	no
7722-088/7722-088-02-03-07.png	830	Boff
7587-043/7587-043-04-04-07.png	803	hábito
7135-076/7135-076-02-03-11.png	701	se
1624-013/1624-013-01-05-09.png	194	doenças
7576-032/7576-032-02-01-10.png	798	as
4672-235/4672-235-03-04-07.png	545	ajuda
7046-009/7046-009-02-05-01.png	685	ção
1633-022/1633-022-03-07-08.png	203	grupos
1757-021/1757-021-01-04-11.png	263	há
7862-038/7862-038-03-07-07.png	854	imaginário
4412-090/4412-090-04-08-14.png	494	de
4980-036/4980-036-01-05-01.png	602	de
5826-024/5826-024-02-03-09.png	629	os
7263-065/7263-065-03-02-13.png	737	da
1130-025/1130-025-02-03-01.png	135	de
0520-020/0520-020-03-04-16.png	34	que
0574-021/0574-021-04-04-18.png	52	já
7152-093/7152-093-02-04-01.png	716	do
2639-025/2639-025-03-04-04.png	360	os
7981-035/7981-035-03-02-12.png	870	autores
1663-052/1663-052-03-03-10.png	232	que
4929-003/4929-003-04-03-04.png	594	do
1646-035/1646-035-02-04-12.png	216	visto
1632-021/1632-021-02-04-05.png	202	pressão
6139-010/6139-010-02-03-04.png	638	de
1469-014/1469-014-02-02-09.png	166	tal
1650-039/1650-039-01-02-03.png	220	que
8056-035/8056-035-04-06-11.png	876	de
7613-069/7613-069-02-02-14.png	816	que
8747-035/8747-035-03-07-03.png	954	produtividade
1003-029/1003-029-01-06-04.png	128	de
5823-021/5823-021-03-06-06.png	626	da
1683-072/1683-072-04-04-05.png	252	com
1659-048/1659-048-03-05-05.png	228	ou
7993-047/7993-047-02-03-11.png	874	permite
8120-022/8120-022-04-01-11.png	882	instituições
7867-043/7867-043-02-09-16.png	859	Evidencia-se
8896-023/8896-023-01-03-03.png	961	com
7340-042/7340-042-03-07-11.png	772	as
6144-015/6144-015-03-08-02.png	641	no
3671-041/3671-041-04-06-05.png	423	30
1651-040/1651-040-03-02-12.png	221	socialmente
5826-024/5826-024-02-02-12.png	629	país
4427-105/4427-105-01-03-07.png	499	preto
4791-010/4791-010-04-06-07.png	579	de
6439-029/6439-029-03-08-10.png	655	para
7164-105/7164-105-05-03-13.png	727	de
6144-015/6144-015-03-04-18.png	641	di-
0997-023/0997-023-04-04-05.png	124	na
7045-008/7045-008-04-09-05.png	684	que
1677-066/1677-066-01-02-02.png	246	uma
1654-043/1654-043-02-07-13.png	224	uma
2104-054/2104-054-02-04-02.png	270	ao
0997-023/0997-023-03-06-08.png	124	das
8757-045/8757-045-02-02-16.png	959	modo
7348-050/7348-050-04-05-09.png	780	de
4097-015/4097-015-03-02-02.png	436	suicídio
1663-052/1663-052-01-01-07.png	232	do
1474-019/1474-019-02-05-07.png	167	ao
7154-095/7154-095-03-05-13.png	718	de
1666-055/1666-055-03-05-06.png	235	aplicado
7869-045/7869-045-02-01-03.png	861	plano
7170-111/7170-111-01-04-16.png	729	da
7282-084/7282-084-02-07-01.png	755	ções
1680-069/1680-069-03-01-08.png	249	mentais
7862-038/7862-038-02-07-09.png	854	modo
0560-007/0560-007-03-04-14.png	41	gosto
1476-021/1476-021-01-04-13.png	169	tal
8463-057/8463-057-01-05-01.png	930	tais
8757-045/8757-045-01-01-02.png	959	preocupação
7990-044/7990-044-01-01-04.png	873	revelaram-se
7286-088/7286-088-03-02-06.png	759	dos
0578-025/0578-025-04-04-01.png	54	velas
1656-045/1656-045-02-08-11.png	226	dos
1002-028/1002-028-03-08-09.png	127	do
6112-020/6112-020-01-02-02.png	632	na
0252-044/0252-044-02-04-21.png	20	vi-
7795-027/7795-027-03-03-13.png	839	que
1649-038/1649-038-02-03-13.png	219	longo
7260-062/7260-062-01-02-04.png	735	na
1632-021/1632-021-01-05-10.png	202	preconceituosamente
7272-074/7272-074-03-03-01.png	745	ao
2317-024/2317-024-04-10-11.png	307	di-
2121-071/2121-071-02-03-03.png	282	do
4097-015/4097-015-03-03-09.png	436	aproximadamente
9203-036/9203-036-02-07-14.png	982	de
1604-043/1604-043-02-03-04.png	190	do
1641-030/1641-030-03-03-08.png	211	de
7984-038/7984-038-01-03-09.png	871	grave
6115-023/6115-023-01-03-15.png	635	de
2669-026/2669-026-02-06-15.png	365	da
0218-010/0218-010-03-03-06.png	3	tal
7564-020/7564-020-03-06-02.png	792	Visto
7866-042/7866-042-02-06-04.png	858	experiências
6406-031/6406-031-03-07-07.png	653	por
9154-038/9154-038-04-07-04.png	975	da
1680-069/1680-069-03-07-02.png	249	psíquico
1638-027/1638-027-03-06-01.png	208	um
7177-118/7177-118-01-01-14.png	733	de
4097-015/4097-015-02-02-07.png	436	de
1481-026/1481-026-02-03-08.png	172	não
7868-044/7868-044-04-05-09.png	860	disseminação
6912-019/6912-019-04-03-10.png	674	30
7346-048/7346-048-03-07-03.png	778	vez
1474-019/1474-019-04-03-07.png	167	nas
7867-043/7867-043-02-06-11.png	859	possíveis
7144-085/7144-085-02-05-05.png	710	de
8443-037/8443-037-01-06-01.png	922	ca
7045-008/7045-008-03-07-04.png	684	um
2129-079/2129-079-02-02-04.png	288	vez
7343-045/7343-045-02-08-15.png	775	da
1651-040/1651-040-02-03-08.png	221	uma
6408-033/6408-033-02-06-05.png	654	dos
0578-025/0578-025-01-04-09.png	54	no
0218-010/0218-010-01-02-17.png	3	na
7337-039/7337-039-02-04-06.png	769	ser
4313-009/4313-009-02-03-02.png	486	até
8242-011/8242-011-04-06-13.png	910	de
8249-018/8249-018-01-01-07.png	916	autor
4259-028/4259-028-04-01-13.png	467	no
7177-118/7177-118-02-07-05.png	733	dos
0260-052/0260-052-02-05-09.png	24	uma
7789-021/7789-021-04-02-05.png	835	por
7621-077/7621-077-01-05-06.png	820	de
0520-020/0520-020-02-04-12.png	34	não
8459-053/8459-053-01-07-07.png	929	dos
1444-048/1444-048-01-02-06.png	160	de
3040-017/3040-017-04-02-02.png	391	seu
4611-174/4611-174-04-01-09.png	532	da
7601-057/7601-057-04-09-13.png	810	um
2104-054/2104-054-04-02-09.png	270	de
2738-050/2738-050-02-05-02.png	371	nas
7587-043/7587-043-04-06-10.png	803	de
2106-056/2106-056-04-09-13.png	272	com
2372-079/2372-079-03-04-03.png	328	de
2782-038/2782-038-04-02-11.png	378	de
7875-051/7875-051-02-01-10.png	867	saúde
1646-035/1646-035-04-02-11.png	216	da
7795-027/7795-027-02-01-10.png	839	Sob
7796-028/7796-028-03-02-10.png	840	se
2374-081/2374-081-02-04-06.png	329	Mais
2634-020/2634-020-04-04-08.png	355	da
7795-027/7795-027-01-03-03.png	839	que
2606-023/2606-023-04-01-11.png	345	Lo-
1669-058/1669-058-01-02-03.png	238	capazes
1729-018/1729-018-04-05-06.png	258	que
4124-042/4124-042-01-02-06.png	461	de
2977-020/2977-020-04-11-05.png	389	notório
7722-088/7722-088-04-03-01.png	830	por
8747-035/8747-035-02-05-09.png	954	muitos
2339-046/2339-046-05-05-06.png	320	ele
0991-017/0991-017-01-02-13.png	119	que
7276-078/7276-078-01-02-07.png	749	que
1649-038/1649-038-03-05-12.png	219	saúde
4845-010/4845-010-05-02-10.png	581	Seja
7872-048/7872-048-02-01-07.png	864	que
1674-063/1674-063-03-05-05.png	243	perigosas
4313-009/4313-009-04-01-06.png	486	as
0566-013/0566-013-03-05-08.png	46	de
5826-024/5826-024-05-05-01.png	629	des
7861-037/7861-037-03-04-13.png	853	de
2738-050/2738-050-04-03-12.png	371	escolar
8759-047/8759-047-04-03-02.png	960	propagandas
8249-018/8249-018-01-03-23.png	916	pro-
1495-040/1495-040-04-03-01.png	184	na
7867-043/7867-043-03-06-15.png	859	vida
1768-032/1768-032-03-06-12.png	269	ajuda
9201-034/9201-034-04-04-11.png	981	que
4679-242/4679-242-01-06-11.png	548	às
1680-069/1680-069-01-01-11.png	249	Cury
0588-035/0588-035-03-05-14.png	59	que
1674-063/1674-063-01-06-12.png	243	devem
6946-028/6946-028-03-04-15.png	680	es-
1485-030/1485-030-04-01-04.png	176	fito
9197-030/9197-030-04-02-01.png	979	se
3679-049/3679-049-03-06-13.png	430	em
1763-027/1763-027-02-05-07.png	266	em
7990-044/7990-044-03-07-12.png	873	persistência
1661-050/1661-050-01-05-06.png	230	conceito
8747-035/8747-035-04-04-08.png	954	que
7862-038/7862-038-01-04-14.png	854	Is-
5826-024/5826-024-05-04-01.png	629	da
4884-049/4884-049-03-06-03.png	587	que
7873-049/7873-049-01-07-09.png	865	que
7175-116/7175-116-01-04-06.png	732	no
4427-105/4427-105-01-02-02.png	499	que
2487-030/2487-030-02-04-13.png	332	Sob
3652-022/3652-022-02-06-15.png	417	dos
1755-019/1755-019-03-02-04.png	261	foi
2320-027/2320-027-04-10-09.png	310	se
0687-078/0687-078-02-08-06.png	86	de
4427-105/4427-105-03-06-05.png	499	do
4466-029/4466-029-04-01-07.png	505	nos
2106-056/2106-056-03-03-09.png	272	das
4259-028/4259-028-03-04-22.png	467	ser
4754-317/4754-317-03-03-10.png	565	as
8749-037/8749-037-01-04-14.png	955	população
0565-012/0565-012-03-02-16.png	45	isso
1759-023/1759-023-03-08-06.png	264	dos
7564-020/7564-020-03-08-09.png	792	possuem
7556-012/7556-012-03-04-03.png	788	ambientes
4294-007/4294-007-04-05-05.png	477	no
2610-027/2610-027-03-02-02.png	349	mídia
7785-017/7785-017-02-07-02.png	832	que
1622-011/1622-011-03-07-02.png	192	Destarte
7875-051/7875-051-01-06-06.png	867	óptica
2487-030/2487-030-02-04-06.png	332	nos
1759-023/1759-023-01-05-17.png	264	do
2369-076/2369-076-03-01-01.png	327	Não
0564-011/0564-011-02-08-07.png	44	um
8749-037/8749-037-02-06-14.png	955	da
0659-050/0659-050-04-07-02.png	75	dos
3665-035/3665-035-03-16-03.png	418	as
0588-035/0588-035-01-03-12.png	59	que
0254-046/0254-046-04-07-03.png	21	do
7268-070/7268-070-02-01-05.png	741	os
4268-037/4268-037-04-04-18.png	471	go-
1683-072/1683-072-03-08-07.png	252	em
7868-044/7868-044-01-04-05.png	860	comparação
7978-032/7978-032-03-03-16.png	869	possível
0588-035/0588-035-03-02-05.png	59	do
0260-052/0260-052-02-05-13.png	24	de
1677-066/1677-066-02-02-07.png	246	esteriótipos
1763-027/1763-027-04-03-09.png	266	por
8747-035/8747-035-03-08-08.png	954	alcunha
2129-079/2129-079-02-02-06.png	288	ele
6144-015/6144-015-04-01-16.png	641	sua
3637-007/3637-007-03-06-01.png	407	São
7981-035/7981-035-02-08-02.png	870	por
4418-096/4418-096-03-06-10.png	497	de
2341-048/2341-048-04-02-04.png	321	no
1652-041/1652-041-01-04-06.png	222	recai
7868-044/7868-044-03-04-14.png	860	depressão
1431-035/1431-035-01-04-12.png	149	para
2606-023/2606-023-01-06-08.png	345	da
2633-019/2633-019-02-07-02.png	354	hoje
2738-050/2738-050-03-05-14.png	371	defende
0991-017/0991-017-04-04-02.png	119	às
4601-164/4601-164-04-07-11.png	529	um
8751-039/8751-039-02-04-05.png	956	ansiedade
1729-018/1729-018-02-05-13.png	258	essa
4775-020/4775-020-01-06-15.png	573	os
1654-043/1654-043-04-02-12.png	224	população
1662-051/1662-051-03-01-09.png	231	sa-
9154-038/9154-038-03-06-02.png	975	de
4097-015/4097-015-02-07-12.png	436	de
1492-037/1492-037-02-07-13.png	181	esse
1474-019/1474-019-02-02-08.png	167	eu
1682-071/1682-071-02-05-04.png	251	da
4412-090/4412-090-02-02-15.png	494	ser
8749-037/8749-037-03-01-01.png	955	Além
0516-016/0516-016-05-05-05.png	32	Por
4677-240/4677-240-04-06-10.png	547	de
2637-023/2637-023-03-04-01.png	358	da
7049-012/7049-012-01-03-03.png	687	tais
2249-049/2249-049-01-02-02.png	304	com
2249-049/2249-049-04-04-17.png	304	que
1632-021/1632-021-01-02-14.png	202	interação
7866-042/7866-042-02-01-09.png	858	quan
7869-045/7869-045-02-03-06.png	861	mentais
7873-049/7873-049-02-09-12.png	865	impede
1632-021/1632-021-03-07-04.png	202	devido
7556-012/7556-012-01-06-05.png	788	grandes
7564-020/7564-020-02-07-08.png	792	ação
3641-011/3641-011-02-04-06.png	410	de
4298-011/4298-011-05-04-08.png	480	do
7876-052/7876-052-03-07-07.png	868	turma
2606-023/2606-023-02-03-05.png	345	auge
1650-039/1650-039-04-03-05.png	220	de
0571-018/0571-018-04-09-19.png	49	de
8900-027/8900-027-02-01-13.png	963	um
4097-015/4097-015-04-07-02.png	436	geradas
4928-002/4928-002-03-04-13.png	593	seu
1680-069/1680-069-01-04-13.png	249	pessoas
1755-019/1755-019-01-02-08.png	261	no
4936-010/4936-010-03-05-14.png	598	na
3639-009/3639-009-04-02-07.png	409	no
2108-058/2108-058-01-08-04.png	274	de
6406-031/6406-031-02-07-11.png	653	para
7276-078/7276-078-02-08-08.png	749	dos
1632-021/1632-021-04-04-14.png	202	do
7277-079/7277-079-01-03-13.png	750	no
3644-014/3644-014-03-01-05.png	411	de
1481-026/1481-026-02-05-01.png	172	ra
7132-073/7132-073-04-03-18.png	698	di-
0584-031/0584-031-01-04-02.png	57	de
3651-021/3651-021-05-03-11.png	416	de
4996-052/4996-052-02-07-11.png	614	de
2738-050/2738-050-01-03-11.png	371	transtornos
4111-029/4111-029-02-08-10.png	448	esquisofrênia
1732-021/1732-021-03-06-07.png	260	dos
3676-046/3676-046-05-01-09.png	427	de
2369-076/2369-076-02-02-12.png	327	em
8619-067/8619-067-04-07-09.png	948	de
4988-044/4988-044-04-01-13.png	608	de
7159-100/7159-100-04-07-09.png	722	por
0681-072/0681-072-01-05-12.png	84	da
2607-024/2607-024-02-03-10.png	346	graves
2669-026/2669-026-04-05-14.png	365	do
2108-058/2108-058-01-01-15.png	274	13
0238-030/0238-030-02-07-06.png	13	no
2633-019/2633-019-01-01-09.png	354	dos
2248-048/2248-048-01-01-01.png	303	No
1476-021/1476-021-02-08-14.png	169	de
3673-043/3673-043-03-05-14.png	425	se
8249-018/8249-018-03-05-11.png	916	são
4247-016/4247-016-04-05-20.png	465	com
4111-029/4111-029-02-03-01.png	448	de
0520-020/0520-020-04-01-14.png	34	para
8757-045/8757-045-03-06-07.png	959	existir
7621-077/7621-077-03-04-09.png	820	fato
7140-081/7140-081-04-03-13.png	706	com
7129-070/7129-070-01-04-11.png	695	da
7152-093/7152-093-04-08-12.png	716	de
7271-073/7271-073-04-01-08.png	744	de
6113-021/6113-021-04-03-07.png	633	de
1632-021/1632-021-02-05-05.png	202	buscando
7587-043/7587-043-01-06-01.png	803	dade
7864-040/7864-040-03-01-02.png	856	há
1498-043/1498-043-03-03-14.png	186	par-
1728-017/1728-017-02-04-11.png	257	em
7978-032/7978-032-04-03-08.png	869	problemas
6800-085/6800-085-02-04-06.png	667	que
7601-057/7601-057-01-01-17.png	810	do
4928-002/4928-002-01-05-12.png	593	às
1652-041/1652-041-01-01-02.png	222	estigmas
0830-026/0830-026-02-03-04.png	104	longa
4424-102/4424-102-03-06-11.png	498	pela
4097-015/4097-015-04-03-07.png	436	em
7862-038/7862-038-01-06-07.png	854	influência
4982-038/4982-038-03-01-13.png	604	por
4296-009/4296-009-03-01-13.png	478	na
1601-040/1601-040-04-05-12.png	189	cabe
4998-054/4998-054-03-06-05.png	616	do
7993-047/7993-047-02-06-20.png	874	defesa
1673-062/1673-062-01-04-08.png	242	nesse
4293-006/4293-006-05-04-07.png	476	dos
0593-040/0593-040-02-03-06.png	63	há
1214-021/1214-021-02-06-17.png	141	que
1673-062/1673-062-04-03-07.png	242	criação
2679-036/2679-036-05-09-07.png	370	de
2339-046/2339-046-06-06-10.png	320	de
4988-044/4988-044-02-04-09.png	608	de
0651-042/0651-042-03-07-04.png	71	com
7282-084/7282-084-02-04-15.png	755	os
7601-057/7601-057-02-06-04.png	810	essa
1660-049/1660-049-02-03-05.png	229	afirmou
1621-010/1621-010-01-06-15.png	191	Brasil
0998-024/0998-024-03-02-01.png	125	do
7336-038/7336-038-02-07-11.png	768	de
7576-032/7576-032-04-05-14.png	798	Estado
6137-008/6137-008-03-03-10.png	637	de
4672-235/4672-235-02-03-01.png	545	do
0681-072/0681-072-03-06-13.png	84	uma
2738-050/2738-050-01-06-13.png	371	fatores
7564-020/7564-020-01-03-10.png	792	dos
8517-011/8517-011-02-01-02.png	940	as
0995-021/0995-021-03-04-01.png	123	de
3679-049/3679-049-04-02-10.png	430	de
3671-041/3671-041-03-03-16.png	423	já
4928-002/4928-002-02-01-08.png	593	de
0584-031/0584-031-03-04-07.png	57	de
5263-010/5263-010-04-05-01.png	619	ção
4743-306/4743-306-02-02-07.png	561	na
1669-058/1669-058-04-06-08.png	238	ideal
0761-022/0761-022-02-07-04.png	96	que
1474-019/1474-019-03-04-13.png	167	de
7337-039/7337-039-03-05-10.png	769	que
8483-077/8483-077-04-01-10.png	937	que
7990-044/7990-044-02-05-10.png	873	que
7266-068/7266-068-02-03-09.png	739	são
1499-044/1499-044-02-02-02.png	187	ao
1729-018/1729-018-04-02-14.png	258	por
8523-017/8523-017-04-02-05.png	944	no
4598-161/4598-161-04-06-03.png	528	na
7789-021/7789-021-01-02-10.png	835	que
7799-031/7799-031-03-06-06.png	842	de
0565-012/0565-012-04-01-12.png	45	se
7129-070/7129-070-03-08-09.png	695	um
1656-045/1656-045-02-05-12.png	226	ações
7692-058/7692-058-02-01-14.png	824	de
0583-030/0583-030-02-03-03.png	56	os
2125-075/2125-075-03-03-06.png	286	os
4988-044/4988-044-05-03-06.png	608	país
8749-037/8749-037-04-07-10.png	955	CONAR
1659-048/1659-048-03-01-07.png	228	uma
7424-073/7424-073-03-02-01.png	783	para
7591-047/7591-047-03-04-06.png	805	detrimento
2112-062/2112-062-01-05-12.png	277	Em
1266-040/1266-040-04-02-12.png	143	que
1476-021/1476-021-03-02-12.png	169	do
1677-066/1677-066-04-02-14.png	246	função
4097-015/4097-015-03-03-16.png	436	a-
1647-036/1647-036-01-05-01.png	217	to
0991-017/0991-017-01-04-17.png	119	pe-
7271-073/7271-073-02-04-11.png	744	ao
7858-034/7858-034-03-05-09.png	850	na
8996-010/8996-010-03-04-01.png	966	ta
7862-038/7862-038-02-02-14.png	854	diz
0693-084/0693-084-01-05-01.png	89	face
1766-030/1766-030-03-03-04.png	268	que
0657-048/0657-048-02-04-08.png	74	de
7789-021/7789-021-02-06-13.png	835	as
6906-013/6906-013-04-05-04.png	670	sua
7978-032/7978-032-02-08-11.png	869	por
4124-042/4124-042-04-07-18.png	461	de
0218-010/0218-010-04-06-19.png	3	fim
0649-040/0649-040-03-04-10.png	70	de
1642-031/1642-031-04-08-04.png	212	infraestrutura
1628-017/1628-017-03-02-15.png	198	base
1215-022/1215-022-02-04-14.png	142	na
1652-041/1652-041-02-06-14.png	222	tais
0659-050/0659-050-02-05-13.png	75	do
7152-093/7152-093-03-06-05.png	716	de
2246-046/2246-046-02-02-16.png	301	Marx
2772-028/2772-028-04-07-02.png	373	de
7868-044/7868-044-01-03-13.png	860	degradante
7876-052/7876-052-01-04-05.png	868	problemática
1469-014/1469-014-03-03-04.png	166	faz
2329-036/2329-036-03-06-07.png	314	da
1680-069/1680-069-04-05-05.png	249	um
0238-030/0238-030-04-03-05.png	13	de
3671-041/3671-041-02-03-10.png	423	de
3672-042/3672-042-02-01-02.png	424	ano
6137-008/6137-008-02-07-04.png	637	de
1632-021/1632-021-04-02-11.png	202	criarem
8222-013/8222-013-01-03-09.png	905	da
8904-031/8904-031-04-06-04.png	965	pelo
1127-022/1127-022-02-02-12.png	132	lei
7981-035/7981-035-01-02-03.png	870	saúde
1674-063/1674-063-02-03-13.png	243	das
1666-055/1666-055-03-07-03.png	235	os
1628-017/1628-017-01-02-07.png	198	foi
0645-036/0645-036-03-03-05.png	68	por
6406-031/6406-031-03-06-11.png	653	lazer
8523-017/8523-017-03-01-09.png	944	As
1666-055/1666-055-04-01-08.png	235	doenças
1650-039/1650-039-03-05-05.png	220	consequência
7556-012/7556-012-02-05-15.png	788	advento
7866-042/7866-042-01-03-08.png	858	conta
4790-009/4790-009-03-05-17.png	578	cul-
4097-015/4097-015-04-01-13.png	436	decorrentes
2613-030/2613-030-03-02-09.png	352	sociedade
7613-069/7613-069-02-04-06.png	816	comprova
6702-052/6702-052-01-02-03.png	665	Tal
0641-032/0641-032-01-02-01.png	66	na
7267-069/7267-069-02-03-03.png	740	que
1476-021/1476-021-02-02-01.png	169	fácil
5825-023/5825-023-05-05-11.png	628	que
8121-023/8121-023-02-01-08.png	883	eilização
1627-016/1627-016-04-03-08.png	197	médico
4313-009/4313-009-03-04-05.png	486	as
0765-026/0765-026-03-06-11.png	98	as
4746-309/4746-309-02-04-02.png	563	da
8190-040/8190-040-04-05-16.png	903	elu-
0645-036/0645-036-03-04-07.png	68	de
7136-077/7136-077-01-02-18.png	702	de
2121-071/2121-071-04-07-09.png	282	de
1621-010/1621-010-01-05-08.png	191	inoperância
3673-043/3673-043-03-02-16.png	425	o-
1659-048/1659-048-03-04-11.png	228	foco
7266-068/7266-068-04-03-13.png	739	por
4624-187/4624-187-03-10-01.png	535	te
7136-077/7136-077-04-01-06.png	702	que
4586-149/4586-149-02-03-08.png	525	não
0693-084/0693-084-02-02-08.png	89	pela
7875-051/7875-051-01-03-10.png	867	mostra
8185-035/8185-035-04-03-07.png	900	em
1630-019/1630-019-04-03-15.png	200	Mental
7873-049/7873-049-04-02-11.png	865	mensagens
4601-164/4601-164-05-03-12.png	529	hoje
7872-048/7872-048-02-09-04.png	864	desamparados
1626-015/1626-015-01-02-09.png	196	por
3670-040/3670-040-02-01-01.png	422	Há
7613-069/7613-069-02-02-12.png	816	Cultural
7278-080/7278-080-01-04-04.png	751	do
4598-161/4598-161-03-07-19.png	528	de
7162-103/7162-103-01-05-13.png	725	entre
6142-013/6142-013-02-05-01.png	640	pobre
1768-032/1768-032-02-03-01.png	269	bito
1449-053/1449-053-02-08-12.png	165	de
8902-029/8902-029-03-06-16.png	964	de
2970-013/2970-013-01-01-13.png	382	de
2249-049/2249-049-01-05-10.png	304	afeta
7261-063/7261-063-01-04-14.png	736	sen-
1626-015/1626-015-02-01-04.png	196	as
3649-019/3649-019-03-04-14.png	414	já
8185-035/8185-035-04-05-09.png	900	por
6406-031/6406-031-04-08-09.png	653	nos
7794-026/7794-026-03-04-13.png	838	no
7794-026/7794-026-01-04-01.png	838	diz
4259-028/4259-028-02-02-06.png	467	ser
7160-101/7160-101-04-08-02.png	723	esse
8898-025/8898-025-02-05-12.png	962	por
1429-033/1429-033-04-04-03.png	147	da
4097-015/4097-015-04-02-08.png	436	meio
6913-020/6913-020-04-05-05.png	675	ser
1489-034/1489-034-02-04-13.png	178	dos
4298-011/4298-011-03-08-04.png	480	os
7141-082/7141-082-01-05-08.png	707	da
2323-030/2323-030-03-01-08.png	312	foi
2491-034/2491-034-01-01-02.png	334	pela
4990-046/4990-046-02-02-08.png	610	De
7134-075/7134-075-01-01-01.png	700	Na
7272-074/7272-074-03-01-11.png	745	do
4668-231/4668-231-01-02-03.png	543	por
4997-053/4997-053-03-01-10.png	615	de
1632-021/1632-021-02-05-03.png	202	esteja
1759-023/1759-023-02-05-06.png	264	da
0657-048/0657-048-02-02-19.png	74	Algo
4786-005/4786-005-01-06-12.png	576	na
0583-030/0583-030-04-03-12.png	56	da
6914-021/6914-021-01-05-10.png	676	não
8902-029/8902-029-03-03-12.png	964	um
1649-038/1649-038-01-04-15.png	219	do-
0224-016/0224-016-01-03-16.png	6	de-
0252-044/0252-044-01-01-19.png	20	os
7288-090/7288-090-04-01-08.png	761	por
7862-038/7862-038-04-06-06.png	854	os
8246-015/8246-015-03-05-03.png	914	tal
1659-048/1659-048-03-03-06.png	228	perspectiva
2505-048/2505-048-04-09-09.png	338	os
0761-022/0761-022-02-06-12.png	96	por
2666-023/2666-023-05-04-12.png	363	de
7270-072/7270-072-03-06-07.png	743	dos
0681-072/0681-072-04-03-14.png	84	Esses
0990-016/0990-016-04-08-10.png	118	do
0647-038/0647-038-03-01-12.png	69	por
0667-058/0667-058-03-03-19.png	79	já
4124-042/4124-042-04-10-09.png	461	de
7154-095/7154-095-04-08-03.png	718	com
1663-052/1663-052-02-04-04.png	232	nem
1680-069/1680-069-02-04-03.png	249	foram
4985-041/4985-041-04-05-08.png	605	de
1660-049/1660-049-03-05-03.png	229	frequentar
0657-048/0657-048-02-07-13.png	74	os
8751-039/8751-039-02-01-04.png	956	início
1647-036/1647-036-04-04-04.png	217	inadequadas
2317-024/2317-024-02-04-10.png	307	de
1673-062/1673-062-01-02-09.png	242	No
1627-016/1627-016-02-08-13.png	197	realidade
7984-038/7984-038-01-02-16.png	871	fragilidade
0415-013/0415-013-01-06-02.png	26	as
7791-023/7791-023-04-01-07.png	836	por
1683-072/1683-072-02-08-05.png	252	mentais
4746-309/4746-309-02-02-12.png	563	do
1732-021/1732-021-03-07-03.png	260	isso
8245-014/8245-014-02-08-12.png	913	pelos
7869-045/7869-045-03-06-04.png	861	demanda
7136-077/7136-077-02-04-10.png	702	não
8625-073/8625-073-04-03-04.png	951	na
4929-003/4929-003-04-01-01.png	594	Fica
7871-047/7871-047-03-02-09.png	863	aceitas
0226-018/0226-018-03-08-07.png	7	ou
0995-021/0995-021-02-05-01.png	123	de
4289-002/4289-002-05-06-03.png	472	do
0256-048/0256-048-02-05-05.png	22	as
1641-030/1641-030-04-03-11.png	211	campanhas
1621-010/1621-010-04-06-04.png	191	medidas
8457-051/8457-051-03-02-09.png	928	da
2610-027/2610-027-04-06-08.png	349	distanciando
1637-026/1637-026-03-03-03.png	207	cotidianos
1651-040/1651-040-03-07-13.png	221	estatal
4775-020/4775-020-03-05-09.png	573	do
1663-052/1663-052-03-01-10.png	232	relacionado
4246-015/4246-015-02-04-10.png	464	em
1213-020/1213-020-02-06-03.png	140	em
0669-060/0669-060-01-05-11.png	80	que
3638-008/3638-008-01-06-02.png	408	do
2738-050/2738-050-02-04-02.png	371	para
0252-044/0252-044-02-06-11.png	20	uma
1622-011/1622-011-01-02-05.png	192	às
8747-035/8747-035-02-04-04.png	954	fato
7591-047/7591-047-02-06-13.png	805	visto
8902-029/8902-029-03-07-04.png	964	uma
7787-019/7787-019-02-01-06.png	833	que
7978-032/7978-032-01-03-12.png	869	forte
0567-014/0567-014-04-06-07.png	47	TV
2124-074/2124-074-02-02-08.png	285	os
2110-060/2110-060-02-03-03.png	276	após
1652-041/1652-041-03-05-02.png	222	essencial
1652-041/1652-041-01-01-18.png	222	que
2772-028/2772-028-05-01-15.png	373	di-
4773-018/4773-018-01-04-02.png	572	já
7869-045/7869-045-01-02-15.png	861	doenças
7564-020/7564-020-03-04-03.png	792	região
6942-024/6942-024-01-01-01.png	678	Na
0584-031/0584-031-04-03-08.png	57	de
8483-077/8483-077-04-02-03.png	937	para
7136-077/7136-077-03-08-12.png	702	em
7131-072/7131-072-03-06-02.png	697	que
7340-042/7340-042-03-05-14.png	772	ás
2610-027/2610-027-01-03-02.png	349	como
5651-034/5651-034-02-05-06.png	624	de
8225-016/8225-016-02-05-12.png	908	por
7858-034/7858-034-03-08-14.png	850	graves
8751-039/8751-039-04-02-21.png	956	primeira
2108-058/2108-058-01-07-12.png	274	as
2369-076/2369-076-03-02-15.png	327	há
8243-012/8243-012-02-06-11.png	911	ao
0514-014/0514-014-01-04-04.png	31	deste
7861-037/7861-037-03-01-05.png	853	vale
8517-011/8517-011-04-02-15.png	940	pela
6478-008/6478-008-02-04-02.png	657	ou
1652-041/1652-041-01-06-07.png	222	aumento
1624-013/1624-013-04-01-11.png	194	às
9201-034/9201-034-02-06-15.png	981	por
8749-037/8749-037-01-04-15.png	955	Essa
1656-045/1656-045-02-06-02.png	226	ao
2317-024/2317-024-03-06-02.png	307	de
1447-051/1447-051-02-01-05.png	163	que
7872-048/7872-048-02-07-07.png	864	psíquico
7277-079/7277-079-02-01-13.png	750	gran-
1663-052/1663-052-01-03-16.png	232	mi-
3637-007/3637-007-03-07-09.png	407	para
8759-047/8759-047-02-04-11.png	960	historiografia
6439-029/6439-029-03-07-10.png	655	mas
1642-031/1642-031-04-03-01.png	212	quaisquer
1646-035/1646-035-02-01-04.png	216	percebe-se
7981-035/7981-035-01-06-01.png	870	gligência
1673-062/1673-062-02-03-01.png	242	da
6484-014/6484-014-02-05-05.png	660	os
8249-018/8249-018-02-03-18.png	916	com
3649-019/3649-019-01-04-04.png	414	da
7807-039/7807-039-04-02-11.png	848	de
1652-041/1652-041-01-01-15.png	222	pública
7286-088/7286-088-03-04-01.png	759	com
3666-036/3666-036-05-01-10.png	419	do
1002-028/1002-028-03-01-13.png	127	da
4097-015/4097-015-02-06-09.png	436	humor
4354-032/4354-032-04-04-10.png	490	um
7868-044/7868-044-03-01-06.png	860	tratamento
1642-031/1642-031-01-02-12.png	212	são
2249-049/2249-049-01-04-07.png	304	que
1666-055/1666-055-03-05-05.png	235	ser
8757-045/8757-045-01-03-08.png	959	qual
7993-047/7993-047-02-03-03.png	874	acusado
3649-019/3649-019-04-03-09.png	414	por
1656-045/1656-045-02-04-06.png	226	do
4668-231/4668-231-01-05-13.png	543	de
0651-042/0651-042-04-02-06.png	71	com
8469-063/8469-063-02-01-03.png	932	na
4445-008/4445-008-02-01-05.png	501	de
0524-024/0524-024-02-09-10.png	36	ao
1627-016/1627-016-04-03-03.png	197	exaltem
8254-023/8254-023-04-07-02.png	918	no
7134-075/7134-075-02-03-11.png	700	de
7875-051/7875-051-01-03-08.png	867	contemporânea
8483-077/8483-077-03-02-15.png	937	de
7576-032/7576-032-04-06-06.png	798	pessoas
7785-017/7785-017-03-01-13.png	832	dos
4775-020/4775-020-02-05-07.png	573	uma
2125-075/2125-075-04-01-12.png	286	fim
1633-022/1633-022-03-09-02.png	203	infindável
1633-022/1633-022-02-04-04.png	203	bem
1632-021/1632-021-01-05-01.png	202	de
8191-041/8191-041-01-06-05.png	904	pela
0645-036/0645-036-03-01-08.png	68	de
7261-063/7261-063-01-06-10.png	736	de
7871-047/7871-047-04-07-07.png	863	profissionais
7343-045/7343-045-04-02-07.png	775	do
8449-043/8449-043-04-02-04.png	924	que
2776-032/2776-032-03-01-07.png	375	para
7591-047/7591-047-03-04-07.png	805	do
4321-017/4321-017-02-08-12.png	487	parte
0524-024/0524-024-03-03-10.png	36	de
6115-023/6115-023-04-01-16.png	635	de
7990-044/7990-044-03-07-10.png	873	para
2772-028/2772-028-03-08-08.png	373	no
4558-121/4558-121-05-01-09.png	518	fica
7803-035/7803-035-02-03-13.png	844	de
0997-023/0997-023-04-03-16.png	124	uma
2368-075/2368-075-02-04-08.png	326	60
1763-027/1763-027-02-06-05.png	266	dos
8902-029/8902-029-03-05-18.png	964	tra-
1652-041/1652-041-04-04-10.png	222	Sociedade
0573-020/0573-020-01-02-08.png	51	nas
6478-008/6478-008-01-01-14.png	657	vez
2114-064/2114-064-02-01-07.png	279	da
1647-036/1647-036-01-04-11.png	217	construção
3040-017/3040-017-04-06-02.png	391	de
4124-042/4124-042-01-01-14.png	461	em
2485-028/2485-028-04-01-10.png	331	no
1725-014/1725-014-01-05-09.png	254	do
4554-117/4554-117-02-04-11.png	517	que
6915-022/6915-022-03-01-02.png	677	as
0564-011/0564-011-02-07-16.png	44	de
7135-076/7135-076-01-02-18.png	701	os
1677-066/1677-066-03-02-13.png	246	doenças
8186-036/8186-036-04-05-12.png	901	seu
4551-114/4551-114-04-02-07.png	516	ao
7601-057/7601-057-02-01-21.png	810	não
8057-036/8057-036-03-06-04.png	877	do
7589-045/7589-045-04-06-03.png	804	democrático
7343-045/7343-045-02-08-06.png	775	de
4679-242/4679-242-02-01-10.png	548	foi
1469-014/1469-014-04-04-04.png	166	de
7138-079/7138-079-03-05-11.png	704	da
6406-031/6406-031-04-08-06.png	653	eco
7871-047/7871-047-02-06-03.png	863	valorização
0555-002/0555-002-04-06-11.png	38	as
2114-064/2114-064-04-02-11.png	279	de
8182-032/8182-032-04-05-07.png	899	de
4673-236/4673-236-03-06-05.png	546	dos
7867-043/7867-043-01-03-03.png	859	por
3641-011/3641-011-04-04-16.png	410	de
1666-055/1666-055-02-08-03.png	235	doenças
4097-015/4097-015-04-06-11.png	436	SUS
4299-012/4299-012-05-05-01.png	481	ção
7152-093/7152-093-03-02-16.png	716	que
7862-038/7862-038-04-02-03.png	854	Saúde
4931-005/4931-005-03-08-05.png	596	em
4845-010/4845-010-05-04-04.png	581	por
3665-035/3665-035-02-07-02.png	418	em
8253-022/8253-022-04-05-08.png	917	do
1680-069/1680-069-01-01-01.png	249	Em
5263-010/5263-010-02-05-03.png	619	os
9311-014/9311-014-04-05-07.png	996	de
0514-014/0514-014-03-02-08.png	31	de
2113-063/2113-063-03-02-14.png	278	falha
1604-043/1604-043-03-06-07.png	190	das
0216-008/0216-008-03-08-07.png	2	por
2772-028/2772-028-04-02-04.png	373	pelos
1129-024/1129-024-04-02-09.png	134	se
1684-073/1684-073-03-05-17.png	253	consulta
3650-020/3650-020-02-06-07.png	415	de
8517-011/8517-011-03-01-17.png	940	um
8759-047/8759-047-04-02-06.png	960	Para
7990-044/7990-044-01-06-01.png	873	cebe-se
8190-040/8190-040-02-02-13.png	903	ao
4668-231/4668-231-02-07-10.png	543	Cem
9197-030/9197-030-04-05-02.png	979	no
0583-030/0583-030-02-04-10.png	56	os
0584-031/0584-031-02-04-15.png	57	que
3636-006/3636-006-03-05-04.png	406	do
7795-027/7795-027-01-04-13.png	839	Com
3632-002/3632-002-04-07-05.png	404	de
4929-003/4929-003-03-08-01.png	594	ses
1652-041/1652-041-01-02-10.png	222	Cansaço
4354-032/4354-032-04-04-04.png	490	da
2610-027/2610-027-02-04-08.png	349	refere
1630-019/1630-019-04-02-12.png	200	na
7153-094/7153-094-02-02-04.png	717	de
7154-095/7154-095-04-01-06.png	718	cabe
2970-013/2970-013-02-05-03.png	382	elitização
7858-034/7858-034-03-08-09.png	850	conviver
6914-021/6914-021-03-06-03.png	676	de
7174-115/7174-115-02-08-02.png	731	da
1768-032/1768-032-04-02-14.png	269	das
1214-021/1214-021-03-04-01.png	141	em
7621-077/7621-077-04-07-04.png	820	óptica
7863-039/7863-039-03-03-12.png	855	obra
4936-010/4936-010-02-02-09.png	598	no
4767-012/4767-012-02-01-16.png	570	do
4679-242/4679-242-01-05-15.png	548	con-
0667-058/0667-058-02-05-12.png	79	no
1684-073/1684-073-03-05-15.png	253	uma
4936-010/4936-010-04-01-10.png	598	ao
1731-020/1731-020-03-02-06.png	259	já
0424-022/0424-022-01-09-15.png	28	fim
2106-056/2106-056-02-01-08.png	272	do
1492-037/1492-037-02-08-02.png	181	arte
3670-040/3670-040-04-06-04.png	422	do
3638-008/3638-008-03-07-08.png	408	de
1651-040/1651-040-01-05-07.png	221	mentalidade
0659-050/0659-050-01-04-09.png	75	da
0252-044/0252-044-03-04-20.png	20	as
9201-034/9201-034-03-02-03.png	981	na
1474-019/1474-019-01-02-09.png	167	de
0216-008/0216-008-02-06-06.png	2	de
0567-014/0567-014-03-03-02.png	47	de
1651-040/1651-040-02-06-05.png	221	depressão
1637-026/1637-026-04-07-15.png	207	nesses
1656-045/1656-045-04-05-11.png	226	da
0424-022/0424-022-02-06-05.png	28	há
0997-023/0997-023-04-03-11.png	124	por
6113-021/6113-021-02-04-04.png	633	ser
6912-019/6912-019-03-05-10.png	674	de
1651-040/1651-040-03-06-13.png	221	fican-
8747-035/8747-035-02-08-10.png	954	das
4995-051/4995-051-02-04-12.png	613	da
2511-054/2511-054-02-03-16.png	340	de
0260-052/0260-052-01-07-04.png	24	dos
4571-134/4571-134-03-08-01.png	521	de
5649-032/5649-032-02-06-10.png	622	de
4312-008/4312-008-05-02-07.png	485	se
4695-258/4695-258-04-07-11.png	554	se-
4998-054/4998-054-04-06-03.png	616	do
1757-021/1757-021-04-03-17.png	263	de
8190-040/8190-040-02-08-03.png	903	do
6394-019/6394-019-04-08-07.png	647	de
1630-019/1630-019-02-08-12.png	200	por
1483-028/1483-028-03-03-03.png	174	as
9310-013/9310-013-02-02-14.png	995	das
0693-084/0693-084-02-02-02.png	89	um
3676-046/3676-046-03-04-15.png	427	para
0260-052/0260-052-02-06-21.png	24	tange
0699-090/0699-090-04-07-01.png	92	çar
7049-012/7049-012-02-04-03.png	687	da
8057-036/8057-036-04-05-13.png	877	nas
0567-014/0567-014-01-03-09.png	47	na
7343-045/7343-045-04-03-14.png	775	os
7981-035/7981-035-04-04-15.png	870	criação
4247-016/4247-016-02-07-19.png	465	uma
3669-039/3669-039-04-03-06.png	421	dos
2189-046/2189-046-03-06-06.png	296	não
3632-002/3632-002-02-07-04.png	404	no
4247-016/4247-016-03-04-19.png	465	ser
1662-051/1662-051-01-02-06.png	231	às
8481-075/8481-075-03-05-09.png	936	dos
1483-028/1483-028-03-07-13.png	174	de
4720-283/4720-283-01-04-11.png	557	de
1625-014/1625-014-02-05-07.png	195	doenças
9306-009/9306-009-02-08-05.png	992	de
1449-053/1449-053-04-02-03.png	165	as
2369-076/2369-076-01-05-03.png	327	de
0256-048/0256-048-02-03-01.png	22	no
7576-032/7576-032-02-06-04.png	798	não
7576-032/7576-032-04-01-02.png	798	maneira
1654-043/1654-043-03-04-08.png	224	não
2487-030/2487-030-01-05-12.png	332	há
7858-034/7858-034-02-08-05.png	850	por
1680-069/1680-069-01-05-03.png	249	transtornos
7154-095/7154-095-01-01-11.png	718	uma
6142-013/6142-013-02-08-12.png	640	no
8255-024/8255-024-01-01-09.png	919	os
1441-045/1441-045-04-01-03.png	158	que
6484-014/6484-014-02-07-10.png	660	parte
8751-039/8751-039-02-03-20.png	956	trans-
4934-008/4934-008-02-02-22.png	597	ha-
1766-030/1766-030-04-03-08.png	268	de
3672-042/3672-042-03-04-04.png	424	as
7276-078/7276-078-02-03-06.png	749	as
9310-013/9310-013-01-03-13.png	995	por
1652-041/1652-041-04-02-17.png	222	discussão
6408-033/6408-033-03-07-10.png	654	ao
7265-067/7265-067-02-01-04.png	738	que
1732-021/1732-021-02-03-10.png	260	de
1651-040/1651-040-02-10-01.png	221	que
0588-035/0588-035-04-04-10.png	59	os
6402-027/6402-027-02-07-01.png	651	ção
7796-028/7796-028-01-03-03.png	840	de
2346-053/2346-053-04-03-01.png	324	se
6476-006/6476-006-02-06-11.png	656	de
2606-023/2606-023-04-05-06.png	345	secretaria
7170-111/7170-111-04-04-01.png	729	por
8449-043/8449-043-03-06-11.png	924	de
8121-023/8121-023-03-07-03.png	883	entrada
1766-030/1766-030-02-06-01.png	268	por
8473-067/8473-067-02-04-02.png	934	foi
4482-045/4482-045-04-07-16.png	506	re-
1684-073/1684-073-02-07-13.png	253	depressão
8898-025/8898-025-01-03-12.png	962	tipo
1674-063/1674-063-04-05-09.png	243	área
6404-029/6404-029-01-01-07.png	652	de
7048-011/7048-011-01-05-12.png	686	de
2632-018/2632-018-04-07-07.png	353	as
2970-013/2970-013-03-05-07.png	382	cinema
4767-012/4767-012-02-01-01.png	570	Em
1757-021/1757-021-03-02-16.png	263	uma
8900-027/8900-027-01-03-12.png	963	está
1643-032/1643-032-02-06-02.png	213	favorecida
8120-022/8120-022-02-05-08.png	882	frente
7591-047/7591-047-03-04-01.png	805	opções
8751-039/8751-039-02-02-23.png	956	inte-
0564-011/0564-011-03-07-04.png	44	no
7556-012/7556-012-02-06-05.png	788	uma
6110-018/6110-018-03-03-02.png	631	em
0554-001/0554-001-02-01-11.png	37	da
7702-068/7702-068-03-03-16.png	826	de
1621-010/1621-010-04-03-13.png	191	impor-
0705-096/0705-096-02-06-03.png	94	os
7981-035/7981-035-04-03-14.png	870	da
7785-017/7785-017-01-01-07.png	832	que
1441-045/1441-045-04-02-17.png	158	da
4943-017/4943-017-02-01-10.png	601	de
4650-213/4650-213-04-04-05.png	540	de
8759-047/8759-047-03-03-01.png	960	sultas
7271-073/7271-073-01-01-01.png	744	No
4577-140/4577-140-02-04-08.png	523	do
2372-079/2372-079-03-02-08.png	328	nos
7138-079/7138-079-03-06-05.png	704	do
6140-011/6140-011-03-04-03.png	639	as
8747-035/8747-035-01-02-05.png	954	encaminhar
7421-070/7421-070-02-04-06.png	782	do
4097-015/4097-015-01-04-10.png	436	número
7576-032/7576-032-01-02-06.png	798	Entretanto
1659-048/1659-048-01-06-04.png	228	digitais
1604-043/1604-043-01-01-09.png	190	geral
2605-022/2605-022-03-02-11.png	344	Immanuel
7338-040/7338-040-01-01-08.png	770	de
0238-030/0238-030-03-05-16.png	13	preço
8467-061/8467-061-01-01-16.png	931	enfre-
0236-028/0236-028-03-05-10.png	12	Meio
4718-281/4718-281-03-05-11.png	556	de
8469-063/8469-063-02-06-06.png	932	de
0639-030/0639-030-03-07-03.png	65	de
2606-023/2606-023-01-06-04.png	345	fatores
6408-033/6408-033-02-06-11.png	654	aos
7261-063/7261-063-02-07-11.png	736	de
2491-034/2491-034-02-01-10.png	334	da
6905-012/6905-012-03-06-11.png	669	os
4773-018/4773-018-03-03-15.png	572	dá
2189-046/2189-046-05-07-11.png	296	com
4681-244/4681-244-02-08-04.png	549	da
4111-029/4111-029-03-08-07.png	448	Por
8225-016/8225-016-01-05-08.png	908	por
1647-036/1647-036-03-02-12.png	217	as
2776-032/2776-032-02-01-02.png	375	Klee
8749-037/8749-037-01-01-12.png	955	da
0256-048/0256-048-03-01-05.png	22	de
1630-019/1630-019-01-02-02.png	200	de
2977-020/2977-020-05-01-13.png	389	prioridade
1683-072/1683-072-03-02-07.png	252	esse
1643-032/1643-032-04-04-17.png	213	deve
2120-070/2120-070-03-05-03.png	281	longo
4775-020/4775-020-02-06-15.png	573	em
0228-020/0228-020-04-06-17.png	8	que
1641-030/1641-030-01-03-09.png	211	às
0224-016/0224-016-02-03-02.png	6	de
8243-012/8243-012-03-08-10.png	911	de
4677-240/4677-240-03-04-16.png	547	de
7425-074/7425-074-04-07-05.png	784	pela
0516-016/0516-016-05-01-10.png	32	dos
8898-025/8898-025-01-04-06.png	962	em
7795-027/7795-027-02-07-15.png	839	um
7576-032/7576-032-01-03-15.png	798	suas
0669-060/0669-060-04-05-08.png	80	dos
7587-043/7587-043-01-08-05.png	803	centralizado
8747-035/8747-035-02-04-05.png	954	este
7265-067/7265-067-03-03-09.png	738	da
6142-013/6142-013-02-01-11.png	640	de
4721-284/4721-284-02-04-04.png	558	de
1684-073/1684-073-01-03-03.png	253	contentamento
1625-014/1625-014-01-02-18.png	195	forma
8751-039/8751-039-04-02-08.png	956	como
1768-032/1768-032-03-06-04.png	269	que
7981-035/7981-035-02-06-07.png	870	Consequentemente
0647-038/0647-038-04-01-01.png	69	Em
6392-017/6392-017-03-03-15.png	646	da
6139-010/6139-010-03-02-16.png	638	pois
1669-058/1669-058-02-02-08.png	238	política
0226-018/0226-018-02-03-01.png	7	mes
9158-042/9158-042-02-02-01.png	976	vo
4259-028/4259-028-02-04-02.png	467	por
1438-042/1438-042-03-02-11.png	156	de
0693-084/0693-084-04-07-18.png	89	de
7692-058/7692-058-02-02-16.png	824	má
6142-013/6142-013-02-04-10.png	640	que
4620-183/4620-183-03-02-02.png	533	do
8451-045/8451-045-02-01-08.png	925	no
7291-093/7291-093-03-04-10.png	763	ao
7858-034/7858-034-03-03-10.png	850	Instituição
0250-042/0250-042-01-02-02.png	19	Caio
1446-050/1446-050-02-02-02.png	162	do
8120-022/8120-022-03-05-06.png	882	de
1641-030/1641-030-03-06-12.png	211	na
3679-049/3679-049-03-03-02.png	430	um
7585-041/7585-041-02-02-15.png	802	prisma
8619-067/8619-067-04-02-17.png	948	por
1633-022/1633-022-03-02-11.png	203	consoante
4610-173/4610-173-02-01-04.png	531	os
7867-043/7867-043-03-01-13.png	859	Redes
1625-014/1625-014-01-01-02.png	195	livro
7993-047/7993-047-03-04-07.png	874	durante
2335-042/2335-042-04-06-10.png	318	se
4623-186/4623-186-03-08-17.png	534	de
1661-050/1661-050-03-08-10.png	230	ao
7984-038/7984-038-01-01-09.png	871	de
4775-020/4775-020-02-03-14.png	573	na
2109-059/2109-059-01-03-12.png	275	pleno
1632-021/1632-021-01-04-07.png	202	observa-se
6139-010/6139-010-03-01-06.png	638	ao
8749-037/8749-037-02-03-11.png	955	mental
1642-031/1642-031-01-01-09.png	212	da
7129-070/7129-070-02-01-12.png	695	de
2121-071/2121-071-04-01-03.png	282	que
1646-035/1646-035-02-09-14.png	216	alterar
1682-071/1682-071-02-06-05.png	251	autoridades
4601-164/4601-164-03-11-08.png	529	no
7993-047/7993-047-03-03-01.png	874	importância
4482-045/4482-045-04-09-09.png	506	da
7692-058/7692-058-04-01-02.png	824	do
7271-073/7271-073-02-11-12.png	744	são
1442-046/1442-046-03-03-07.png	159	só
3673-043/3673-043-04-06-15.png	425	em
7556-012/7556-012-04-04-07.png	788	ambientes
0683-074/0683-074-03-01-05.png	85	luz
4265-034/4265-034-04-02-15.png	470	da
7343-045/7343-045-04-08-09.png	775	as
0586-033/0586-033-01-05-11.png	58	que
0254-046/0254-046-04-03-12.png	21	de
2119-069/2119-069-01-02-10.png	280	era
4097-015/4097-015-04-08-01.png	436	mais
3644-014/3644-014-03-02-12.png	411	de
2606-023/2606-023-01-07-06.png	345	aliados
4354-032/4354-032-02-01-03.png	490	do
1759-023/1759-023-02-03-14.png	264	os
1663-052/1663-052-01-03-04.png	232	mentais
7048-011/7048-011-02-08-03.png	686	ao
3127-008/3127-008-01-05-10.png	394	de
7556-012/7556-012-02-01-08.png	788	salas
8751-039/8751-039-02-07-13.png	956	doenças
4488-051/4488-051-04-02-13.png	507	de
7862-038/7862-038-04-01-03.png	854	portanto
6139-010/6139-010-02-04-15.png	638	foi
1483-028/1483-028-04-05-05.png	174	ao
8751-039/8751-039-04-01-11.png	956	às
1444-048/1444-048-02-05-09.png	160	dos
1649-038/1649-038-02-06-11.png	219	zumbi
7589-045/7589-045-04-07-15.png	804	redes
0570-017/0570-017-01-06-11.png	48	às
7272-074/7272-074-03-09-05.png	745	dos
1642-031/1642-031-02-03-06.png	212	cunho
3652-022/3652-022-01-02-02.png	417	os
4124-042/4124-042-04-03-01.png	461	rais
0651-042/0651-042-03-03-10.png	71	de
9306-009/9306-009-02-04-03.png	992	por
6145-016/6145-016-01-04-08.png	642	tal
7265-067/7265-067-01-06-01.png	738	os
8253-022/8253-022-04-06-02.png	917	de
2369-076/2369-076-02-01-14.png	327	eles
2123-073/2123-073-01-07-10.png	284	dá
6115-023/6115-023-02-03-20.png	635	da
4294-007/4294-007-02-06-14.png	477	que
1652-041/1652-041-03-07-16.png	222	consequências
2184-041/2184-041-03-05-04.png	291	no
8191-041/8191-041-01-04-04.png	904	têm
4408-086/4408-086-04-02-11.png	493	na
2511-054/2511-054-02-02-12.png	340	de
0216-008/0216-008-02-04-04.png	2	no
9201-034/9201-034-03-05-02.png	981	de
7861-037/7861-037-01-01-05.png	853	possuir
7990-044/7990-044-01-02-06.png	873	de
9154-038/9154-038-04-02-07.png	975	seja
1624-013/1624-013-02-06-11.png	194	lamentavelmente
7175-116/7175-116-01-01-17.png	732	da
4294-007/4294-007-04-01-11.png	477	de
7157-098/7157-098-01-05-08.png	720	por
6112-020/6112-020-01-04-15.png	632	em
4783-002/4783-002-02-06-08.png	575	ter
6145-016/6145-016-03-03-13.png	642	que
1759-023/1759-023-01-06-13.png	264	às
7869-045/7869-045-01-06-03.png	861	do
8254-023/8254-023-03-03-18.png	918	seu
4097-015/4097-015-04-01-15.png	436	es-
2318-025/2318-025-02-08-05.png	308	da
7131-072/7131-072-03-02-07.png	697	que
3641-011/3641-011-04-05-15.png	410	não
8120-022/8120-022-03-05-13.png	882	de
2633-019/2633-019-02-03-03.png	354	da
2375-082/2375-082-03-05-14.png	330	ins-
4623-186/4623-186-03-01-13.png	534	logo
0665-056/0665-056-04-06-07.png	78	de
3641-011/3641-011-04-04-03.png	410	em
8751-039/8751-039-04-04-02.png	956	psicológos
2607-024/2607-024-01-05-10.png	346	quadro
7157-098/7157-098-02-01-01.png	720	En
1650-039/1650-039-04-04-13.png	220	possibilitar
0639-030/0639-030-02-07-09.png	65	por
7163-104/7163-104-02-01-12.png	726	alto
0699-090/0699-090-05-06-10.png	92	de
8249-018/8249-018-03-05-04.png	916	ser
0705-096/0705-096-01-04-09.png	94	na
1666-055/1666-055-02-03-11.png	235	Sob
7276-078/7276-078-02-02-07.png	749	de
8898-025/8898-025-03-02-01.png	962	deu
6478-008/6478-008-04-03-03.png	657	fim
8902-029/8902-029-02-02-14.png	964	do
2633-019/2633-019-02-08-10.png	354	em
1654-043/1654-043-01-07-06.png	224	falta
1490-035/1490-035-03-07-11.png	179	do
1684-073/1684-073-02-04-08.png	253	sendo
4577-140/4577-140-05-01-12.png	523	se
2738-050/2738-050-01-06-05.png	371	de
3639-009/3639-009-01-05-04.png	409	de
7978-032/7978-032-02-04-16.png	869	obra
4997-053/4997-053-01-01-05.png	615	foi
6144-015/6144-015-03-07-11.png	641	da
2114-064/2114-064-02-07-08.png	279	os
6115-023/6115-023-01-02-01.png	635	ele
5263-010/5263-010-04-03-03.png	619	para
8449-043/8449-043-04-01-04.png	924	de
2505-048/2505-048-02-02-05.png	338	aos
2613-030/2613-030-03-04-12.png	352	tênue
4610-173/4610-173-04-02-05.png	531	De
7613-069/7613-069-03-09-06.png	816	tem
8749-037/8749-037-04-05-09.png	955	Curriculares
7154-095/7154-095-02-02-03.png	718	os
8749-037/8749-037-01-02-11.png	955	que
4672-235/4672-235-03-04-17.png	545	con-
4754-317/4754-317-02-05-09.png	565	uma
0998-024/0998-024-01-04-01.png	125	falta
4598-161/4598-161-03-04-09.png	528	que
7613-069/7613-069-02-01-08.png	816	que
1763-027/1763-027-01-03-10.png	266	de
2610-027/2610-027-01-06-05.png	349	com
7288-090/7288-090-03-03-04.png	761	Na
1633-022/1633-022-04-04-10.png	203	padrões
4936-010/4936-010-01-03-11.png	598	seu
4743-306/4743-306-01-05-01.png	561	em
7863-039/7863-039-01-02-06.png	855	de
1662-051/1662-051-02-03-03.png	231	Brasil
7613-069/7613-069-01-04-06.png	816	da
4720-283/4720-283-01-04-01.png	557	pois
1677-066/1677-066-03-07-14.png	246	de
7012-025/7012-025-03-03-02.png	681	que
6110-018/6110-018-02-06-13.png	631	este
0683-074/0683-074-02-04-08.png	85	sua
7613-069/7613-069-03-06-09.png	816	exemplo
2977-020/2977-020-05-02-04.png	389	haverá
8999-013/8999-013-04-02-04.png	968	da
1490-035/1490-035-02-02-09.png	179	Essa
0236-028/0236-028-02-01-07.png	12	seu
1485-030/1485-030-03-02-08.png	176	de
0252-044/0252-044-03-02-13.png	20	isso
7869-045/7869-045-04-06-01.png	861	bate
7861-037/7861-037-02-05-01.png	853	tais
7867-043/7867-043-01-02-11.png	859	preconceituosa
4234-003/4234-003-01-02-10.png	462	de
0693-084/0693-084-01-01-04.png	89	XIX
4990-046/4990-046-01-04-10.png	610	de
0699-090/0699-090-05-02-04.png	92	de
7160-101/7160-101-03-05-07.png	723	tem
4412-090/4412-090-04-05-16.png	494	oti-
8759-047/8759-047-02-04-04.png	960	pois
1633-022/1633-022-03-01-08.png	203	de
4743-306/4743-306-04-02-19.png	561	se
7260-062/7260-062-03-05-15.png	735	essas
2605-022/2605-022-02-04-11.png	344	frágeis
1659-048/1659-048-02-07-03.png	228	um
9134-018/9134-018-02-02-09.png	972	se
4668-231/4668-231-02-03-11.png	543	de
1632-021/1632-021-04-02-08.png	202	de
1651-040/1651-040-02-04-05.png	221	gravidade
1632-021/1632-021-02-03-11.png	202	com
7589-045/7589-045-04-01-02.png	804	considerar
1650-039/1650-039-01-01-07.png	220	Black
7175-116/7175-116-02-06-12.png	732	de
7863-039/7863-039-02-04-10.png	855	de
8439-033/8439-033-03-06-14.png	920	de
7785-017/7785-017-01-04-07.png	832	um
0563-010/0563-010-03-07-02.png	43	as
4986-042/4986-042-01-08-07.png	606	de
8249-018/8249-018-02-02-01.png	916	que
0701-092/0701-092-02-04-11.png	93	os
3040-017/3040-017-05-03-02.png	391	os
2970-013/2970-013-04-03-12.png	382	meio
7564-020/7564-020-03-06-13.png	792	locali-
1729-018/1729-018-04-07-04.png	258	ao
3647-017/3647-017-01-07-01.png	412	de
3670-040/3670-040-03-08-02.png	422	de
1628-017/1628-017-04-01-01.png	198	Diante
6478-008/6478-008-04-04-02.png	657	ao
7803-035/7803-035-02-07-04.png	844	de
4356-034/4356-034-05-04-11.png	491	os
4097-015/4097-015-04-06-15.png	436	conse-
4463-026/4463-026-02-04-03.png	504	no
1666-055/1666-055-04-06-12.png	235	edu-
4791-010/4791-010-03-07-10.png	579	de
7862-038/7862-038-03-03-21.png	854	re-
4097-015/4097-015-02-04-13.png	436	spa
1654-043/1654-043-03-04-02.png	224	esse
7556-012/7556-012-03-01-07.png	788	salientado
6390-015/6390-015-03-06-01.png	645	da
2780-036/2780-036-03-04-01.png	377	de
8516-010/8516-010-02-03-02.png	939	por
8439-033/8439-033-04-06-13.png	920	co-
2780-036/2780-036-05-04-03.png	377	pelo
2610-027/2610-027-03-03-03.png	349	algo
1650-039/1650-039-04-07-06.png	220	funcionários
4931-005/4931-005-03-06-20.png	596	ali-
1757-021/1757-021-02-09-07.png	263	de
8523-017/8523-017-01-05-07.png	944	os
7987-041/7987-041-02-04-03.png	872	da
1673-062/1673-062-04-06-02.png	242	fim
7348-050/7348-050-01-01-09.png	780	da
2104-054/2104-054-04-05-01.png	270	ção
0256-048/0256-048-03-07-11.png	22	do
7798-030/7798-030-01-02-12.png	841	rir
1621-010/1621-010-03-04-07.png	191	barram
2670-027/2670-027-03-03-05.png	366	de
1641-030/1641-030-03-09-04.png	211	importância
1474-019/1474-019-04-05-07.png	167	as
7984-038/7984-038-04-08-04.png	871	por
7337-039/7337-039-04-07-01.png	769	por
4551-114/4551-114-05-02-04.png	516	se
1650-039/1650-039-01-02-08.png	220	um
2369-076/2369-076-04-02-04.png	327	em
2670-027/2670-027-04-06-04.png	366	de
7284-086/7284-086-02-03-06.png	757	de
8120-022/8120-022-03-05-09.png	882	exibição
1651-040/1651-040-01-05-12.png	221	estresse
5262-009/5262-009-02-07-03.png	618	do
1490-035/1490-035-01-01-15.png	179	que
8517-011/8517-011-02-08-03.png	940	esse
7589-045/7589-045-03-02-11.png	804	ao
8057-036/8057-036-02-03-04.png	877	do
1495-040/1495-040-01-02-08.png	184	de
7873-049/7873-049-03-04-16.png	865	hábito
7993-047/7993-047-02-08-01.png	874	vistas
1628-017/1628-017-03-03-10.png	198	em
8222-013/8222-013-03-01-11.png	905	da
3637-007/3637-007-02-03-01.png	407	sil
1002-028/1002-028-01-03-16.png	127	quan-
2368-075/2368-075-01-03-05.png	326	os
2607-024/2607-024-04-07-05.png	346	do
7981-035/7981-035-04-04-08.png	870	psiquiátrica
8751-039/8751-039-03-03-10.png	956	observa-se
4313-009/4313-009-02-06-09.png	486	do
4259-028/4259-028-02-06-18.png	467	con-
1129-024/1129-024-04-02-11.png	134	ao
5825-023/5825-023-04-06-03.png	628	de
0240-032/0240-032-01-04-06.png	14	um
7798-030/7798-030-03-06-17.png	841	com
4856-021/4856-021-03-05-08.png	583	de
3676-046/3676-046-03-03-04.png	427	de
4598-161/4598-161-04-03-06.png	528	já
8439-033/8439-033-02-07-12.png	920	as
4268-037/4268-037-02-01-10.png	471	da
6906-013/6906-013-04-03-11.png	670	por
5262-009/5262-009-05-08-18.png	618	seu
2738-050/2738-050-03-04-07.png	371	na
7348-050/7348-050-02-03-05.png	780	sua
1728-017/1728-017-04-08-01.png	257	de
8179-029/8179-029-03-01-09.png	898	em
8759-047/8759-047-02-03-08.png	960	Brasil
1601-040/1601-040-02-05-04.png	189	em
8896-023/8896-023-01-01-02.png	961	obra
7993-047/7993-047-03-08-09.png	874	os
1627-016/1627-016-02-06-11.png	197	esses
1444-048/1444-048-02-07-02.png	160	de
4681-244/4681-244-04-01-08.png	549	fim
7978-032/7978-032-04-02-19.png	869	direta-
0518-018/0518-018-01-03-13.png	33	do
0214-006/0214-006-01-04-04.png	1	no
1680-069/1680-069-03-03-08.png	249	Governo
7601-057/7601-057-04-05-02.png	810	não
8757-045/8757-045-03-01-02.png	959	desse
8757-045/8757-045-03-05-11.png	959	os
1659-048/1659-048-02-07-06.png	228	que
6912-019/6912-019-02-05-06.png	674	dos
1624-013/1624-013-01-01-02.png	194	filme
7170-111/7170-111-03-09-02.png	729	não
8249-018/8249-018-01-03-21.png	916	do
7589-045/7589-045-03-03-08.png	804	geral
9306-009/9306-009-02-01-15.png	992	do
0567-014/0567-014-04-03-01.png	47	do
7868-044/7868-044-01-02-11.png	860	de
1759-023/1759-023-04-04-08.png	264	os
1659-048/1659-048-02-06-12.png	228	no
1431-035/1431-035-02-07-02.png	149	foi
2515-058/2515-058-03-01-08.png	342	de
9158-042/9158-042-02-05-15.png	976	emo-
1659-048/1659-048-04-03-09.png	228	lei
2123-073/2123-073-03-03-15.png	284	vê
6913-020/6913-020-02-06-04.png	675	da
7864-040/7864-040-02-08-01.png	856	de
7871-047/7871-047-01-06-05.png	863	fomenta
2120-070/2120-070-01-06-18.png	281	is-
7261-063/7261-063-03-07-02.png	736	de
5826-024/5826-024-02-01-04.png	629	do
1684-073/1684-073-03-07-13.png	253	iten
2605-022/2605-022-04-06-01.png	344	resolvido
2374-081/2374-081-02-04-21.png	329	ser
4246-015/4246-015-02-06-04.png	464	ao
1626-015/1626-015-02-02-04.png	196	Revolução
0705-096/0705-096-02-05-12.png	94	do
2119-069/2119-069-04-06-10.png	280	os
2738-050/2738-050-02-05-13.png	371	custos
4313-009/4313-009-05-01-07.png	486	papel
1766-030/1766-030-04-06-06.png	268	da
7585-041/7585-041-03-03-07.png	802	torna-se
7798-030/7798-030-02-06-16.png	841	de
7132-073/7132-073-03-04-11.png	698	de
1654-043/1654-043-04-05-12.png	224	americana
6137-008/6137-008-02-02-12.png	637	que
0651-042/0651-042-04-05-02.png	71	de
7170-111/7170-111-04-07-06.png	729	para
7269-071/7269-071-02-09-17.png	742	da
7268-070/7268-070-03-05-11.png	741	as
8242-011/8242-011-01-01-11.png	910	da
1684-073/1684-073-02-02-12.png	253	mental
2124-074/2124-074-04-03-08.png	285	de
7613-069/7613-069-02-05-09.png	816	de
3679-049/3679-049-04-05-06.png	430	que
4356-034/4356-034-03-05-14.png	491	de
2637-023/2637-023-02-05-03.png	358	de
7138-079/7138-079-03-01-06.png	704	das
6408-033/6408-033-04-05-04.png	654	fito
1626-015/1626-015-03-01-17.png	196	brasileiros
7340-042/7340-042-02-07-09.png	772	os
1215-022/1215-022-02-06-03.png	142	em
1649-038/1649-038-01-01-03.png	219	francês
2605-022/2605-022-02-02-05.png	344	impasse
4775-020/4775-020-02-04-09.png	573	filmes
7269-071/7269-071-01-01-01.png	742	Na
1763-027/1763-027-02-08-10.png	266	que
3679-049/3679-049-02-04-11.png	430	Por
7576-032/7576-032-04-07-17.png	798	em
2970-013/2970-013-01-02-11.png	382	Manifesto
8246-015/8246-015-02-05-05.png	914	fosse
4997-053/4997-053-02-11-02.png	615	de
4985-041/4985-041-03-06-13.png	605	de
6110-018/6110-018-04-01-13.png	631	se
4124-042/4124-042-03-04-17.png	461	do
7876-052/7876-052-04-06-05.png	868	doenças
4766-011/4766-011-01-05-07.png	569	em
8759-047/8759-047-04-06-03.png	960	procurar
7585-041/7585-041-03-04-12.png	802	do
8517-011/8517-011-03-05-07.png	940	Darcy
8759-047/8759-047-04-05-10.png	960	quais
1628-017/1628-017-04-02-15.png	198	propagada
4930-004/4930-004-02-08-01.png	595	pela
3641-011/3641-011-04-02-10.png	410	em
4466-029/4466-029-03-01-11.png	505	fim
1637-026/1637-026-02-07-15.png	207	ca
7866-042/7866-042-04-06-05.png	858	alunos
2784-040/2784-040-03-10-11.png	379	de
5823-021/5823-021-04-02-12.png	626	que
1763-027/1763-027-03-03-13.png	266	de
7868-044/7868-044-03-03-05.png	860	os
4718-281/4718-281-01-02-10.png	556	de
1266-040/1266-040-01-03-06.png	143	que
1732-021/1732-021-02-04-08.png	260	Sob
7134-075/7134-075-04-07-12.png	700	de
2109-059/2109-059-01-05-01.png	275	pos
8517-011/8517-011-04-04-07.png	940	em
8060-039/8060-039-02-01-09.png	878	psi-
2369-076/2369-076-01-06-03.png	327	TV
1677-066/1677-066-02-03-09.png	246	2019
8751-039/8751-039-01-02-19.png	956	depressão
8439-033/8439-033-02-04-12.png	920	da
1002-028/1002-028-01-03-11.png	127	de
7338-040/7338-040-03-03-09.png	770	vez
8902-029/8902-029-04-05-01.png	964	de
2780-036/2780-036-03-05-04.png	377	na
6906-013/6906-013-04-04-06.png	670	em
2106-056/2106-056-01-02-09.png	272	da
4936-010/4936-010-04-01-12.png	598	no
2738-050/2738-050-02-06-10.png	371	higienização
1652-041/1652-041-02-07-04.png	222	leva
7984-038/7984-038-03-01-01.png	871	Além
1680-069/1680-069-03-05-03.png	249	Saúde
0993-019/0993-019-01-03-09.png	121	foi
4790-009/4790-009-04-02-03.png	578	que
3671-041/3671-041-03-05-14.png	423	na
7872-048/7872-048-04-06-06.png	864	de
9307-010/9307-010-04-07-04.png	993	de
6404-029/6404-029-03-01-04.png	652	de
1729-018/1729-018-02-06-04.png	258	ao
7873-049/7873-049-03-07-12.png	865	família
1651-040/1651-040-04-04-11.png	221	propagandas
0570-017/0570-017-01-06-08.png	48	do
4554-117/4554-117-03-02-07.png	517	da
0583-030/0583-030-02-08-02.png	56	de
8182-032/8182-032-02-06-23.png	899	do
2605-022/2605-022-03-04-09.png	344	de
3649-019/3649-019-04-02-15.png	414	que
6914-021/6914-021-01-04-01.png	676	tanto
4620-183/4620-183-03-07-13.png	533	sil-
6478-008/6478-008-03-03-13.png	657	uma
4847-012/4847-012-05-03-01.png	582	de
2970-013/2970-013-01-03-03.png	382	difundir
2104-054/2104-054-05-01-04.png	270	que
7702-068/7702-068-01-01-13.png	826	os
2124-074/2124-074-02-02-03.png	285	no
4356-034/4356-034-03-03-01.png	491	de
2632-018/2632-018-04-07-10.png	353	por
5825-023/5825-023-03-04-11.png	628	de
1647-036/1647-036-02-01-05.png	217	que
8469-063/8469-063-02-02-02.png	932	em
7613-069/7613-069-03-01-01.png	816	Além
7340-042/7340-042-04-03-10.png	772	de
0681-072/0681-072-02-01-01.png	84	Em
7585-041/7585-041-02-01-12.png	802	ao
8245-014/8245-014-03-03-11.png	913	um
7152-093/7152-093-01-03-08.png	716	foi
7272-074/7272-074-02-02-04.png	745	ao
2776-032/2776-032-03-10-01.png	375	ano
0565-012/0565-012-01-03-15.png	45	no
2123-073/2123-073-01-07-01.png	284	al
2189-046/2189-046-05-07-14.png	296	de
9307-010/9307-010-03-03-12.png	993	no
8621-069/8621-069-03-01-13.png	950	de
8522-016/8522-016-04-04-12.png	943	por
4767-012/4767-012-03-01-15.png	570	das
4313-009/4313-009-02-04-16.png	486	u-
7267-069/7267-069-01-04-03.png	740	das
7589-045/7589-045-02-05-09.png	804	pelos
7129-070/7129-070-01-04-17.png	695	se
2248-048/2248-048-03-02-04.png	303	por
0228-020/0228-020-02-06-03.png	8	Esse
4980-036/4980-036-01-05-13.png	602	de
2667-024/2667-024-04-02-07.png	364	de
7421-070/7421-070-04-03-09.png	782	país
2374-081/2374-081-02-01-09.png	329	uma
7587-043/7587-043-01-04-01.png	803	da
7869-045/7869-045-02-04-09.png	861	algumas
1757-021/1757-021-02-09-09.png	263	palas
4681-244/4681-244-04-01-07.png	549	por
1637-026/1637-026-01-07-05.png	207	razão
4601-164/4601-164-05-01-04.png	529	do
1632-021/1632-021-02-08-03.png	202	de
4668-231/4668-231-03-07-11.png	543	ao
4643-206/4643-206-02-01-04.png	538	do
0586-033/0586-033-01-05-13.png	58	às
7576-032/7576-032-02-02-03.png	798	público
6439-029/6439-029-03-05-12.png	655	do
8751-039/8751-039-04-08-04.png	956	dos
7045-008/7045-008-02-03-07.png	684	de
1489-034/1489-034-03-03-07.png	178	da
1630-019/1630-019-01-02-12.png	200	ainda
7987-041/7987-041-02-06-17.png	872	na
3649-019/3649-019-03-07-01.png	414	ro
7136-077/7136-077-02-01-06.png	702	do
8185-035/8185-035-02-02-12.png	900	Nas
7591-047/7591-047-02-05-01.png	805	em
4296-009/4296-009-05-04-01.png	478	dar
2670-027/2670-027-04-03-11.png	366	em
1673-062/1673-062-01-01-09.png	242	1988
2610-027/2610-027-04-01-03.png	349	necessário
7141-082/7141-082-04-04-08.png	707	de
7591-047/7591-047-03-08-06.png	805	consequências
2782-038/2782-038-04-04-06.png	378	de
7286-088/7286-088-04-02-18.png	759	de
8904-031/8904-031-04-05-12.png	965	de
1438-042/1438-042-01-02-05.png	156	fim
4620-183/4620-183-02-03-03.png	533	Com
1431-035/1431-035-03-06-13.png	149	pôr
7875-051/7875-051-03-04-07.png	867	da
0645-036/0645-036-03-02-16.png	68	sua
1632-021/1632-021-02-04-14.png	202	das
2606-023/2606-023-02-04-02.png	345	da
6404-029/6404-029-03-08-08.png	652	de
8904-031/8904-031-04-01-06.png	965	da
1633-022/1633-022-03-09-07.png	203	frente
4986-042/4986-042-03-05-08.png	606	do
1136-031/1136-031-04-05-08.png	138	mas
4743-306/4743-306-04-04-17.png	561	fito
7433-082/7433-082-01-01-06.png	785	de
2372-079/2372-079-03-02-18.png	328	de
1626-015/1626-015-01-03-14.png	196	por
7152-093/7152-093-01-05-11.png	716	em
7866-042/7866-042-04-04-04.png	858	de
1683-072/1683-072-01-01-09.png	252	os
1624-013/1624-013-01-07-08.png	194	de
1646-035/1646-035-03-08-15.png	216	ressaltar
7613-069/7613-069-03-09-03.png	816	parte
7872-048/7872-048-03-02-04.png	864	negativas
7266-068/7266-068-02-03-08.png	739	não
4765-010/4765-010-02-03-04.png	568	por
1431-035/1431-035-03-01-11.png	149	de
0669-060/0669-060-03-01-12.png	80	de
1646-035/1646-035-01-02-09.png	216	objetivos
0588-035/0588-035-04-02-10.png	59	seu
8190-040/8190-040-03-09-03.png	903	de
1624-013/1624-013-04-02-08.png	194	Ministério
7278-080/7278-080-02-04-03.png	751	Ao
8057-036/8057-036-02-08-12.png	877	do
7263-065/7263-065-03-03-06.png	737	de
7867-043/7867-043-04-04-18.png	859	aumentar
1444-048/1444-048-04-06-07.png	160	da
7861-037/7861-037-02-06-05.png	853	tão
2124-074/2124-074-01-07-13.png	285	de
7722-088/7722-088-01-05-11.png	830	são
2977-020/2977-020-04-03-07.png	389	humana
1621-010/1621-010-03-05-13.png	191	faz
7601-057/7601-057-01-01-02.png	810	Pierre
8120-022/8120-022-03-04-05.png	882	conceito
1683-072/1683-072-01-02-12.png	252	forma
4718-281/4718-281-04-06-04.png	556	de
7601-057/7601-057-03-04-04.png	810	acessíveis
6913-020/6913-020-02-01-14.png	675	do
5822-020/5822-020-03-06-07.png	625	por
7858-034/7858-034-04-01-11.png	850	da
4598-161/4598-161-05-02-12.png	528	que
0761-022/0761-022-03-03-14.png	96	os
9306-009/9306-009-02-06-04.png	992	que
2120-070/2120-070-02-06-12.png	281	que
7868-044/7868-044-03-01-03.png	860	da
3650-020/3650-020-02-05-05.png	415	do
7278-080/7278-080-04-02-03.png	751	que
2374-081/2374-081-02-06-04.png	329	as
1684-073/1684-073-02-05-13.png	253	sobre
4775-020/4775-020-01-05-05.png	573	fluxo
2245-045/2245-045-02-05-15.png	300	indi-
4097-015/4097-015-02-07-03.png	436	de
5826-024/5826-024-02-01-12.png	629	de
8751-039/8751-039-01-01-15.png	956	sociedade
6144-015/6144-015-04-06-15.png	641	pelo
1757-021/1757-021-04-04-21.png	263	e-
7338-040/7338-040-03-02-08.png	770	esse
1643-032/1643-032-04-04-18.png	213	dire-
7862-038/7862-038-01-04-12.png	854	problemas
4097-015/4097-015-03-04-15.png	436	Brasil
1666-055/1666-055-02-03-01.png	235	siderados
7866-042/7866-042-04-07-10.png	858	livre
1625-014/1625-014-01-01-08.png	195	Barreto
6911-018/6911-018-04-06-01.png	673	rá
8453-047/8453-047-04-03-01.png	926	tos
8471-065/8471-065-01-03-12.png	933	de
7278-080/7278-080-03-03-11.png	751	os
2124-074/2124-074-02-06-03.png	285	os
7576-032/7576-032-04-07-01.png	798	marginalizadas
1136-031/1136-031-03-03-06.png	138	no
8439-033/8439-033-03-03-03.png	920	que
7858-034/7858-034-04-05-03.png	850	parceria
0514-014/0514-014-02-04-14.png	31	as
7987-041/7987-041-03-04-13.png	872	spinoza
1732-021/1732-021-02-05-08.png	260	de
7868-044/7868-044-01-02-10.png	860	despejo
0592-039/0592-039-03-03-09.png	62	de
7993-047/7993-047-04-05-01.png	874	também
1659-048/1659-048-02-06-04.png	228	ausência
1652-041/1652-041-03-01-15.png	222	seja
9306-009/9306-009-04-03-07.png	992	na
4930-004/4930-004-03-07-08.png	595	grande
8120-022/8120-022-01-03-12.png	882	além
3665-035/3665-035-03-09-07.png	418	as
7981-035/7981-035-02-01-02.png	870	desse
4689-252/4689-252-03-01-07.png	553	do
6137-008/6137-008-03-07-02.png	637	no
0236-028/0236-028-04-01-03.png	12	em
0250-042/0250-042-02-02-08.png	19	ao
7861-037/7861-037-03-01-11.png	853	pensamentos
7864-040/7864-040-01-03-08.png	856	condição
2511-054/2511-054-03-02-11.png	340	de
1666-055/1666-055-04-04-02.png	235	meio
7875-051/7875-051-01-05-03.png	867	se
1438-042/1438-042-03-07-04.png	156	no
7875-051/7875-051-03-05-03.png	867	que
9526-010/9526-010-03-04-03.png	999	De
1649-038/1649-038-04-02-02.png	219	às
8749-037/8749-037-01-02-12.png	955	motivou
1629-018/1629-018-02-04-04.png	199	de
3637-007/3637-007-03-06-11.png	407	de
1650-039/1650-039-02-02-17.png	220	Penelope
7871-047/7871-047-04-02-02.png	863	de
1437-041/1437-041-04-08-10.png	155	ser
2252-052/2252-052-02-04-07.png	306	as
4930-004/4930-004-04-05-16.png	595	por
7858-034/7858-034-02-01-12.png	850	meios
1625-014/1625-014-03-06-11.png	195	trabalho
0583-030/0583-030-04-04-02.png	56	de
0514-014/0514-014-03-08-04.png	31	9º
7868-044/7868-044-02-04-05.png	860	espaço
1662-051/1662-051-04-07-08.png	231	preconceitos
1621-010/1621-010-01-04-10.png	191	às
4943-017/4943-017-02-06-01.png	601	ter
3652-022/3652-022-04-06-14.png	417	dos
1646-035/1646-035-02-01-14.png	216	estigma
1725-014/1725-014-02-07-07.png	254	de
3637-007/3637-007-02-07-14.png	407	elas
8747-035/8747-035-01-04-04.png	954	machadiana
7261-063/7261-063-02-05-08.png	736	vez
7871-047/7871-047-01-04-05.png	863	mentais
4412-090/4412-090-04-08-16.png	494	os
0701-092/0701-092-03-01-01.png	93	Por
6915-022/6915-022-03-04-02.png	677	só
1674-063/1674-063-01-02-07.png	243	saúde
7796-028/7796-028-02-06-13.png	840	que
1674-063/1674-063-03-04-10.png	243	mídia
1626-015/1626-015-01-07-05.png	196	modificá-la
6911-018/6911-018-04-04-04.png	673	da
1637-026/1637-026-04-02-08.png	207	juntamente
4934-008/4934-008-03-04-04.png	597	estão
7129-070/7129-070-03-03-13.png	695	de
6115-023/6115-023-03-05-17.png	635	eles
3638-008/3638-008-01-05-16.png	408	em
7576-032/7576-032-04-07-06.png	798	terão
8517-011/8517-011-02-04-14.png	940	pelo
4790-009/4790-009-04-02-12.png	578	que
6115-023/6115-023-02-05-01.png	635	dade
1123-018/1123-018-03-03-10.png	129	negro
7601-057/7601-057-02-02-05.png	810	todas
0641-032/0641-032-02-05-12.png	66	reais
2497-040/2497-040-03-03-07.png	337	os
1673-062/1673-062-04-02-03.png	242	da
7864-040/7864-040-02-03-08.png	856	definitivamente
8120-022/8120-022-02-02-01.png	882	trato
1682-071/1682-071-03-02-09.png	251	Gundesberg
1628-017/1628-017-04-01-08.png	198	mentais
4929-003/4929-003-02-06-17.png	594	torna
8120-022/8120-022-03-08-20.png	882	castigante
1643-032/1643-032-03-09-11.png	213	socialmente
1485-030/1485-030-04-05-06.png	176	tais
7789-021/7789-021-03-04-09.png	835	em
7288-090/7288-090-02-03-12.png	761	do
7012-025/7012-025-04-04-01.png	681	por
2784-040/2784-040-04-07-13.png	379	não
7807-039/7807-039-04-08-02.png	848	de
8222-013/8222-013-01-04-09.png	905	no
7722-088/7722-088-03-01-07.png	830	os
0573-020/0573-020-04-07-17.png	51	da
7268-070/7268-070-04-05-03.png	741	os
5649-032/5649-032-05-04-04.png	622	em
2368-075/2368-075-02-06-09.png	326	ou
7990-044/7990-044-01-03-07.png	873	enraízado
2977-020/2977-020-04-01-02.png	389	segundo
7867-043/7867-043-01-02-16.png	859	desamparo
8463-057/8463-057-01-02-05.png	930	que
7871-047/7871-047-04-08-11.png	863	com
8121-023/8121-023-04-03-04.png	883	construção
1495-040/1495-040-01-01-14.png	184	do
6390-015/6390-015-02-02-10.png	645	Essa
7270-072/7270-072-01-02-07.png	743	da
4111-029/4111-029-03-03-16.png	448	do
6137-008/6137-008-02-07-17.png	637	da
7170-111/7170-111-01-02-12.png	729	como
7993-047/7993-047-04-06-06.png	874	para
4111-029/4111-029-01-02-14.png	448	as
7170-111/7170-111-02-01-08.png	729	obra
3040-017/3040-017-05-06-05.png	391	ao
4321-017/4321-017-04-05-05.png	487	os
4672-235/4672-235-02-02-11.png	545	por
4929-003/4929-003-04-03-14.png	594	meio
0693-084/0693-084-03-02-01.png	89	de
7868-044/7868-044-04-01-13.png	860	de
8255-024/8255-024-02-08-02.png	919	em
7424-073/7424-073-01-03-01.png	783	de
7293-095/7293-095-03-01-05.png	765	de
0571-018/0571-018-03-02-15.png	49	do
4518-081/4518-081-05-04-01.png	512	que
0224-016/0224-016-01-03-11.png	6	por
3636-006/3636-006-03-05-05.png	406	país
4790-009/4790-009-02-07-07.png	578	aos
2323-030/2323-030-05-07-12.png	312	os
2106-056/2106-056-02-06-06.png	272	da
1633-022/1633-022-04-04-12.png	203	normalidade
8485-079/8485-079-04-01-05.png	938	na
6145-016/6145-016-01-03-13.png	642	são
2374-081/2374-081-01-01-11.png	329	na
1437-041/1437-041-03-07-13.png	155	na
2639-025/2639-025-03-05-12.png	360	os
3679-049/3679-049-05-03-05.png	430	de
4097-015/4097-015-03-04-04.png	436	própria
1642-031/1642-031-01-04-13.png	212	contemporâncea
1642-031/1642-031-04-07-02.png	212	através
6140-011/6140-011-02-04-02.png	639	na
7556-012/7556-012-02-03-07.png	788	Assim
1626-015/1626-015-03-02-09.png	196	Byung-Chul
7601-057/7601-057-01-05-07.png	810	haja
7981-035/7981-035-03-04-08.png	870	sobre
4748-311/4748-311-03-01-12.png	564	por
4931-005/4931-005-02-04-11.png	596	aos
0775-036/0775-036-03-01-11.png	102	que
1768-032/1768-032-03-04-12.png	269	de
4677-240/4677-240-03-04-02.png	547	no
8751-039/8751-039-04-06-17.png	956	com
8759-047/8759-047-04-04-08.png	960	saúde
3637-007/3637-007-04-03-12.png	407	de
3673-043/3673-043-03-04-10.png	425	em
7145-086/7145-086-04-05-16.png	711	de
1661-050/1661-050-01-05-02.png	230	preconceito
1638-027/1638-027-03-10-12.png	208	suma
7601-057/7601-057-03-03-14.png	810	de
2776-032/2776-032-03-09-13.png	375	do
7866-042/7866-042-02-04-02.png	858	da
8245-014/8245-014-02-02-09.png	913	das
1621-010/1621-010-02-03-07.png	191	italiano
6113-021/6113-021-04-04-23.png	633	aos
7576-032/7576-032-02-04-08.png	798	que
1650-039/1650-039-01-06-07.png	220	doenças
7796-028/7796-028-02-05-14.png	840	nos
8246-015/8246-015-01-03-13.png	914	ligados
8749-037/8749-037-02-02-07.png	955	Isso
1432-036/1432-036-02-02-08.png	150	ao
4293-006/4293-006-05-02-11.png	476	por
1763-027/1763-027-04-02-06.png	266	de
7336-038/7336-038-02-04-11.png	768	na
1625-014/1625-014-04-03-14.png	195	nas
4673-236/4673-236-03-01-15.png	546	maxi-
2372-079/2372-079-01-01-15.png	328	em
0588-035/0588-035-01-01-12.png	59	que
7993-047/7993-047-01-01-07.png	874	ditatoriais
0560-007/0560-007-01-02-03.png	41	com
6137-008/6137-008-01-04-14.png	637	arte
4936-010/4936-010-01-03-14.png	598	de
1677-066/1677-066-03-04-13.png	246	promoção
1661-050/1661-050-01-04-12.png	230	da
4611-174/4611-174-04-05-14.png	532	não
7794-026/7794-026-03-06-04.png	838	que
3512-016/3512-016-02-02-07.png	398	de
7576-032/7576-032-01-04-16.png	798	sofreria
0260-052/0260-052-02-07-19.png	24	pode
2374-081/2374-081-01-04-13.png	329	um
8447-041/8447-041-02-05-08.png	923	por
8185-035/8185-035-03-02-06.png	900	do
0520-020/0520-020-03-07-08.png	34	da
7293-095/7293-095-01-03-16.png	765	às
9310-013/9310-013-04-04-04.png	995	de
3665-035/3665-035-03-01-09.png	418	com
7576-032/7576-032-03-04-01.png	798	Brasil
8451-045/8451-045-02-04-09.png	925	do
7152-093/7152-093-02-03-09.png	716	esse
4929-003/4929-003-04-05-06.png	594	local
8186-036/8186-036-02-06-15.png	901	adoe-
1677-066/1677-066-03-02-01.png	246	cidadãos
0998-024/0998-024-03-05-11.png	125	os
1660-049/1660-049-04-03-07.png	229	importância
8747-035/8747-035-02-05-04.png	954	marcado
0256-048/0256-048-04-04-11.png	22	de
2679-036/2679-036-04-04-09.png	370	no
3670-040/3670-040-05-01-01.png	422	Sob
0555-002/0555-002-03-07-19.png	38	que
4298-011/4298-011-05-03-10.png	480	da
2368-075/2368-075-01-05-11.png	326	Esse
8904-031/8904-031-04-03-06.png	965	do
7868-044/7868-044-03-05-04.png	860	transtornos
4292-005/4292-005-02-03-06.png	475	dos
7872-048/7872-048-03-02-06.png	864	que
1652-041/1652-041-02-07-10.png	222	esses
2337-044/2337-044-03-11-09.png	319	ou
0252-044/0252-044-03-10-03.png	20	do
7869-045/7869-045-03-04-03.png	861	existem
4623-186/4623-186-03-10-03.png	534	de
4928-002/4928-002-04-06-02.png	593	nas
0993-019/0993-019-02-06-15.png	121	de
4767-012/4767-012-01-03-01.png	570	atual
7858-034/7858-034-03-01-07.png	850	autoridades
4934-008/4934-008-02-02-03.png	597	Isso
2119-069/2119-069-03-04-09.png	280	dos
7272-074/7272-074-04-01-08.png	745	com
0573-020/0573-020-03-05-13.png	51	da
0777-038/0777-038-04-03-06.png	103	ser
4740-303/4740-303-03-03-08.png	560	as
7163-104/7163-104-03-01-08.png	726	no
2610-027/2610-027-02-02-03.png	349	De
8902-029/8902-029-03-06-17.png	964	uma
7177-118/7177-118-02-02-01.png	733	do
7796-028/7796-028-04-05-08.png	840	os
7288-090/7288-090-02-04-12.png	761	vez
2667-024/2667-024-03-05-08.png	364	de
1662-051/1662-051-03-03-03.png	231	conceito
1001-027/1001-027-04-03-01.png	126	por
1725-014/1725-014-03-04-02.png	254	as
1621-010/1621-010-03-08-01.png	191	Organização
2487-030/2487-030-03-03-01.png	332	as
7702-068/7702-068-01-05-11.png	826	de
2128-078/2128-078-02-03-03.png	287	as
1654-043/1654-043-02-05-11.png	224	veste
4524-087/4524-087-05-04-12.png	513	Ao
1628-017/1628-017-04-01-04.png	198	estigmatização
0524-024/0524-024-01-02-09.png	36	no
8249-018/8249-018-03-05-08.png	916	que
4930-004/4930-004-02-04-05.png	595	seus
0578-025/0578-025-01-06-18.png	54	no
7859-035/7859-035-01-06-02.png	851	disso
1663-052/1663-052-03-05-14.png	232	pessoas
4312-008/4312-008-03-08-04.png	485	da
7987-041/7987-041-03-01-10.png	872	às
6137-008/6137-008-02-05-18.png	637	de
8057-036/8057-036-01-05-12.png	877	que
4111-029/4111-029-01-03-12.png	448	de
7269-071/7269-071-03-06-02.png	742	da
7868-044/7868-044-04-03-02.png	860	da
4124-042/4124-042-02-07-11.png	461	indivíduos
8749-037/8749-037-03-07-06.png	955	mídia
8222-013/8222-013-04-04-15.png	905	da
4929-003/4929-003-02-02-05.png	594	noção
1627-016/1627-016-02-06-05.png	197	presentes
4097-015/4097-015-03-01-09.png	436	de
3648-018/3648-018-04-06-15.png	413	bra-
2666-023/2666-023-04-05-03.png	363	da
0228-020/0228-020-03-05-16.png	8	lazer
8191-041/8191-041-02-01-10.png	904	por
5648-031/5648-031-02-06-05.png	621	pela
2515-058/2515-058-02-02-07.png	342	por
1626-015/1626-015-02-08-10.png	196	Dessa
8120-022/8120-022-02-05-13.png	882	no
6404-029/6404-029-03-05-04.png	652	se
3636-006/3636-006-02-03-16.png	406	da
4845-010/4845-010-05-03-08.png	581	de
4679-242/4679-242-02-03-10.png	548	por
0520-020/0520-020-05-03-03.png	34	Já
0830-026/0830-026-02-10-11.png	104	que
4673-236/4673-236-01-04-12.png	546	às
1621-010/1621-010-03-04-11.png	191	ajuda
1442-046/1442-046-01-02-04.png	159	por
2970-013/2970-013-04-05-14.png	382	modernis-
1684-073/1684-073-03-02-15.png	253	com
7433-082/7433-082-04-07-01.png	785	to
2252-052/2252-052-02-04-03.png	306	de
7585-041/7585-041-01-03-05.png	802	ferramenta
4518-081/4518-081-03-04-10.png	512	se
0830-026/0830-026-04-11-08.png	104	dor
0763-024/0763-024-03-07-04.png	97	do
7564-020/7564-020-04-06-04.png	792	empresas
0998-024/0998-024-04-07-08.png	125	de
7873-049/7873-049-03-03-05.png	865	conjunto
1638-027/1638-027-02-07-08.png	208	quanto
8621-069/8621-069-03-01-08.png	950	de
8483-077/8483-077-02-02-12.png	937	No
1429-033/1429-033-02-03-01.png	147	vio
0647-038/0647-038-02-05-09.png	69	que
0224-016/0224-016-04-02-15.png	6	da
2639-025/2639-025-03-07-13.png	360	os
4259-028/4259-028-01-03-04.png	467	faz
1649-038/1649-038-03-07-10.png	219	os
7876-052/7876-052-04-04-03.png	868	educação
4679-242/4679-242-02-07-15.png	548	não
6478-008/6478-008-03-04-04.png	657	de
1661-050/1661-050-02-07-15.png	230	faz-se
7144-085/7144-085-03-05-02.png	710	do
1641-030/1641-030-03-04-06.png	211	plena
7156-097/7156-097-04-02-01.png	719	jeto
2610-027/2610-027-02-02-07.png	349	filosofo
7868-044/7868-044-01-05-06.png	860	hospício
1489-034/1489-034-02-03-03.png	178	da
4235-004/4235-004-02-04-06.png	463	que
4097-015/4097-015-03-07-07.png	436	principalmente
7140-081/7140-081-04-06-03.png	706	de
4247-016/4247-016-03-02-07.png	465	um
6914-021/6914-021-02-08-09.png	676	do
4611-174/4611-174-02-03-14.png	532	no
6392-017/6392-017-03-05-09.png	646	de
0566-013/0566-013-03-06-02.png	46	Em
3671-041/3671-041-04-01-12.png	423	no
7868-044/7868-044-02-01-05.png	860	analisar
1757-021/1757-021-01-01-05.png	263	de
1641-030/1641-030-04-08-16.png	211	outra
4097-015/4097-015-03-02-12.png	436	Nesse
4766-011/4766-011-03-04-01.png	569	em
7589-045/7589-045-02-02-04.png	804	vez
2125-075/2125-075-02-06-05.png	286	as
4518-081/4518-081-03-08-12.png	512	foi
1650-039/1650-039-04-07-01.png	220	especializados
8222-013/8222-013-01-07-03.png	905	dos
7591-047/7591-047-03-08-04.png	805	acesso
0659-050/0659-050-02-07-07.png	75	que
2252-052/2252-052-03-03-14.png	306	pelo
8249-018/8249-018-03-04-09.png	916	que
7129-070/7129-070-04-02-16.png	695	ser
1001-027/1001-027-04-06-02.png	126	às
7799-031/7799-031-03-05-15.png	842	ao
8619-067/8619-067-02-05-18.png	948	da-
1432-036/1432-036-04-02-01.png	150	ca
1652-041/1652-041-01-05-01.png	222	físicas
0218-010/0218-010-02-02-10.png	3	do
8225-016/8225-016-02-02-11.png	908	as
7271-073/7271-073-03-07-09.png	744	de
1649-038/1649-038-02-01-14.png	219	do
4427-105/4427-105-04-04-12.png	499	por
7556-012/7556-012-03-03-07.png	788	sua
2368-075/2368-075-03-02-05.png	326	de
8439-033/8439-033-04-03-12.png	920	nos
1446-050/1446-050-04-04-11.png	162	pelo
1627-016/1627-016-01-04-09.png	197	são
1666-055/1666-055-03-06-02.png	235	para
1677-066/1677-066-04-03-03.png	246	nacional
0647-038/0647-038-04-06-13.png	69	so-
4790-009/4790-009-04-08-06.png	578	por
6144-015/6144-015-02-03-19.png	641	2019
1628-017/1628-017-03-02-16.png	198	no
8182-032/8182-032-02-03-19.png	899	pelo
1643-032/1643-032-03-01-14.png	213	conti-
0693-084/0693-084-03-04-17.png	89	dos
1431-035/1431-035-02-08-06.png	149	de
2633-019/2633-019-04-03-15.png	354	deve
7439-088/7439-088-04-02-11.png	787	das
1674-063/1674-063-01-05-09.png	243	positivas
0777-038/0777-038-03-06-09.png	103	de
1621-010/1621-010-04-04-11.png	191	por
7787-019/7787-019-03-03-14.png	833	de
7990-044/7990-044-03-06-04.png	873	tratamento
7793-025/7793-025-03-02-05.png	837	de
8516-010/8516-010-02-03-04.png	939	da
7791-023/7791-023-04-07-12.png	836	de
4111-029/4111-029-04-03-08.png	448	as
1659-048/1659-048-04-05-14.png	228	na
1682-071/1682-071-02-09-06.png	251	postura
7873-049/7873-049-02-07-05.png	865	coletiva
0830-026/0830-026-04-02-14.png	104	que
0555-002/0555-002-03-05-03.png	38	pela
1629-018/1629-018-03-08-11.png	199	portanto
7425-074/7425-074-01-01-09.png	784	de
0586-033/0586-033-01-04-01.png	58	ou
9154-038/9154-038-03-02-01.png	975	so
1628-017/1628-017-01-01-11.png	198	debate
2369-076/2369-076-01-06-09.png	327	que
7260-062/7260-062-01-02-07.png	735	que
1637-026/1637-026-01-05-04.png	207	âmbito
4610-173/4610-173-04-05-05.png	531	do
7601-057/7601-057-03-02-19.png	810	local
7439-088/7439-088-03-05-06.png	787	de
7990-044/7990-044-02-03-09.png	873	sociólogo
3040-017/3040-017-03-08-10.png	391	do
2970-013/2970-013-03-01-08.png	382	ao
2970-013/2970-013-03-02-01.png	382	perativamente
1630-019/1630-019-02-09-01.png	200	ma
7288-090/7288-090-02-06-06.png	761	do
2374-081/2374-081-03-01-10.png	329	ao
0256-048/0256-048-03-05-07.png	22	os
1768-032/1768-032-02-08-03.png	269	que
0424-022/0424-022-02-08-08.png	28	de
9199-032/9199-032-01-02-08.png	980	de
4988-044/4988-044-03-10-04.png	608	ser
4743-306/4743-306-02-05-03.png	561	algoz
7576-032/7576-032-04-04-10.png	798	ocorrer
1666-055/1666-055-02-07-13.png	235	sozi-
1651-040/1651-040-03-04-11.png	221	de
8254-023/8254-023-03-05-12.png	918	Analogamente
4545-108/4545-108-03-05-05.png	515	já
8249-018/8249-018-01-01-06.png	916	do
4424-102/4424-102-02-05-14.png	498	ao
0256-048/0256-048-04-06-11.png	22	de
1674-063/1674-063-03-02-02.png	243	do
1659-048/1659-048-04-03-04.png	228	por
4463-026/4463-026-03-01-12.png	504	da
4754-317/4754-317-02-03-09.png	565	dia
1630-019/1630-019-04-07-11.png	200	no
0214-006/0214-006-02-05-12.png	1	E-
6913-020/6913-020-02-03-02.png	675	do
2639-025/2639-025-02-05-14.png	360	de
0681-072/0681-072-01-05-01.png	84	que
1431-035/1431-035-02-04-13.png	149	tal
2121-071/2121-071-02-02-10.png	282	que
3671-041/3671-041-04-05-02.png	423	ser
9203-036/9203-036-02-06-12.png	982	de
8473-067/8473-067-02-02-10.png	934	foi
2970-013/2970-013-01-01-10.png	382	partir
1469-014/1469-014-01-06-15.png	166	os
1660-049/1660-049-01-02-07.png	229	saúde
7787-019/7787-019-01-05-04.png	833	das
6907-014/6907-014-03-01-02.png	671	há
2189-046/2189-046-04-05-05.png	296	em
8999-013/8999-013-02-04-08.png	968	pelo
8186-036/8186-036-04-01-05.png	901	que
4668-231/4668-231-01-04-02.png	543	das
8120-022/8120-022-04-05-14.png	882	quantidade
8245-014/8245-014-02-02-02.png	913	na
8473-067/8473-067-02-10-05.png	934	de
3673-043/3673-043-04-01-01.png	425	Há
7795-027/7795-027-02-03-10.png	839	do
1663-052/1663-052-01-06-07.png	232	efetivo
1628-017/1628-017-02-03-12.png	198	de
1763-027/1763-027-01-01-17.png	266	in-
0998-024/0998-024-04-03-07.png	125	de
1126-021/1126-021-02-06-13.png	131	Essa
4672-235/4672-235-05-05-01.png	545	do
1763-027/1763-027-02-01-10.png	266	de
7861-037/7861-037-04-01-12.png	853	educação
1669-058/1669-058-02-07-06.png	238	para
1682-071/1682-071-01-04-10.png	251	cenário
7861-037/7861-037-02-10-08.png	853	são
8243-012/8243-012-01-03-14.png	911	na
7276-078/7276-078-02-09-01.png	749	tais
7858-034/7858-034-04-01-13.png	850	responsável
8449-043/8449-043-02-03-02.png	924	na
2130-080/2130-080-02-02-06.png	289	que
8625-073/8625-073-02-04-07.png	951	que
7993-047/7993-047-03-09-06.png	874	compartilhado
1642-031/1642-031-04-03-05.png	212	do
3666-036/3666-036-04-04-01.png	419	tal
7866-042/7866-042-04-04-09.png	858	palestras
7601-057/7601-057-03-01-04.png	810	que
8057-036/8057-036-03-07-10.png	877	ao
8900-027/8900-027-03-07-10.png	963	pelo
3040-017/3040-017-03-07-11.png	391	do
4299-012/4299-012-02-01-11.png	481	pas-
8481-075/8481-075-02-02-08.png	936	de
2120-070/2120-070-02-01-15.png	281	de
7798-030/7798-030-02-03-10.png	841	de
6907-014/6907-014-02-03-18.png	671	os
7138-079/7138-079-03-01-14.png	704	vei-
4524-087/4524-087-03-01-11.png	513	de
7340-042/7340-042-04-05-13.png	772	os
5262-009/5262-009-05-08-17.png	618	de
1684-073/1684-073-02-07-06.png	253	sofrem
1650-039/1650-039-02-06-16.png	220	em
1677-066/1677-066-01-03-09.png	246	hodierna
4930-004/4930-004-02-01-08.png	595	deste
6905-012/6905-012-03-02-05.png	669	de
0244-036/0244-036-02-06-07.png	16	que
1656-045/1656-045-04-02-19.png	226	de
4427-105/4427-105-04-04-05.png	499	de
1674-063/1674-063-03-05-02.png	243	individuos
4928-002/4928-002-02-03-11.png	593	suas
8245-014/8245-014-02-06-06.png	913	os
2738-050/2738-050-04-05-09.png	371	os
2249-049/2249-049-03-03-13.png	304	de
7858-034/7858-034-04-06-12.png	850	princípio
4721-284/4721-284-02-07-06.png	558	se
7278-080/7278-080-04-02-09.png	751	do
8463-057/8463-057-03-04-08.png	930	vez
4689-252/4689-252-02-08-06.png	553	de
4943-017/4943-017-03-05-11.png	601	fica
2666-023/2666-023-03-07-12.png	363	pro-
4303-016/4303-016-03-01-13.png	482	as
7621-077/7621-077-04-02-04.png	820	democratizado
2123-073/2123-073-03-07-07.png	284	do
4934-008/4934-008-02-03-21.png	597	as
7866-042/7866-042-04-03-08.png	858	juntamente
2121-071/2121-071-03-02-05.png	282	que
9201-034/9201-034-01-01-07.png	981	um
1666-055/1666-055-02-07-05.png	235	condicionando
7867-043/7867-043-01-01-04.png	859	de
7131-072/7131-072-03-01-07.png	697	que
6907-014/6907-014-02-01-20.png	671	de
1490-035/1490-035-03-06-07.png	179	do
7722-088/7722-088-01-04-15.png	830	falta
4786-005/4786-005-02-07-08.png	576	de
4934-008/4934-008-02-07-01.png	597	to
3637-007/3637-007-04-02-19.png	407	do
2613-030/2613-030-03-03-03.png	352	ínfimo
8249-018/8249-018-04-02-06.png	916	no
7993-047/7993-047-03-01-16.png	874	que
0226-018/0226-018-03-08-17.png	7	des
9201-034/9201-034-01-03-10.png	981	da
8182-032/8182-032-04-04-16.png	899	de
2607-024/2607-024-02-07-09.png	346	vez
1001-027/1001-027-01-04-02.png	126	No
7151-092/7151-092-01-05-04.png	715	do
1642-031/1642-031-02-02-11.png	212	trata
7869-045/7869-045-02-05-17.png	861	Sergio
8242-011/8242-011-03-02-12.png	910	do
0250-042/0250-042-03-06-09.png	19	ao
1656-045/1656-045-02-09-08.png	226	felicidade
8751-039/8751-039-04-06-06.png	956	respeito
8443-037/8443-037-02-09-10.png	922	de
3632-002/3632-002-04-04-01.png	404	na
1731-020/1731-020-01-05-14.png	259	cine-
2613-030/2613-030-03-02-04.png	352	exercida
8242-011/8242-011-04-02-12.png	910	da
7793-025/7793-025-01-03-07.png	837	que
4679-242/4679-242-04-01-12.png	548	cog-
4265-034/4265-034-03-02-09.png	470	de
4980-036/4980-036-02-07-04.png	602	de
0578-025/0578-025-03-02-10.png	54	De
7791-023/7791-023-04-05-07.png	836	de
1652-041/1652-041-01-03-05.png	222	do
1677-066/1677-066-01-05-02.png	246	discutir
4718-281/4718-281-01-01-15.png	556	trás
4598-161/4598-161-03-04-10.png	528	de
7872-048/7872-048-04-05-05.png	864	psicólogos
9134-018/9134-018-02-01-11.png	972	da
6113-021/6113-021-02-07-03.png	633	só
4488-051/4488-051-04-06-13.png	507	em
7869-045/7869-045-04-01-15.png	861	de
7785-017/7785-017-04-02-10.png	832	da
7136-077/7136-077-01-03-17.png	702	essas
4721-284/4721-284-03-06-03.png	558	de
4321-017/4321-017-03-09-06.png	487	que
2977-020/2977-020-01-01-01.png	389	Urgência
2784-040/2784-040-03-09-11.png	379	do
0570-017/0570-017-02-10-05.png	48	as
7152-093/7152-093-01-04-03.png	716	as
0560-007/0560-007-03-03-13.png	41	no
4313-009/4313-009-02-01-10.png	486	seja
4293-006/4293-006-04-01-02.png	476	das
6439-029/6439-029-04-03-11.png	655	de
0570-017/0570-017-02-08-07.png	48	por
7868-044/7868-044-02-05-08.png	860	doenças
1666-055/1666-055-03-02-03.png	235	vida
2784-040/2784-040-03-01-11.png	379	con-
7869-045/7869-045-04-05-12.png	861	do
1656-045/1656-045-04-01-19.png	226	re-
2119-069/2119-069-01-02-01.png	280	do
1768-032/1768-032-02-01-07.png	269	da
7044-007/7044-007-03-07-01.png	683	de
0555-002/0555-002-04-04-07.png	38	por
1425-029/1425-029-03-06-13.png	145	do
7046-009/7046-009-04-02-06.png	685	da
4790-009/4790-009-02-02-08.png	578	que
1447-051/1447-051-02-05-12.png	163	que
7284-086/7284-086-03-01-07.png	757	de
7589-045/7589-045-02-03-01.png	804	De
7012-025/7012-025-01-01-01.png	681	No
1621-010/1621-010-04-04-10.png	191	ocorrer
0683-074/0683-074-04-01-17.png	85	aos
1651-040/1651-040-04-01-01.png	221	Portanto
8060-039/8060-039-03-03-07.png	878	10
4930-004/4930-004-02-01-03.png	595	em
1643-032/1643-032-03-07-12.png	213	Arthur
5651-034/5651-034-04-07-07.png	624	se
2970-013/2970-013-03-03-07.png	382	filosofia
2977-020/2977-020-04-03-02.png	389	Tal
4518-081/4518-081-04-06-12.png	512	que
7338-040/7338-040-01-04-15.png	770	de
1656-045/1656-045-04-01-11.png	226	dissolutivas
0659-050/0659-050-02-01-19.png	75	produ-
4743-306/4743-306-02-03-13.png	561	no
8182-032/8182-032-04-06-14.png	899	leis
7864-040/7864-040-03-01-01.png	856	Outrossim
4767-012/4767-012-04-06-01.png	570	ser
4643-206/4643-206-02-04-08.png	538	do
3638-008/3638-008-04-05-09.png	408	de
8521-015/8521-015-01-03-04.png	942	do
4775-020/4775-020-02-06-18.png	573	dos
4482-045/4482-045-03-04-16.png	506	as
1621-010/1621-010-04-01-08.png	191	mentais
7873-049/7873-049-02-01-11.png	865	problema
2369-076/2369-076-01-01-12.png	327	era
7807-039/7807-039-03-07-12.png	848	por
1649-038/1649-038-03-01-09.png	219	pela
7160-101/7160-101-04-07-07.png	723	de
0651-042/0651-042-04-01-17.png	71	raíz
7136-077/7136-077-04-06-11.png	702	em
7587-043/7587-043-02-06-09.png	803	os
7053-016/7053-016-01-03-04.png	690	de
7876-052/7876-052-01-05-08.png	868	pessoas
7871-047/7871-047-02-05-05.png	863	somente
0579-026/0579-026-03-02-15.png	55	as
7286-088/7286-088-01-04-04.png	759	os
7266-068/7266-068-03-04-02.png	739	ao
7343-045/7343-045-02-09-10.png	775	às
3636-006/3636-006-04-04-18.png	406	da
2515-058/2515-058-01-03-07.png	342	por
1683-072/1683-072-03-05-05.png	252	depressão
0260-052/0260-052-01-01-07.png	24	em
4740-303/4740-303-04-03-08.png	560	da
6140-011/6140-011-01-04-09.png	639	no
1628-017/1628-017-04-07-05.png	198	atuem
7279-081/7279-081-03-06-04.png	752	as
3676-046/3676-046-03-05-06.png	427	do
2369-076/2369-076-04-05-08.png	327	que
0216-008/0216-008-02-01-12.png	2	de
0216-008/0216-008-02-07-06.png	2	ao
8121-023/8121-023-02-02-02.png	883	realidade
2318-025/2318-025-03-05-01.png	308	se
3633-003/3633-003-01-04-03.png	405	no
7556-012/7556-012-02-08-01.png	788	faz-se
1650-039/1650-039-03-02-04.png	220	de
8759-047/8759-047-03-03-08.png	960	de
7589-045/7589-045-03-05-07.png	804	disso
0250-042/0250-042-03-02-04.png	19	um
7261-063/7261-063-02-06-05.png	736	dos
3669-039/3669-039-02-05-11.png	421	afo-
7344-046/7344-046-02-08-01.png	776	ta
1677-066/1677-066-02-02-14.png	246	sentido
1650-039/1650-039-02-05-19.png	220	partir
7621-077/7621-077-03-07-01.png	820	enxergando-o
2337-044/2337-044-03-05-09.png	319	de
8249-018/8249-018-03-05-10.png	916	os
5822-020/5822-020-05-05-10.png	625	Brasil
4789-008/4789-008-03-07-10.png	577	de
7978-032/7978-032-03-04-09.png	869	Social
1680-069/1680-069-04-03-08.png	249	Tal
8621-069/8621-069-03-06-11.png	950	as
7869-045/7869-045-02-04-12.png	861	sendo
0252-044/0252-044-02-01-15.png	20	de
4097-015/4097-015-04-01-14.png	436	da
0232-024/0232-024-01-06-10.png	10	se
2485-028/2485-028-03-05-12.png	331	de
0218-010/0218-010-02-05-14.png	3	da
1626-015/1626-015-04-02-07.png	196	de
7589-045/7589-045-02-03-11.png	804	assim
0236-028/0236-028-04-05-16.png	12	dos
1624-013/1624-013-01-06-14.png	194	dificilmente
6139-010/6139-010-04-01-11.png	638	do
8751-039/8751-039-02-06-08.png	956	grupo
6394-019/6394-019-04-04-06.png	647	de
2121-071/2121-071-01-04-01.png	282	com
0579-026/0579-026-02-07-06.png	55	os
7433-082/7433-082-01-06-16.png	785	na
7439-088/7439-088-01-04-03.png	787	no
0641-032/0641-032-04-01-04.png	66	fatos
1641-030/1641-030-01-01-18.png	211	do
2489-032/2489-032-01-04-09.png	333	de
1766-030/1766-030-01-05-10.png	268	pela
1677-066/1677-066-03-01-03.png	246	observar
1637-026/1637-026-03-03-07.png	207	os
0669-060/0669-060-04-01-07.png	80	fica
7864-040/7864-040-03-07-01.png	856	capazes
1447-051/1447-051-01-01-13.png	163	os
1649-038/1649-038-01-03-12.png	219	existência
8254-023/8254-023-01-05-09.png	918	que
4929-003/4929-003-01-04-13.png	594	uma
8747-035/8747-035-02-05-01.png	954	diano
7348-050/7348-050-04-08-01.png	780	da
1628-017/1628-017-01-03-05.png	198	principalmente
7795-027/7795-027-02-06-16.png	839	dias
2970-013/2970-013-01-06-07.png	382	social
7145-086/7145-086-02-07-08.png	711	de
6139-010/6139-010-02-05-15.png	638	com
6142-013/6142-013-03-07-09.png	640	se
9201-034/9201-034-01-06-01.png	981	lação
4247-016/4247-016-03-06-19.png	465	que
7873-049/7873-049-02-04-17.png	865	faz
1662-051/1662-051-04-01-07.png	231	por
0564-011/0564-011-04-03-05.png	44	em
1624-013/1624-013-04-07-10.png	194	ocorrên-
0236-028/0236-028-01-03-09.png	12	que
7978-032/7978-032-03-07-01.png	869	gadores
4936-010/4936-010-02-06-06.png	598	por
2606-023/2606-023-02-06-08.png	345	mentalidade
1660-049/1660-049-02-04-02.png	229	são
9158-042/9158-042-01-05-03.png	976	Por
6912-019/6912-019-05-03-08.png	674	de
7052-015/7052-015-03-03-13.png	689	de
6907-014/6907-014-03-03-02.png	671	de
1632-021/1632-021-02-07-11.png	202	sociedade
9307-010/9307-010-03-02-01.png	993	ta
1651-040/1651-040-01-06-11.png	221	informativas
1651-040/1651-040-03-05-02.png	221	por
7424-073/7424-073-04-02-03.png	783	por
2606-023/2606-023-03-06-11.png	345	para
4928-002/4928-002-01-04-14.png	593	do
1663-052/1663-052-03-07-01.png	232	social
4646-209/4646-209-03-01-13.png	539	do
6394-019/6394-019-03-03-13.png	647	na
7863-039/7863-039-02-02-06.png	855	realidade
7589-045/7589-045-02-07-05.png	804	foi
4601-164/4601-164-03-07-09.png	529	em
2318-025/2318-025-04-13-09.png	308	os
1763-027/1763-027-01-03-06.png	266	vez
1646-035/1646-035-04-03-12.png	216	conhecimento
5648-031/5648-031-01-01-01.png	621	Há
7158-099/7158-099-03-06-05.png	721	ser
1674-063/1674-063-03-01-02.png	243	aspecto
4623-186/4623-186-03-06-08.png	534	de
7861-037/7861-037-02-09-03.png	853	forma
0516-016/0516-016-03-05-04.png	32	de
1474-019/1474-019-03-05-01.png	167	que
4791-010/4791-010-03-04-08.png	579	do
1647-036/1647-036-04-03-06.png	217	problemática
1680-069/1680-069-02-07-13.png	249	Brasil
2120-070/2120-070-02-06-07.png	281	de
5823-021/5823-021-03-02-10.png	626	obra
4097-015/4097-015-04-04-05.png	436	destinada
7868-044/7868-044-02-07-12.png	860	ao
1495-040/1495-040-04-05-11.png	184	fim
7869-045/7869-045-02-08-02.png	861	de
7872-048/7872-048-02-01-12.png	864	públicas
8223-014/8223-014-04-06-07.png	906	que
7439-088/7439-088-02-06-10.png	787	que
2738-050/2738-050-01-02-11.png	371	que
7288-090/7288-090-04-01-12.png	761	de
1626-015/1626-015-03-07-13.png	196	às
6913-020/6913-020-03-08-12.png	675	para
7876-052/7876-052-03-01-07.png	868	pode
1633-022/1633-022-03-04-11.png	203	Hannah
7276-078/7276-078-04-03-03.png	749	os
8185-035/8185-035-01-06-07.png	900	da
1629-018/1629-018-03-08-07.png	199	busca
3637-007/3637-007-04-05-20.png	407	de
7702-068/7702-068-03-07-17.png	826	do
0775-036/0775-036-04-02-01.png	102	de
2637-023/2637-023-01-02-07.png	358	ser
6113-021/6113-021-03-06-17.png	633	as
5648-031/5648-031-02-06-02.png	621	ao
1757-021/1757-021-03-05-10.png	263	fortes
8254-023/8254-023-01-07-14.png	918	gravidade
0254-046/0254-046-03-04-07.png	21	dos
7261-063/7261-063-03-06-02.png	736	de
4427-105/4427-105-04-01-03.png	499	garantir
4763-008/4763-008-02-03-04.png	567	de
0639-030/0639-030-04-05-07.png	65	da
9307-010/9307-010-03-02-09.png	993	com
1126-021/1126-021-01-05-12.png	131	do
0651-042/0651-042-01-04-06.png	71	de
8179-029/8179-029-01-01-14.png	898	cuja
7868-044/7868-044-03-04-12.png	860	quem
6476-006/6476-006-01-05-14.png	656	de
4718-281/4718-281-01-06-03.png	556	se
6115-023/6115-023-03-05-11.png	635	de
8223-014/8223-014-03-04-02.png	906	de
0566-013/0566-013-03-04-03.png	46	de
4354-032/4354-032-03-06-06.png	490	global
7591-047/7591-047-02-08-10.png	805	do
8254-023/8254-023-04-05-07.png	918	os
5822-020/5822-020-04-06-14.png	625	com-
7621-077/7621-077-03-07-03.png	820	somente
7722-088/7722-088-04-01-04.png	830	ser
2245-045/2245-045-04-05-05.png	300	se
6139-010/6139-010-01-02-09.png	638	na
0998-024/0998-024-03-03-14.png	125	renda
0514-014/0514-014-01-03-04.png	31	os
1666-055/1666-055-03-03-04.png	235	tipo
7794-026/7794-026-04-06-12.png	838	ser
1632-021/1632-021-04-05-11.png	202	lidarem
4554-117/4554-117-02-03-01.png	517	de
1626-015/1626-015-02-09-03.png	196	se
1647-036/1647-036-02-02-04.png	217	brasileira
8751-039/8751-039-04-02-22.png	956	resi-
1650-039/1650-039-02-05-14.png	220	não
7794-026/7794-026-03-04-01.png	838	da
8447-041/8447-041-03-07-02.png	923	do
3672-042/3672-042-03-05-10.png	424	não
3641-011/3641-011-01-06-13.png	410	do
7803-035/7803-035-01-07-01.png	844	de
7270-072/7270-072-04-03-04.png	743	de
1729-018/1729-018-02-03-04.png	258	pois
4448-011/4448-011-04-07-02.png	502	as
2667-024/2667-024-02-01-05.png	364	na
7286-088/7286-088-04-01-16.png	759	Saúde
3652-022/3652-022-02-03-11.png	417	de
4246-015/4246-015-01-03-10.png	464	ao
7263-065/7263-065-02-05-12.png	737	no
1652-041/1652-041-03-04-11.png	222	entendem
7288-090/7288-090-01-04-01.png	761	haja
0578-025/0578-025-02-07-19.png	54	já
9307-010/9307-010-01-01-01.png	993	De
7585-041/7585-041-03-03-06.png	802	ínterim
7993-047/7993-047-03-01-19.png	874	contrá-
0554-001/0554-001-04-02-15.png	37	ao
1680-069/1680-069-03-08-05.png	249	para
2249-049/2249-049-01-04-14.png	304	de
3676-046/3676-046-05-06-12.png	427	de
1651-040/1651-040-01-04-14.png	221	mal
9203-036/9203-036-02-02-10.png	982	com
4488-051/4488-051-03-07-12.png	507	se
5822-020/5822-020-03-07-06.png	625	do
7267-069/7267-069-01-01-06.png	740	pela
1449-053/1449-053-01-02-13.png	165	luz
0579-026/0579-026-02-04-01.png	55	to
7789-021/7789-021-03-03-04.png	835	dos
7981-035/7981-035-01-06-11.png	870	parte
2485-028/2485-028-01-06-07.png	331	que
4789-008/4789-008-01-03-02.png	577	de
1684-073/1684-073-04-03-16.png	253	de
1661-050/1661-050-04-02-03.png	230	Ministério
7282-084/7282-084-02-04-14.png	755	que
7271-073/7271-073-03-03-08.png	744	não
2189-046/2189-046-03-03-03.png	296	em
4934-008/4934-008-04-01-04.png	597	não
6915-022/6915-022-04-08-10.png	677	nos
0570-017/0570-017-02-09-12.png	48	de
2738-050/2738-050-01-01-12.png	371	um
2246-046/2246-046-03-05-05.png	301	das
0524-024/0524-024-02-09-01.png	36	zar
1732-021/1732-021-02-07-03.png	260	Por
7163-104/7163-104-03-04-06.png	726	de
7869-045/7869-045-03-06-08.png	861	conseguinte
2245-045/2245-045-04-06-16.png	300	de
7265-067/7265-067-02-06-06.png	738	que
9134-018/9134-018-03-07-07.png	972	às
7872-048/7872-048-01-06-02.png	864	saúde
7344-046/7344-046-01-02-11.png	776	às
1654-043/1654-043-02-04-04.png	224	vidas
0701-092/0701-092-03-05-09.png	93	de
9306-009/9306-009-01-06-05.png	992	do
8751-039/8751-039-01-03-13.png	956	requer
7866-042/7866-042-04-02-03.png	858	visem
1646-035/1646-035-03-04-06.png	216	que
2607-024/2607-024-02-02-07.png	346	sofre
1683-072/1683-072-03-03-05.png	252	dos
2607-024/2607-024-02-01-03.png	346	pontuar
1643-032/1643-032-03-07-01.png	213	tal
2977-020/2977-020-04-02-13.png	389	bônus
0415-013/0415-013-01-06-13.png	26	do
1632-021/1632-021-01-02-10.png	202	da
4929-003/4929-003-04-06-18.png	594	ideia
0693-084/0693-084-03-07-03.png	89	de
4681-244/4681-244-03-02-05.png	549	de
7271-073/7271-073-01-04-09.png	744	das
0293-015/0293-015-02-07-10.png	25	de
0641-032/0641-032-03-08-04.png	66	da
7601-057/7601-057-02-04-12.png	810	uma
1656-045/1656-045-03-09-06.png	226	do
4718-281/4718-281-01-03-12.png	556	dão
1490-035/1490-035-02-04-01.png	179	ral
8254-023/8254-023-03-03-04.png	918	Nessa
7287-089/7287-089-02-01-06.png	760	de
5826-024/5826-024-05-02-04.png	629	de
0695-086/0695-086-03-01-04.png	90	da
7869-045/7869-045-02-08-03.png	861	compreender
7621-077/7621-077-01-06-04.png	820	Brasil
6404-029/6404-029-03-06-01.png	652	do
0588-035/0588-035-04-01-03.png	59	que
4620-183/4620-183-03-03-01.png	533	ria
2607-024/2607-024-02-06-08.png	346	com
2784-040/2784-040-04-09-09.png	379	um
6145-016/6145-016-04-04-11.png	642	fim
4427-105/4427-105-04-03-04.png	499	que
7160-101/7160-101-04-05-02.png	723	com
7576-032/7576-032-04-03-02.png	798	dos
0238-030/0238-030-04-04-10.png	13	de
7875-051/7875-051-03-03-12.png	867	do
2613-030/2613-030-01-01-07.png	352	autor
4097-015/4097-015-03-05-03.png	436	de
7993-047/7993-047-04-05-10.png	874	mídias
7135-076/7135-076-04-05-16.png	701	Ao
1630-019/1630-019-01-04-03.png	200	não
2369-076/2369-076-04-02-01.png	327	sil
7876-052/7876-052-02-08-10.png	868	para
4754-317/4754-317-01-02-01.png	565	se
5651-034/5651-034-04-01-01.png	624	Além
8179-029/8179-029-03-03-01.png	898	tigo
4298-011/4298-011-04-01-06.png	480	do
8120-022/8120-022-02-06-03.png	882	bilheteria
1474-019/1474-019-02-02-07.png	167	Hoje
2487-030/2487-030-04-06-12.png	332	na
7799-031/7799-031-03-02-11.png	842	no
6144-015/6144-015-03-02-17.png	641	no
7858-034/7858-034-02-08-09.png	850	regra
4265-034/4265-034-02-06-03.png	470	os
5822-020/5822-020-04-07-06.png	625	os
1682-071/1682-071-02-08-06.png	251	as
8757-045/8757-045-03-02-15.png	959	todos
1757-021/1757-021-03-07-19.png	263	de
7271-073/7271-073-02-12-08.png	744	no
1661-050/1661-050-02-07-02.png	230	receio
7270-072/7270-072-03-01-09.png	743	com
0220-012/0220-012-03-05-10.png	4	de
9201-034/9201-034-04-08-01.png	981	uma
4268-037/4268-037-02-02-10.png	471	se
3671-041/3671-041-04-03-15.png	423	que
1654-043/1654-043-01-01-03.png	224	Queda
1126-021/1126-021-02-10-04.png	131	de
9306-009/9306-009-03-04-04.png	992	que
8896-023/8896-023-01-03-05.png	961	fatos
0765-026/0765-026-01-02-16.png	98	de
4786-005/4786-005-02-04-04.png	576	do
8900-027/8900-027-02-01-08.png	963	de
8759-047/8759-047-03-02-12.png	960	ofereça
0514-014/0514-014-02-03-03.png	31	que
0415-013/0415-013-03-09-01.png	26	te
7978-032/7978-032-01-04-03.png	869	doenças
3672-042/3672-042-02-01-07.png	424	deu
1215-022/1215-022-03-04-15.png	142	por
7282-084/7282-084-03-06-11.png	755	com
7291-093/7291-093-02-07-06.png	763	de
7978-032/7978-032-02-05-05.png	869	De
1659-048/1659-048-01-04-08.png	228	ausência
2368-075/2368-075-03-04-11.png	326	na
0254-046/0254-046-01-05-14.png	21	no
3679-049/3679-049-05-03-07.png	430	de
0560-007/0560-007-03-05-01.png	41	tor
6112-020/6112-020-01-03-12.png	632	de
7872-048/7872-048-03-05-09.png	864	às
7990-044/7990-044-04-06-03.png	873	Federal
1725-014/1725-014-02-04-10.png	254	na
2606-023/2606-023-04-05-03.png	345	criação
7260-062/7260-062-03-04-09.png	735	de
1680-069/1680-069-03-06-04.png	249	Latina
2606-023/2606-023-03-01-07.png	345	falta
4786-005/4786-005-02-02-11.png	576	de
1630-019/1630-019-02-07-02.png	200	Mundial
4985-041/4985-041-02-04-06.png	605	de
1643-032/1643-032-03-07-15.png	213	acesso
0765-026/0765-026-01-02-03.png	98	da
4996-052/4996-052-01-05-06.png	614	ou
8747-035/8747-035-01-04-09.png	954	na
0993-019/0993-019-04-01-08.png	121	que
0990-016/0990-016-01-04-08.png	118	de
0693-084/0693-084-04-02-14.png	89	por
0520-020/0520-020-02-05-08.png	34	por
2120-070/2120-070-02-07-05.png	281	são
2121-071/2121-071-03-04-18.png	282	de
7134-075/7134-075-03-08-09.png	700	Hora
2970-013/2970-013-03-02-11.png	382	garantir
2104-054/2104-054-02-04-16.png	270	de
7871-047/7871-047-02-05-04.png	863	não
1663-052/1663-052-01-06-06.png	232	tratamento
1659-048/1659-048-02-02-01.png	228	de
7439-088/7439-088-04-09-10.png	787	por
1763-027/1763-027-04-04-14.png	266	de
6439-029/6439-029-02-01-17.png	655	fei-
1628-017/1628-017-02-07-05.png	198	serem
7984-038/7984-038-02-04-18.png	871	da
6915-022/6915-022-03-04-05.png	677	para
1660-049/1660-049-04-06-08.png	229	nessa
8996-010/8996-010-02-06-11.png	966	por
7702-068/7702-068-01-06-12.png	826	do
1621-010/1621-010-03-07-09.png	191	nativos
8120-022/8120-022-04-02-13.png	882	teatro
0564-011/0564-011-03-07-20.png	44	do
4124-042/4124-042-02-03-24.png	461	que
8439-033/8439-033-01-03-12.png	920	que
4289-002/4289-002-04-04-04.png	472	de
7343-045/7343-045-04-04-10.png	775	dos
1663-052/1663-052-03-06-11.png	232	no
8471-065/8471-065-04-02-08.png	933	da
8749-037/8749-037-04-09-08.png	955	pela
7861-037/7861-037-01-02-14.png	853	protagonista
4259-028/4259-028-04-04-06.png	467	de
1656-045/1656-045-03-01-18.png	226	da
1684-073/1684-073-04-04-07.png	253	SUS
2637-023/2637-023-04-07-06.png	358	que
0234-026/0234-026-01-01-09.png	11	de
1683-072/1683-072-04-02-04.png	252	campanhas
7279-081/7279-081-03-02-01.png	752	de
4982-038/4982-038-03-08-02.png	604	de
1669-058/1669-058-03-07-04.png	238	uma
2607-024/2607-024-04-07-10.png	346	finalidade
1641-030/1641-030-03-02-05.png	211	acordo
1659-048/1659-048-03-05-06.png	228	qualquer
7275-077/7275-077-03-06-09.png	748	as
7876-052/7876-052-03-08-12.png	868	momento
7873-049/7873-049-02-01-12.png	865	de
2606-023/2606-023-04-07-09.png	345	nunca
7136-077/7136-077-03-04-14.png	702	que
6914-021/6914-021-01-03-05.png	676	pois
8441-035/8441-035-03-08-03.png	921	das
4668-231/4668-231-03-01-11.png	543	dos
8483-077/8483-077-02-03-13.png	937	XX
6406-031/6406-031-03-04-06.png	653	que
1682-071/1682-071-01-04-11.png	251	anta-
4482-045/4482-045-04-05-15.png	506	das
8757-045/8757-045-01-03-12.png	959	caráter
1214-021/1214-021-03-04-18.png	141	Guy
2774-030/2774-030-04-06-08.png	374	de
7867-043/7867-043-04-01-04.png	859	vista
2782-038/2782-038-03-01-09.png	378	do
8121-023/8121-023-04-02-10.png	883	Nesse
7722-088/7722-088-03-02-13.png	830	que
1448-052/1448-052-03-07-14.png	164	da
7343-045/7343-045-01-02-14.png	775	tal
1662-051/1662-051-04-07-04.png	231	conhecimento
4293-006/4293-006-04-01-11.png	476	por
7978-032/7978-032-03-01-02.png	869	segunda
6800-085/6800-085-03-07-17.png	667	em
2113-063/2113-063-02-02-10.png	278	Na
0584-031/0584-031-01-03-09.png	57	do
7868-044/7868-044-03-02-04.png	860	preconceito
7864-040/7864-040-03-07-04.png	856	os
7287-089/7287-089-03-05-03.png	760	os
8060-039/8060-039-04-06-12.png	878	do
2334-041/2334-041-01-11-04.png	317	de
4247-016/4247-016-03-08-03.png	465	tais
1628-017/1628-017-03-06-11.png	198	pertencente
2114-064/2114-064-03-05-15.png	279	vista
1601-040/1601-040-04-01-10.png	189	da
5262-009/5262-009-04-02-14.png	618	após
1732-021/1732-021-04-04-07.png	260	não
4292-005/4292-005-03-09-08.png	475	No
1626-015/1626-015-03-05-17.png	196	para
4934-008/4934-008-02-09-13.png	597	por
1674-063/1674-063-02-04-04.png	243	percebida
7861-037/7861-037-01-02-13.png	853	ao
8898-025/8898-025-04-07-16.png	962	do
6139-010/6139-010-04-08-14.png	638	tan-
0588-035/0588-035-02-02-19.png	59	Ho-
7872-048/7872-048-02-04-14.png	864	de
4558-121/4558-121-02-02-12.png	518	Por
1677-066/1677-066-03-06-11.png	246	acometido
1485-030/1485-030-02-06-10.png	176	do
0669-060/0669-060-02-05-02.png	80	que
7692-058/7692-058-02-02-03.png	824	em
6408-033/6408-033-03-08-06.png	654	no
8483-077/8483-077-01-05-11.png	937	os
7589-045/7589-045-02-02-01.png	804	maneira
2610-027/2610-027-01-01-05.png	349	loucos
2128-078/2128-078-02-04-02.png	287	aos
7872-048/7872-048-04-04-07.png	864	será
2610-027/2610-027-04-02-10.png	349	canais
7862-038/7862-038-03-04-06.png	854	comparando
7993-047/7993-047-02-07-05.png	874	descredibilização
4352-030/4352-030-05-01-04.png	489	no
8254-023/8254-023-03-04-08.png	918	bom
7861-037/7861-037-02-07-07.png	853	dessas
7861-037/7861-037-03-02-02.png	853	que
7151-092/7151-092-03-02-09.png	715	as
1660-049/1660-049-03-01-03.png	229	isso
7869-045/7869-045-02-07-08.png	861	que
7796-028/7796-028-02-03-13.png	840	de
2970-013/2970-013-04-03-10.png	382	cultura
0584-031/0584-031-03-01-11.png	57	se
3671-041/3671-041-02-05-04.png	423	de
7993-047/7993-047-02-03-10.png	874	que
8254-023/8254-023-04-02-13.png	918	bem
6690-040/6690-040-02-01-07.png	663	da
4293-006/4293-006-06-01-01.png	476	Dessa
2331-038/2331-038-05-04-05.png	316	de
1632-021/1632-021-01-01-01.png	202	Indubitavelmente
1666-055/1666-055-04-05-02.png	235	mentais
9306-009/9306-009-03-03-04.png	992	por
3637-007/3637-007-02-07-03.png	407	das
2669-026/2669-026-04-07-08.png	365	da
0216-008/0216-008-04-05-11.png	2	de
7872-048/7872-048-02-08-11.png	864	conseguinte
2369-076/2369-076-01-05-12.png	327	no
4292-005/4292-005-03-05-06.png	475	de
0649-040/0649-040-02-03-12.png	70	são
1728-017/1728-017-03-02-15.png	257	que
8759-047/8759-047-04-01-03.png	960	que
4111-029/4111-029-02-05-16.png	448	sociais
6139-010/6139-010-03-04-10.png	638	parte
8224-015/8224-015-01-02-14.png	907	XX
7046-009/7046-009-02-01-15.png	685	res-
8522-016/8522-016-02-02-08.png	943	de
6439-029/6439-029-01-03-12.png	655	da
1647-036/1647-036-02-04-06.png	217	experiência
0234-026/0234-026-01-04-10.png	11	que
1003-029/1003-029-01-01-05.png	128	se
0236-028/0236-028-03-03-07.png	12	papel
8441-035/8441-035-02-02-01.png	921	De
7014-027/7014-027-02-03-07.png	682	que
4934-008/4934-008-04-04-04.png	597	do
7981-035/7981-035-04-03-10.png	870	os
3639-009/3639-009-03-02-03.png	409	ao
4097-015/4097-015-02-02-03.png	436	se
7576-032/7576-032-04-07-07.png	798	por
7873-049/7873-049-02-03-02.png	865	contexto
7798-030/7798-030-01-03-05.png	841	de
7859-035/7859-035-04-02-11.png	851	cursos
1649-038/1649-038-03-02-14.png	219	Byung
1683-072/1683-072-01-02-01.png	252	as
2610-027/2610-027-03-01-03.png	349	plano
6394-019/6394-019-03-07-13.png	647	não
1621-010/1621-010-04-01-06.png	191	às
7268-070/7268-070-02-05-01.png	741	que
1629-018/1629-018-01-05-07.png	199	seja
7012-025/7012-025-03-08-14.png	681	na
6906-013/6906-013-02-01-07.png	670	onde
7136-077/7136-077-04-02-18.png	702	não
1654-043/1654-043-02-05-05.png	224	do
7785-017/7785-017-04-05-06.png	832	de
8996-010/8996-010-04-02-05.png	966	de
4783-002/4783-002-01-03-11.png	575	para
4545-108/4545-108-02-01-06.png	515	de
4412-090/4412-090-02-06-01.png	494	ção
4247-016/4247-016-02-05-08.png	465	falta
1662-051/1662-051-03-06-01.png	231	obras
1642-031/1642-031-03-01-05.png	212	insuficiência
7140-081/7140-081-02-01-12.png	706	a-
7140-081/7140-081-04-05-05.png	706	da
0588-035/0588-035-03-04-18.png	59	não
1652-041/1652-041-04-01-01.png	222	Fica
4234-003/4234-003-02-02-02.png	462	da
7863-039/7863-039-01-02-10.png	855	pós-moderna
0560-007/0560-007-03-05-07.png	41	da
4265-034/4265-034-03-05-03.png	470	do
1629-018/1629-018-02-03-03.png	199	apoio
0236-028/0236-028-03-08-11.png	12	que
1660-049/1660-049-02-03-07.png	229	males
1683-072/1683-072-03-07-04.png	252	Locke
1123-018/1123-018-02-10-11.png	129	se
8759-047/8759-047-02-04-02.png	960	de
2970-013/2970-013-03-06-07.png	382	problemática
7987-041/7987-041-03-06-13.png	872	estigmatização
1489-034/1489-034-04-05-07.png	178	nas
2738-050/2738-050-01-07-03.png	371	higienista
4754-317/4754-317-02-03-17.png	565	das
1438-042/1438-042-02-04-08.png	156	não
1682-071/1682-071-04-04-03.png	251	estigmas
0763-024/0763-024-03-03-10.png	97	por
7268-070/7268-070-01-05-10.png	741	de
4789-008/4789-008-01-01-03.png	577	do
0830-026/0830-026-05-02-03.png	104	com
4673-236/4673-236-04-02-03.png	546	da
7861-037/7861-037-01-03-06.png	853	presente
7152-093/7152-093-03-06-10.png	716	pelos
7993-047/7993-047-04-03-19.png	874	de
4998-054/4998-054-03-07-02.png	616	de
1729-018/1729-018-04-03-10.png	258	de
1677-066/1677-066-04-02-15.png	246	de
2513-056/2513-056-03-06-08.png	341	que
1641-030/1641-030-03-03-12.png	211	Constituição
1677-066/1677-066-01-01-03.png	246	Federal
8759-047/8759-047-03-02-09.png	960	de
0520-020/0520-020-04-04-01.png	34	veu
6800-085/6800-085-03-06-05.png	667	que
1495-040/1495-040-02-03-04.png	184	um
7348-050/7348-050-02-09-01.png	780	da
8473-067/8473-067-04-01-10.png	934	na
4524-087/4524-087-02-04-12.png	513	de
7145-086/7145-086-03-03-13.png	711	da
7872-048/7872-048-03-01-01.png	864	Ademais
1626-015/1626-015-02-02-07.png	196	em
2120-070/2120-070-02-01-01.png	281	Nesse
7869-045/7869-045-02-06-01.png	861	Buarque
2606-023/2606-023-04-02-10.png	345	com
6394-019/6394-019-02-02-09.png	647	de
4775-020/4775-020-03-01-01.png	573	Em
8120-022/8120-022-03-02-03.png	882	da
7990-044/7990-044-02-01-01.png	873	Diante
4424-102/4424-102-03-05-02.png	498	de
4673-236/4673-236-04-02-01.png	546	ao
2607-024/2607-024-04-04-05.png	346	depressão
1656-045/1656-045-02-05-03.png	226	felicidade
7278-080/7278-080-01-02-10.png	751	da
2124-074/2124-074-03-04-10.png	285	que
2606-023/2606-023-04-05-01.png	345	meio
1674-063/1674-063-02-01-08.png	243	de
2121-071/2121-071-01-02-13.png	282	os
0573-020/0573-020-04-02-14.png	51	às
7875-051/7875-051-02-08-01.png	867	missão
1731-020/1731-020-02-05-11.png	259	po-
1726-015/1726-015-03-01-05.png	255	um
1731-020/1731-020-04-05-06.png	259	na
1661-050/1661-050-03-04-07.png	230	bem-estar
7862-038/7862-038-02-07-16.png	854	as
3040-017/3040-017-05-03-12.png	391	de
1495-040/1495-040-01-05-14.png	184	não
7702-068/7702-068-02-02-12.png	826	país
1683-072/1683-072-04-03-02.png	252	por
8060-039/8060-039-02-04-03.png	878	os
1763-027/1763-027-04-02-03.png	266	para
2780-036/2780-036-02-02-05.png	377	os
1627-016/1627-016-02-07-08.png	197	dificulta
9154-038/9154-038-02-08-08.png	975	da
4408-086/4408-086-03-01-05.png	493	do
4611-174/4611-174-03-02-06.png	532	de
1637-026/1637-026-02-02-13.png	207	duradouro
2606-023/2606-023-03-02-08.png	345	do
7425-074/7425-074-02-05-02.png	784	de
0645-036/0645-036-04-05-06.png	68	no
2613-030/2613-030-01-02-03.png	352	Soma
4624-187/4624-187-04-07-10.png	535	do
4847-012/4847-012-03-07-05.png	582	dessa
4845-010/4845-010-03-07-02.png	581	dos
7859-035/7859-035-02-07-09.png	851	Assim
1123-018/1123-018-01-08-02.png	129	Esse
0777-038/0777-038-02-03-04.png	103	de
4766-011/4766-011-01-05-01.png	569	mo
8751-039/8751-039-01-03-12.png	956	reflexão
7613-069/7613-069-03-09-09.png	816	ao
4124-042/4124-042-04-08-04.png	461	as
7978-032/7978-032-03-03-12.png	869	profissionais
2977-020/2977-020-04-04-12.png	389	Nesse
4786-005/4786-005-01-04-14.png	576	fi-
6144-015/6144-015-03-07-07.png	641	se
8759-047/8759-047-01-04-10.png	960	também
6907-014/6907-014-03-01-17.png	671	de
7869-045/7869-045-04-06-07.png	861	visam
8453-047/8453-047-04-05-09.png	926	de
7012-025/7012-025-02-08-01.png	681	de
4930-004/4930-004-03-03-18.png	595	estilos
2245-045/2245-045-04-02-03.png	300	Para
6915-022/6915-022-04-03-04.png	677	dos
8243-012/8243-012-04-09-06.png	911	de
8759-047/8759-047-03-02-03.png	960	desigual
4611-174/4611-174-04-01-16.png	532	tal
2124-074/2124-074-04-02-06.png	285	ser
7868-044/7868-044-04-01-09.png	860	saúde
1215-022/1215-022-02-01-10.png	142	nas
4934-008/4934-008-03-02-06.png	597	esse
4720-283/4720-283-02-04-01.png	557	antigo
1659-048/1659-048-01-03-06.png	228	sobre
4718-281/4718-281-04-05-05.png	556	por
2329-036/2329-036-03-05-09.png	314	si
1624-013/1624-013-03-06-10.png	194	dando
2977-020/2977-020-04-01-10.png	389	social
1626-015/1626-015-01-02-16.png	196	Alienista
0659-050/0659-050-02-07-01.png	75	ciso
7012-025/7012-025-02-05-02.png	681	de
1492-037/1492-037-02-09-13.png	181	da
2738-050/2738-050-01-02-09.png	371	do
2130-080/2130-080-05-08-08.png	289	de
2372-079/2372-079-01-05-02.png	328	do
7621-077/7621-077-02-06-14.png	820	que
1621-010/1621-010-01-01-13.png	191	obra
0995-021/0995-021-01-01-01.png	123	na
2369-076/2369-076-03-02-12.png	327	que
6946-028/6946-028-04-07-08.png	680	de
4931-005/4931-005-02-08-15.png	596	em
7601-057/7601-057-03-06-02.png	810	empresas
7864-040/7864-040-03-01-10.png	856	importante
2632-018/2632-018-02-02-11.png	353	de
7163-104/7163-104-02-01-17.png	726	na
4313-009/4313-009-03-02-02.png	486	de
8241-010/8241-010-02-03-14.png	909	de
2977-020/2977-020-04-12-01.png	389	deve
4783-002/4783-002-04-01-04.png	575	de
6406-031/6406-031-01-04-14.png	653	Isso
7156-097/7156-097-03-05-06.png	719	de
2515-058/2515-058-04-09-09.png	342	de
8121-023/8121-023-03-05-05.png	883	acessibilidade
8060-039/8060-039-03-02-01.png	878	que
1683-072/1683-072-02-05-03.png	252	escolas
5648-031/5648-031-04-03-06.png	621	fator
1638-027/1638-027-02-06-06.png	208	culpabilização
4929-003/4929-003-03-07-22.png	594	des-
1633-022/1633-022-02-05-09.png	203	Desse
8902-029/8902-029-04-02-05.png	964	Isso
1621-010/1621-010-02-01-12.png	191	saúde
1661-050/1661-050-02-04-09.png	230	enfrentam
3633-003/3633-003-03-07-07.png	405	ao
4263-032/4263-032-01-03-06.png	469	se
0258-050/0258-050-02-06-16.png	23	por
2112-062/2112-062-04-02-12.png	277	de
2970-013/2970-013-01-03-14.png	382	sociedade
7862-038/7862-038-04-08-10.png	854	os
8749-037/8749-037-04-04-16.png	955	deve
6112-020/6112-020-04-01-14.png	632	de
1632-021/1632-021-02-07-04.png	202	resultando
7858-034/7858-034-04-02-12.png	850	de
8998-012/8998-012-01-05-13.png	967	mui-
4463-026/4463-026-05-02-02.png	504	do
7722-088/7722-088-02-02-06.png	830	os
4303-016/4303-016-05-05-01.png	482	de
8902-029/8902-029-03-08-17.png	964	como
8120-022/8120-022-02-05-07.png	882	importado
7722-088/7722-088-03-03-06.png	830	qual
4598-161/4598-161-02-02-15.png	528	vida
1447-051/1447-051-03-01-13.png	163	de
6404-029/6404-029-04-06-02.png	652	de
7876-052/7876-052-03-04-01.png	868	estão
1448-052/1448-052-03-05-03.png	164	os
4646-209/4646-209-04-07-12.png	539	de
1649-038/1649-038-04-02-10.png	219	ao
7613-069/7613-069-03-02-13.png	816	afirma
2977-020/2977-020-02-01-08.png	389	Magna
0765-026/0765-026-01-06-15.png	98	os
7984-038/7984-038-04-05-14.png	871	mestres
7796-028/7796-028-02-06-08.png	840	são
8449-043/8449-043-02-07-09.png	924	são
8179-029/8179-029-01-03-03.png	898	em
1629-018/1629-018-04-02-13.png	199	de
2669-026/2669-026-03-07-01.png	365	pela
2369-076/2369-076-04-04-07.png	327	às
4746-309/4746-309-02-06-07.png	563	de
1128-023/1128-023-01-01-13.png	133	de
1663-052/1663-052-03-02-07.png	232	afetadas
2106-056/2106-056-04-02-15.png	272	de
7576-032/7576-032-04-01-13.png	798	não
4448-011/4448-011-03-02-08.png	502	de
0765-026/0765-026-02-08-08.png	98	de
8249-018/8249-018-03-02-19.png	916	que
0570-017/0570-017-03-02-03.png	48	Sob
1625-014/1625-014-02-03-13.png	195	de
7131-072/7131-072-03-05-02.png	697	do
0667-058/0667-058-01-06-04.png	79	em
4718-281/4718-281-04-03-11.png	556	de
4545-108/4545-108-05-03-12.png	515	nas
8904-031/8904-031-02-05-08.png	965	por
8749-037/8749-037-04-05-02.png	955	criação
7135-076/7135-076-04-07-04.png	701	do
4427-105/4427-105-03-04-12.png	499	do
1660-049/1660-049-01-03-06.png	229	exclusão
7144-085/7144-085-02-09-09.png	710	ter
7343-045/7343-045-03-01-10.png	775	uma
7271-073/7271-073-02-02-02.png	744	de
1652-041/1652-041-04-03-05.png	222	que
7868-044/7868-044-03-03-09.png	860	diminuindo
7872-048/7872-048-01-04-08.png	864	Logo
2120-070/2120-070-03-03-09.png	281	poder
8185-035/8185-035-04-05-02.png	900	do
0516-016/0516-016-02-01-13.png	32	da
7978-032/7978-032-02-01-08.png	869	algum
7170-111/7170-111-01-01-11.png	729	XX
2120-070/2120-070-01-02-15.png	281	Jin
7053-016/7053-016-01-06-14.png	690	se
7585-041/7585-041-01-03-12.png	802	de
1682-071/1682-071-04-07-11.png	251	supe-
0555-002/0555-002-03-08-23.png	38	vida
4097-015/4097-015-04-07-01.png	436	quências
1680-069/1680-069-02-01-05.png	249	que
0584-031/0584-031-01-05-09.png	57	dos
7049-012/7049-012-02-01-15.png	687	no
7267-069/7267-069-03-07-01.png	740	das
4856-021/4856-021-03-01-10.png	583	Han
9311-014/9311-014-03-02-07.png	996	luz
1682-071/1682-071-04-06-09.png	251	impactos
0669-060/0669-060-02-07-06.png	80	de
0578-025/0578-025-03-02-15.png	54	um
1662-051/1662-051-02-03-04.png	231	se
8120-022/8120-022-01-05-07.png	882	cinematográfica
3636-006/3636-006-02-06-15.png	406	os
4721-284/4721-284-02-06-01.png	558	que
0238-030/0238-030-01-03-08.png	13	dos
3636-006/3636-006-03-03-05.png	406	no
7601-057/7601-057-03-06-07.png	810	aspectos
3040-017/3040-017-03-03-01.png	391	se
2491-034/2491-034-04-06-16.png	334	feita
5823-021/5823-021-04-02-15.png	626	25
0574-021/0574-021-03-01-04.png	52	do
8439-033/8439-033-02-02-02.png	920	de
4775-020/4775-020-03-03-09.png	573	do
4466-029/4466-029-02-01-10.png	505	da
2487-030/2487-030-03-06-01.png	332	le
4718-281/4718-281-03-04-01.png	556	liza
7589-045/7589-045-02-02-12.png	804	alta
2610-027/2610-027-01-05-12.png	349	bra-
4791-010/4791-010-02-08-08.png	579	que
8751-039/8751-039-04-06-10.png	956	dos
7556-012/7556-012-04-05-10.png	788	criar
0555-002/0555-002-02-03-02.png	38	que
0228-020/0228-020-01-01-08.png	8	João
0586-033/0586-033-01-03-14.png	58	da
1659-048/1659-048-02-01-09.png	228	governamental
7863-039/7863-039-03-02-02.png	855	Valorização
8190-040/8190-040-02-02-04.png	903	do
8521-015/8521-015-02-06-11.png	942	de
7556-012/7556-012-01-03-09.png	788	cinematográfico
0516-016/0516-016-02-06-16.png	32	dos
1481-026/1481-026-02-02-07.png	172	no
0563-010/0563-010-03-07-10.png	43	da
0244-036/0244-036-04-01-07.png	16	ao
2738-050/2738-050-03-03-02.png	371	estudo
7263-065/7263-065-03-05-14.png	737	de
1628-017/1628-017-04-04-16.png	198	imagens
7875-051/7875-051-04-01-11.png	867	Mi-
7873-049/7873-049-02-05-03.png	865	universo
4743-306/4743-306-03-02-07.png	561	os
1441-045/1441-045-02-04-19.png	158	ser
7260-062/7260-062-02-03-10.png	735	luz
4765-010/4765-010-02-07-07.png	568	os
2109-059/2109-059-02-03-14.png	275	por
7270-072/7270-072-01-05-13.png	743	da
4111-029/4111-029-03-01-05.png	448	ineficiência
0584-031/0584-031-03-01-04.png	57	de
4929-003/4929-003-04-04-09.png	594	quais
8121-023/8121-023-01-02-08.png	883	educação
4743-306/4743-306-04-03-15.png	561	da
4743-306/4743-306-02-04-12.png	561	sem
4929-003/4929-003-03-04-15.png	594	venda
8751-039/8751-039-01-02-04.png	956	que
3040-017/3040-017-04-03-03.png	391	um
1492-037/1492-037-03-02-14.png	181	os
1728-017/1728-017-02-01-11.png	257	de
1677-066/1677-066-04-05-04.png	246	concisa
3648-018/3648-018-04-01-12.png	413	pú-
5824-022/5824-022-03-04-12.png	627	no
1632-021/1632-021-03-06-02.png	202	essas
1649-038/1649-038-02-08-07.png	219	ensino
0669-060/0669-060-03-06-02.png	80	do
0258-050/0258-050-03-02-07.png	23	em
0693-084/0693-084-04-07-10.png	89	dos
7014-027/7014-027-04-07-06.png	682	se
0258-050/0258-050-04-04-05.png	23	ou
7260-062/7260-062-04-03-09.png	735	que
1628-017/1628-017-02-01-09.png	198	propagada
7868-044/7868-044-03-03-04.png	860	entre
7863-039/7863-039-03-04-11.png	855	que
7613-069/7613-069-03-07-12.png	816	omissão
1755-019/1755-019-02-07-15.png	261	corpo
7348-050/7348-050-04-02-07.png	780	do
1214-021/1214-021-02-02-12.png	141	que
9201-034/9201-034-01-05-04.png	981	na
7163-104/7163-104-01-04-01.png	726	chega
1763-027/1763-027-04-03-19.png	266	e-
2318-025/2318-025-02-05-14.png	308	de
2738-050/2738-050-04-04-11.png	371	psiquiátricos
6906-013/6906-013-03-06-07.png	670	dos
2772-028/2772-028-03-05-06.png	373	são
4111-029/4111-029-01-01-13.png	448	qual
4111-029/4111-029-03-05-14.png	448	de
7052-015/7052-015-01-05-02.png	689	de
7858-034/7858-034-02-06-03.png	850	sobretudo
2513-056/2513-056-04-07-01.png	341	de
8185-035/8185-035-01-02-11.png	900	do
8522-016/8522-016-04-05-12.png	943	de
4097-015/4097-015-01-05-13.png	436	às
4847-012/4847-012-03-05-05.png	582	da
7981-035/7981-035-04-03-08.png	870	mental
7175-116/7175-116-04-07-08.png	732	de
8224-015/8224-015-03-04-03.png	907	os
7867-043/7867-043-04-03-10.png	859	escolar
2374-081/2374-081-03-06-08.png	329	que
4791-010/4791-010-03-04-13.png	579	que
2121-071/2121-071-04-05-06.png	282	de
7861-037/7861-037-04-01-04.png	853	Ministério
7265-067/7265-067-01-01-12.png	738	do
1448-052/1448-052-02-03-10.png	164	tal
3676-046/3676-046-04-02-07.png	427	os
7132-073/7132-073-01-05-09.png	698	uma
8243-012/8243-012-04-02-04.png	911	da
1674-063/1674-063-01-06-14.png	243	tomadas
1628-017/1628-017-02-02-04.png	198	estigmatizadas
1683-072/1683-072-04-06-03.png	252	doenças
7873-049/7873-049-04-03-02.png	865	rotina
7613-069/7613-069-01-01-06.png	816	Europeias
0560-007/0560-007-01-02-01.png	41	gente
1641-030/1641-030-03-03-01.png	211	tir
8467-061/8467-061-02-03-08.png	931	um
0518-018/0518-018-01-04-04.png	33	ao
7012-025/7012-025-04-03-06.png	681	196
2248-048/2248-048-03-03-08.png	303	desse
8249-018/8249-018-01-02-08.png	916	de
7862-038/7862-038-01-06-09.png	854	internet
4448-011/4448-011-04-01-03.png	502	um
0564-011/0564-011-04-02-15.png	44	da
7875-051/7875-051-01-05-07.png	867	relacionados
0651-042/0651-042-03-08-09.png	71	às
7286-088/7286-088-04-07-12.png	759	filme
8241-010/8241-010-04-04-15.png	909	de
7601-057/7601-057-04-02-12.png	810	no
8451-045/8451-045-01-06-08.png	925	em
4494-057/4494-057-03-05-04.png	509	se
4356-034/4356-034-02-05-01.png	491	do
7049-012/7049-012-02-03-10.png	687	às
7867-043/7867-043-04-04-04.png	859	os
4928-002/4928-002-03-08-06.png	593	na
0520-020/0520-020-04-04-14.png	34	pouco
3042-019/3042-019-01-06-07.png	392	No
0705-096/0705-096-03-04-12.png	94	se-
1474-019/1474-019-04-01-10.png	167	do
6392-017/6392-017-01-01-07.png	646	Ruth
7591-047/7591-047-03-02-03.png	805	para
7867-043/7867-043-03-02-10.png	859	alegres
6110-018/6110-018-02-08-03.png	631	não
2776-032/2776-032-02-02-07.png	375	por
7340-042/7340-042-04-02-09.png	772	as
8485-079/8485-079-03-03-04.png	938	já
8481-075/8481-075-02-08-06.png	936	ou
0258-050/0258-050-02-05-20.png	23	de
4623-186/4623-186-03-01-04.png	534	que
8481-075/8481-075-04-02-09.png	936	no
7798-030/7798-030-03-05-05.png	841	de
7621-077/7621-077-04-03-03.png	820	garantía
1729-018/1729-018-01-06-10.png	258	de
0258-050/0258-050-04-06-02.png	23	de
0687-078/0687-078-04-08-03.png	86	será
6800-085/6800-085-03-02-05.png	667	de
9310-013/9310-013-03-04-06.png	995	de
4783-002/4783-002-01-01-04.png	575	um
2970-013/2970-013-03-01-10.png	382	no
1680-069/1680-069-04-07-07.png	249	psíquicos
1647-036/1647-036-03-04-02.png	217	que
1633-022/1633-022-01-06-06.png	203	óptica
1003-029/1003-029-02-04-10.png	128	que
8121-023/8121-023-03-02-06.png	883	De
7278-080/7278-080-03-05-10.png	751	de
5824-022/5824-022-02-01-06.png	627	no
4931-005/4931-005-02-09-11.png	596	em
7286-088/7286-088-02-01-14.png	759	di-
4097-015/4097-015-03-06-02.png	436	por
1726-015/1726-015-04-08-03.png	255	de
2606-023/2606-023-01-05-03.png	345	às
7871-047/7871-047-02-03-02.png	863	associar
6912-019/6912-019-02-04-02.png	674	de
7556-012/7556-012-03-06-10.png	788	reverter
7862-038/7862-038-03-01-13.png	854	interfere
2344-051/2344-051-04-02-02.png	323	do
6690-040/6690-040-02-05-04.png	663	da
3633-003/3633-003-02-05-02.png	405	da
1650-039/1650-039-02-07-12.png	220	de
1651-040/1651-040-03-01-13.png	221	re-
8457-051/8457-051-04-02-01.png	928	ve
1662-051/1662-051-04-08-06.png	231	usufruir
4601-164/4601-164-03-02-02.png	529	vez
1729-018/1729-018-02-08-04.png	258	do
1136-031/1136-031-01-01-03.png	138	país
6913-020/6913-020-01-07-03.png	675	que
4884-049/4884-049-04-02-03.png	587	as
1621-010/1621-010-02-07-13.png	191	desses
8749-037/8749-037-01-01-09.png	955	13
7048-011/7048-011-02-03-04.png	686	às
3673-043/3673-043-03-01-04.png	425	do
3682-052/3682-052-02-03-14.png	433	bo-
1444-048/1444-048-02-01-12.png	160	na
8190-040/8190-040-03-09-01.png	903	de
1725-014/1725-014-04-02-17.png	254	do
1625-014/1625-014-03-04-09.png	195	inclusive
0520-020/0520-020-03-03-08.png	34	de
5649-032/5649-032-04-05-13.png	622	do
2108-058/2108-058-04-04-17.png	274	por
7587-043/7587-043-04-04-12.png	803	esferas
1625-014/1625-014-04-09-02.png	195	por
4998-054/4998-054-01-01-07.png	616	de
7981-035/7981-035-03-07-03.png	870	cada
4791-010/4791-010-02-06-13.png	579	ou
7984-038/7984-038-03-05-19.png	871	equidade
7862-038/7862-038-01-02-09.png	854	semi-deus
8246-015/8246-015-03-05-11.png	914	por
1001-027/1001-027-02-02-07.png	126	os
7158-099/7158-099-01-02-11.png	721	além
4720-283/4720-283-04-01-07.png	557	às
8449-043/8449-043-02-06-14.png	924	ser
0214-006/0214-006-02-04-02.png	1	do
1660-049/1660-049-04-06-02.png	229	abrindo
0991-017/0991-017-01-04-10.png	119	ao
7343-045/7343-045-02-02-14.png	775	essa
2637-023/2637-023-03-03-03.png	358	sob
1652-041/1652-041-03-08-02.png	222	levaram
3652-022/3652-022-03-06-03.png	417	as
0586-033/0586-033-03-02-01.png	58	dio
7993-047/7993-047-02-08-04.png	874	que
4677-240/4677-240-03-03-13.png	547	ser
1656-045/1656-045-02-08-19.png	226	medidas
4929-003/4929-003-02-02-06.png	594	de
7873-049/7873-049-03-01-07.png	865	projetada
1684-073/1684-073-03-05-07.png	253	mental
7278-080/7278-080-02-03-01.png	751	por
1441-045/1441-045-01-03-16.png	158	Tal
2186-043/2186-043-03-08-10.png	293	no
6690-040/6690-040-01-02-06.png	663	da
8185-035/8185-035-02-01-09.png	900	de
4296-009/4296-009-03-07-04.png	478	que
8751-039/8751-039-01-02-11.png	956	Saúde
3127-008/3127-008-04-03-02.png	394	na
1766-030/1766-030-04-08-01.png	268	Por
8243-012/8243-012-02-01-01.png	911	Em
6116-024/6116-024-02-01-10.png	636	que
4763-008/4763-008-03-07-08.png	567	da
7589-045/7589-045-04-02-02.png	804	preciso
7263-065/7263-065-04-04-15.png	737	deve
2977-020/2977-020-03-02-01.png	389	pública
4910-075/4910-075-04-05-11.png	589	os
7873-049/7873-049-02-02-05.png	865	Essa
7336-038/7336-038-03-03-09.png	768	de
9199-032/9199-032-04-07-06.png	980	na
3512-016/3512-016-01-06-13.png	398	vi-
9203-036/9203-036-02-02-13.png	982	ma-
2246-046/2246-046-01-01-01.png	301	No
2782-038/2782-038-04-01-15.png	378	go-
9203-036/9203-036-04-02-14.png	982	de
0765-026/0765-026-01-04-04.png	98	em
7866-042/7866-042-04-06-08.png	858	informação
7129-070/7129-070-03-08-17.png	695	de
1666-055/1666-055-04-08-01.png	235	tratamento
4111-029/4111-029-04-06-03.png	448	os
4494-057/4494-057-02-06-08.png	509	se
7286-088/7286-088-03-02-13.png	759	de
7859-035/7859-035-03-07-06.png	851	de
2606-023/2606-023-03-06-01.png	345	ridade
3666-036/3666-036-05-04-02.png	419	na
1625-014/1625-014-03-03-08.png	195	incapacitante
8255-024/8255-024-02-04-13.png	919	pro-
7613-069/7613-069-02-01-01.png	816	Em
1646-035/1646-035-02-05-17.png	216	I-
7337-039/7337-039-01-04-02.png	769	de
5826-024/5826-024-03-01-03.png	629	as
7798-030/7798-030-03-04-08.png	841	da
2120-070/2120-070-04-06-03.png	281	um
7163-104/7163-104-03-02-07.png	726	alude
9201-034/9201-034-04-04-09.png	981	fim
7613-069/7613-069-03-07-03.png	816	paises
1674-063/1674-063-02-01-05.png	243	exclusão
7862-038/7862-038-03-03-16.png	854	Dessa
2610-027/2610-027-01-04-10.png	349	corresponda
1626-015/1626-015-03-05-05.png	196	de
7993-047/7993-047-01-03-12.png	874	levava
2632-018/2632-018-02-08-07.png	353	se
2106-056/2106-056-03-04-14.png	272	no
2977-020/2977-020-04-08-13.png	389	considerados
2114-064/2114-064-03-07-05.png	279	tão
7724-090/7724-090-01-04-07.png	831	do
1661-050/1661-050-04-06-09.png	230	Saúde
8121-023/8121-023-01-04-02.png	883	lúdica
7791-023/7791-023-01-05-06.png	836	às
0775-036/0775-036-02-09-11.png	102	ter
7589-045/7589-045-03-07-01.png	804	ilusória
7174-115/7174-115-02-05-10.png	731	de
6110-018/6110-018-02-06-10.png	631	sua
1646-035/1646-035-03-01-09.png	216	em
4234-003/4234-003-04-01-04.png	462	que
4775-020/4775-020-03-05-20.png	573	fil-
1656-045/1656-045-03-01-04.png	226	salientar
0565-012/0565-012-01-02-01.png	45	pel
8120-022/8120-022-02-07-01.png	882	uma
2329-036/2329-036-04-05-10.png	314	os
1625-014/1625-014-04-09-11.png	195	encorajado
4679-242/4679-242-04-03-03.png	548	da
8749-037/8749-037-04-02-10.png	955	importância
7981-035/7981-035-04-04-05.png	870	assistência
4620-183/4620-183-02-02-14.png	533	de
2606-023/2606-023-04-05-10.png	345	de
1633-022/1633-022-03-07-07.png	203	marginalizar
4673-236/4673-236-01-03-13.png	546	se
2634-020/2634-020-04-05-02.png	355	da
1627-016/1627-016-04-07-15.png	197	constituição
7875-051/7875-051-01-05-02.png	867	de
7556-012/7556-012-01-05-07.png	788	democratização
1641-030/1641-030-03-06-07.png	211	seja
0415-013/0415-013-02-08-16.png	26	de
4111-029/4111-029-03-03-06.png	448	do
2505-048/2505-048-04-07-01.png	338	ca
2184-041/2184-041-01-06-01.png	291	de
1003-029/1003-029-01-02-13.png	128	im-
0761-022/0761-022-02-09-11.png	96	no
0649-040/0649-040-04-06-03.png	70	de
1669-058/1669-058-03-09-05.png	238	problema
7136-077/7136-077-02-02-14.png	702	fato
7859-035/7859-035-04-03-05.png	851	pedagogos
8447-041/8447-041-02-05-10.png	923	de
0571-018/0571-018-03-02-17.png	49	sul
7293-095/7293-095-02-02-06.png	765	13
4558-121/4558-121-05-04-10.png	518	há
4558-121/4558-121-05-02-02.png	518	de
4998-054/4998-054-04-01-05.png	616	do
4980-036/4980-036-03-08-08.png	602	em
4672-235/4672-235-03-05-12.png	545	não
6690-040/6690-040-02-03-08.png	663	vez
7601-057/7601-057-02-07-09.png	810	ampliaria
1669-058/1669-058-04-06-07.png	238	no
1638-027/1638-027-03-09-01.png	208	dãos
2513-056/2513-056-03-02-06.png	341	que
6145-016/6145-016-03-02-06.png	642	tal
4610-173/4610-173-02-04-01.png	531	ção
0226-018/0226-018-02-06-03.png	7	um
7132-073/7132-073-03-01-01.png	698	Por
1669-058/1669-058-04-02-06.png	238	Tal
8749-037/8749-037-04-09-14.png	955	trágicos
1646-035/1646-035-02-03-11.png	216	dos
1630-019/1630-019-04-02-10.png	200	Órgão
7272-074/7272-074-04-07-09.png	745	aos
0777-038/0777-038-04-04-09.png	103	até
1656-045/1656-045-03-06-03.png	226	as
8241-010/8241-010-04-01-12.png	909	fim
7722-088/7722-088-02-05-01.png	830	lo
8120-022/8120-022-04-03-07.png	882	próximas
7048-011/7048-011-01-03-20.png	686	ge-
2613-030/2613-030-02-09-08.png	352	Logo
8246-015/8246-015-02-07-03.png	914	de
7134-075/7134-075-01-04-13.png	700	es-
8749-037/8749-037-04-10-09.png	955	Brasil
7045-008/7045-008-02-02-18.png	684	bra-
1666-055/1666-055-02-07-11.png	235	brasileiros
7858-034/7858-034-02-05-11.png	850	uma
0777-038/0777-038-04-02-08.png	103	de
1731-020/1731-020-01-01-06.png	259	do
4536-099/4536-099-02-06-13.png	514	da
0579-026/0579-026-04-05-17.png	55	ser
0574-021/0574-021-02-02-10.png	52	na
8749-037/8749-037-02-02-04.png	955	mental
2487-030/2487-030-02-01-13.png	332	glo-
7049-012/7049-012-04-01-04.png	687	cabe
4746-309/4746-309-01-05-05.png	563	vez
4247-016/4247-016-02-06-05.png	465	que
2673-030/2673-030-05-04-07.png	368	de
2780-036/2780-036-03-04-16.png	377	seu
7585-041/7585-041-04-01-04.png	802	que
0659-050/0659-050-03-07-18.png	75	as
1429-033/1429-033-04-07-07.png	147	de
4577-140/4577-140-05-03-15.png	523	em
2667-024/2667-024-03-01-03.png	364	que
7591-047/7591-047-02-07-04.png	805	de
6392-017/6392-017-03-06-15.png	646	ideal
1476-021/1476-021-03-07-10.png	169	das
0584-031/0584-031-04-06-14.png	57	do
6800-085/6800-085-02-02-02.png	667	de
0518-018/0518-018-03-06-10.png	33	de
4928-002/4928-002-02-02-08.png	593	aos
7591-047/7591-047-04-01-12.png	805	no
1629-018/1629-018-03-01-01.png	199	Além
7805-037/7805-037-02-09-02.png	846	de
1625-014/1625-014-01-04-13.png	195	100
7864-040/7864-040-01-02-13.png	856	longo
7858-034/7858-034-03-07-01.png	850	além
0572-019/0572-019-04-03-05.png	50	as
1641-030/1641-030-03-05-17.png	211	pelos
4743-306/4743-306-04-01-12.png	561	ocaso
7136-077/7136-077-04-07-03.png	702	ao
1629-018/1629-018-01-01-11.png	199	foi
0681-072/0681-072-02-07-15.png	84	os
4786-005/4786-005-02-06-05.png	576	as
4111-029/4111-029-01-01-09.png	448	uma
0570-017/0570-017-01-01-01.png	48	Na
0681-072/0681-072-01-03-15.png	84	doen-
7876-052/7876-052-03-03-05.png	868	as
1755-019/1755-019-02-01-18.png	261	dos
1626-015/1626-015-02-07-08.png	196	sua
1661-050/1661-050-02-03-02.png	230	normalidade
3638-008/3638-008-03-06-11.png	408	esse
5263-010/5263-010-02-06-07.png	619	de
1660-049/1660-049-02-04-01.png	229	siedade
8453-047/8453-047-04-05-07.png	926	do
2114-064/2114-064-02-04-06.png	279	em
6394-019/6394-019-02-03-13.png	647	dos
1604-043/1604-043-01-03-02.png	190	do
8996-010/8996-010-01-02-04.png	966	São
9199-032/9199-032-02-07-16.png	980	só
3040-017/3040-017-04-03-01.png	391	de
8485-079/8485-079-01-04-05.png	938	às
7993-047/7993-047-01-04-12.png	874	doenças
7291-093/7291-093-02-06-13.png	763	se
0236-028/0236-028-02-06-17.png	12	de
2738-050/2738-050-03-01-04.png	371	do
7136-077/7136-077-02-02-16.png	702	que
8467-061/8467-061-01-04-14.png	931	às
7175-116/7175-116-01-04-14.png	732	do
7338-040/7338-040-02-07-09.png	770	de
1682-071/1682-071-02-08-04.png	251	vez
4985-041/4985-041-03-07-22.png	605	de
4294-007/4294-007-02-04-10.png	477	de
7157-098/7157-098-01-03-05.png	720	se
0573-020/0573-020-03-08-20.png	51	Por
4097-015/4097-015-01-05-12.png	436	associados
7871-047/7871-047-04-04-10.png	863	informações
4934-008/4934-008-01-01-14.png	597	ter
8621-069/8621-069-03-03-14.png	950	ou
6476-006/6476-006-03-04-03.png	656	de
7576-032/7576-032-02-05-12.png	798	os
0236-028/0236-028-04-02-01.png	12	ção
1438-042/1438-042-02-03-13.png	156	não
4765-010/4765-010-02-04-01.png	568	De
2323-030/2323-030-04-01-05.png	312	da
1646-035/1646-035-03-02-08.png	216	estatal
8254-023/8254-023-01-06-12.png	918	às
7804-036/7804-036-04-07-04.png	845	de
8120-022/8120-022-02-03-06.png	882	de
8751-039/8751-039-04-07-04.png	956	reduzir
7601-057/7601-057-02-04-19.png	810	descrito
1662-051/1662-051-03-01-02.png	231	segundo
2977-020/2977-020-02-03-04.png	389	proporcionando
0260-052/0260-052-03-06-02.png	24	que
7153-094/7153-094-01-01-07.png	717	de
1731-020/1731-020-01-04-07.png	259	de
8751-039/8751-039-01-04-05.png	956	por
1643-032/1643-032-02-04-09.png	213	mais
1683-072/1683-072-04-01-08.png	252	máxima
1425-029/1425-029-04-07-04.png	145	de
2374-081/2374-081-03-01-02.png	329	não
2977-020/2977-020-03-04-08.png	389	de
2123-073/2123-073-02-05-09.png	284	ao
2245-045/2245-045-04-08-01.png	300	mo
0991-017/0991-017-04-03-12.png	119	de
7613-069/7613-069-03-08-07.png	816	pouco
7796-028/7796-028-01-02-07.png	840	na
4988-044/4988-044-03-09-08.png	608	de
2776-032/2776-032-05-02-01.png	375	não
2372-079/2372-079-04-05-04.png	328	do
1677-066/1677-066-04-04-15.png	246	tema
3650-020/3650-020-04-03-02.png	415	de
7591-047/7591-047-02-06-07.png	805	qualidade
4545-108/4545-108-03-08-09.png	515	que
1628-017/1628-017-03-05-07.png	198	de
4293-006/4293-006-01-01-10.png	476	do
1682-071/1682-071-03-06-04.png	251	uma
4936-010/4936-010-03-01-14.png	598	no
0516-016/0516-016-04-02-16.png	32	Em
0649-040/0649-040-04-04-01.png	70	ções
4518-081/4518-081-03-04-18.png	512	em
8751-039/8751-039-02-06-11.png	956	está
7265-067/7265-067-03-01-16.png	738	ansi-
4746-309/4746-309-04-08-09.png	563	fim
1492-037/1492-037-02-07-07.png	181	de
4518-081/4518-081-04-08-07.png	512	por
1637-026/1637-026-04-07-09.png	207	congruente
0415-013/0415-013-04-02-06.png	26	sua
1632-021/1632-021-03-05-05.png	202	não
3673-043/3673-043-03-04-02.png	425	do
7343-045/7343-045-02-04-01.png	775	dida
7601-057/7601-057-02-01-12.png	810	que
9140-024/9140-024-04-05-13.png	973	po-
8185-035/8185-035-02-01-01.png	900	Em
6408-033/6408-033-04-02-13.png	654	do
7869-045/7869-045-03-01-18.png	861	do
1646-035/1646-035-04-04-18.png	216	escolar
4097-015/4097-015-04-01-08.png	436	fim
2673-030/2673-030-03-02-07.png	368	do
7803-035/7803-035-02-04-05.png	844	esse
1680-069/1680-069-03-02-08.png	249	1988
1437-041/1437-041-04-02-08.png	155	as
7873-049/7873-049-02-03-03.png	865	pressões
7987-041/7987-041-04-07-08.png	872	os
1660-049/1660-049-01-03-09.png	229	negligência
1674-063/1674-063-02-06-10.png	243	acordo
5824-022/5824-022-03-02-01.png	627	de
1601-040/1601-040-04-05-11.png	189	isso
7993-047/7993-047-03-05-10.png	874	sob
8222-013/8222-013-02-07-02.png	905	as
8896-023/8896-023-02-04-01.png	961	zação
8222-013/8222-013-03-03-08.png	905	que
1129-024/1129-024-04-01-04.png	134	os
1757-021/1757-021-02-03-01.png	263	de
7869-045/7869-045-04-02-16.png	861	de
7862-038/7862-038-01-03-14.png	854	de
8900-027/8900-027-03-06-15.png	963	suas
2248-048/2248-048-04-04-16.png	303	fim
1444-048/1444-048-03-01-14.png	160	um
1448-052/1448-052-04-03-14.png	164	de
8457-051/8457-051-02-03-10.png	928	na
8898-025/8898-025-01-06-10.png	962	das
1642-031/1642-031-04-03-08.png	212	Essa
7290-092/7290-092-01-01-05.png	762	que
6116-024/6116-024-01-01-05.png	636	em
8747-035/8747-035-02-04-10.png	954	haja
8120-022/8120-022-02-05-09.png	882	ao
1633-022/1633-022-02-07-03.png	203	quando
1661-050/1661-050-01-04-11.png	230	desafios
4934-008/4934-008-01-04-14.png	597	esse
1652-041/1652-041-03-03-08.png	222	saudável
7876-052/7876-052-02-08-05.png	868	uma
6406-031/6406-031-03-04-07.png	653	ele
1673-062/1673-062-01-04-09.png	242	contexto
6115-023/6115-023-02-02-04.png	635	de
1656-045/1656-045-02-02-03.png	226	Nesse
0433-031/0433-031-03-04-11.png	30	não
1625-014/1625-014-03-05-04.png	195	prejuízo
2106-056/2106-056-04-05-08.png	272	da
4097-015/4097-015-02-06-02.png	436	como
1625-014/1625-014-02-06-10.png	195	quebrando
0555-002/0555-002-03-03-19.png	38	na
5263-010/5263-010-02-06-02.png	619	que
7576-032/7576-032-04-01-03.png	798	observa-se
0990-016/0990-016-01-05-16.png	118	falta
8185-035/8185-035-02-07-11.png	900	de
2339-046/2339-046-06-01-13.png	320	en-
6942-024/6942-024-04-01-07.png	678	de
7277-079/7277-079-02-03-07.png	750	de
7876-052/7876-052-04-03-08.png	868	tratamento
7796-028/7796-028-03-04-14.png	840	do
7591-047/7591-047-02-01-05.png	805	como
7587-043/7587-043-01-08-03.png	803	modelo
1624-013/1624-013-01-05-10.png	194	mentais
6394-019/6394-019-04-02-17.png	647	do
3670-040/3670-040-04-04-01.png	422	dos
0554-001/0554-001-03-05-08.png	37	fé
6478-008/6478-008-04-07-07.png	657	de
1659-048/1659-048-03-05-07.png	228	um
6907-014/6907-014-04-02-17.png	671	por
6946-028/6946-028-02-03-06.png	680	são
1757-021/1757-021-04-01-04.png	263	há
0761-022/0761-022-03-05-06.png	96	caso
2109-059/2109-059-04-02-04.png	275	os
3644-014/3644-014-04-05-01.png	411	em
1659-048/1659-048-02-01-13.png	228	enraizamento
7868-044/7868-044-01-01-07.png	860	lamentável
7174-115/7174-115-04-02-05.png	731	ao
3637-007/3637-007-01-02-18.png	407	de
6913-020/6913-020-03-07-07.png	675	Jessé
6478-008/6478-008-03-02-17.png	657	john
7862-038/7862-038-02-02-13.png	854	que
1682-071/1682-071-01-07-01.png	251	rados
0588-035/0588-035-02-04-16.png	59	qual
1683-072/1683-072-02-06-11.png	252	uma
7876-052/7876-052-03-01-06.png	868	também
2637-023/2637-023-01-01-09.png	358	aos
8443-037/8443-037-01-04-17.png	922	são
7863-039/7863-039-03-06-08.png	855	forma
7875-051/7875-051-03-07-08.png	867	sua
1755-019/1755-019-04-07-03.png	261	agirá
1638-027/1638-027-03-08-18.png	208	dos
4577-140/4577-140-02-05-11.png	523	que
7014-027/7014-027-03-03-10.png	682	por
4845-010/4845-010-03-04-06.png	581	por
3673-043/3673-043-05-01-12.png	425	Mor-
1621-010/1621-010-02-02-03.png	191	da
7798-030/7798-030-04-02-05.png	841	ser
2605-022/2605-022-03-04-05.png	344	prioriza
0705-096/0705-096-03-02-11.png	94	ao
1682-071/1682-071-01-07-02.png	251	de
1650-039/1650-039-02-08-16.png	220	busca
9154-038/9154-038-02-01-11.png	975	de
9526-010/9526-010-03-01-06.png	999	de
0775-036/0775-036-02-07-10.png	102	que
7585-041/7585-041-01-03-14.png	802	principais
7864-040/7864-040-04-04-01.png	856	da
1666-055/1666-055-03-01-09.png	235	minimizar
8902-029/8902-029-03-04-02.png	964	ao
8902-029/8902-029-01-06-11.png	964	por
0775-036/0775-036-04-03-11.png	102	de
8467-061/8467-061-04-07-07.png	931	os
4408-086/4408-086-03-01-01.png	493	No
0228-020/0228-020-04-03-15.png	8	que
2331-038/2331-038-03-01-11.png	316	fo-
1448-052/1448-052-03-05-07.png	164	os
8120-022/8120-022-03-01-07.png	882	hegemonia
3652-022/3652-022-03-10-14.png	417	os
7282-084/7282-084-02-02-17.png	755	haja
1768-032/1768-032-02-02-18.png	269	que
1632-021/1632-021-02-06-05.png	202	da
2129-079/2129-079-04-05-11.png	288	re-
2339-046/2339-046-04-03-09.png	320	ao
0995-021/0995-021-01-06-04.png	123	as
6115-023/6115-023-02-02-16.png	635	que
7868-044/7868-044-01-01-11.png	860	da
8225-016/8225-016-02-06-09.png	908	de
4571-134/4571-134-05-07-03.png	521	se
2323-030/2323-030-01-01-06.png	312	os
8447-041/8447-041-03-07-07.png	923	das
7046-009/7046-009-04-01-15.png	685	país
2977-020/2977-020-04-02-04.png	389	na
7175-116/7175-116-01-04-02.png	732	do
6946-028/6946-028-01-03-01.png	680	de
1444-048/1444-048-02-04-19.png	160	per-
1650-039/1650-039-02-01-02.png	220	primeiro
9203-036/9203-036-01-02-01.png	982	çar
1621-010/1621-010-02-03-11.png	191	dignidade
7158-099/7158-099-01-03-04.png	721	ao
7798-030/7798-030-02-05-07.png	841	qual
7141-082/7141-082-04-06-10.png	707	se
4488-051/4488-051-03-03-19.png	507	Se
8057-036/8057-036-03-08-12.png	877	fatos
2977-020/2977-020-04-10-11.png	389	-índice
3636-006/3636-006-03-02-18.png	406	dis-
6439-029/6439-029-03-05-14.png	655	uma
0586-033/0586-033-03-02-14.png	58	fato
2607-024/2607-024-03-01-05.png	346	válido
8242-011/8242-011-03-08-06.png	910	em
0258-050/0258-050-02-08-16.png	23	qual
7867-043/7867-043-03-07-07.png	859	tornando-as
1637-026/1637-026-02-03-12.png	207	qual
3638-008/3638-008-03-09-06.png	408	ao
4746-309/4746-309-03-07-04.png	563	às
2605-022/2605-022-01-04-01.png	344	ziria
4536-099/4536-099-04-04-02.png	514	do
7014-027/7014-027-03-07-11.png	682	do
1677-066/1677-066-03-06-13.png	246	transtornos
8473-067/8473-067-02-08-06.png	934	por
7867-043/7867-043-03-02-01.png	859	Facebook
2110-060/2110-060-01-06-06.png	276	pela
0516-016/0516-016-02-07-01.png	32	no
7990-044/7990-044-03-07-08.png	873	público
1652-041/1652-041-02-03-10.png	222	sobre
5649-032/5649-032-02-07-02.png	622	que
7873-049/7873-049-03-02-02.png	865	de
9306-009/9306-009-03-01-13.png	992	de
7722-088/7722-088-04-07-15.png	830	da
7981-035/7981-035-04-01-03.png	870	que
4990-046/4990-046-01-07-03.png	610	5º
8751-039/8751-039-01-03-01.png	956	demonstrando
0567-014/0567-014-02-04-13.png	47	haja
1637-026/1637-026-03-03-06.png	207	que
6390-015/6390-015-02-07-03.png	645	no
8747-035/8747-035-03-04-09.png	954	sujeitos
7347-049/7347-049-02-04-11.png	779	de
7276-078/7276-078-04-06-07.png	749	que
0256-048/0256-048-01-06-12.png	22	os
8249-018/8249-018-01-04-05.png	916	ao
1485-030/1485-030-01-03-02.png	176	no
8223-014/8223-014-01-06-07.png	906	de
1677-066/1677-066-04-05-09.png	246	uma
4124-042/4124-042-02-02-19.png	461	Vacina
0990-016/0990-016-04-07-10.png	118	de
2772-028/2772-028-02-02-03.png	373	Esses
7425-074/7425-074-01-05-09.png	784	seja
2119-069/2119-069-04-06-01.png	280	tos
0563-010/0563-010-04-02-07.png	43	da
1732-021/1732-021-02-03-12.png	260	os
2670-027/2670-027-03-06-13.png	366	um
1680-069/1680-069-03-05-09.png	249	que
0258-050/0258-050-03-03-13.png	23	de
2780-036/2780-036-02-06-17.png	377	de
4766-011/4766-011-02-03-09.png	569	XX
2607-024/2607-024-02-02-10.png	346	transtorno
4247-016/4247-016-02-07-18.png	465	para
7722-088/7722-088-03-05-07.png	830	os
1474-019/1474-019-03-03-15.png	167	cul-
0516-016/0516-016-05-07-02.png	32	HIV
4292-005/4292-005-04-07-18.png	475	de
4111-029/4111-029-03-08-09.png	448	motivo
7869-045/7869-045-01-06-07.png	861	situação
3670-040/3670-040-04-06-01.png	422	os
7162-103/7162-103-03-01-01.png	725	Em
6145-016/6145-016-02-03-10.png	642	seu
1624-013/1624-013-04-06-01.png	194	deste
4930-004/4930-004-01-05-08.png	595	de
0252-044/0252-044-03-09-11.png	20	da
4354-032/4354-032-03-04-15.png	490	das
1431-035/1431-035-02-06-09.png	149	em
5263-010/5263-010-03-05-09.png	619	de
1757-021/1757-021-04-03-02.png	263	com
4884-049/4884-049-03-08-09.png	587	de
6942-024/6942-024-04-01-11.png	678	do
4646-209/4646-209-05-02-11.png	539	do
3648-018/3648-018-01-02-11.png	413	Em
2606-023/2606-023-02-01-11.png	345	de
1684-073/1684-073-02-05-07.png	253	educação
7978-032/7978-032-01-05-01.png	869	-se
7576-032/7576-032-03-01-14.png	798	filme
1643-032/1643-032-03-09-08.png	213	do
4545-108/4545-108-05-03-01.png	515	do
5826-024/5826-024-05-05-08.png	629	de
7049-012/7049-012-01-01-15.png	687	XX
4488-051/4488-051-02-04-02.png	507	de
7045-008/7045-008-04-05-08.png	684	foi
0424-022/0424-022-04-04-07.png	28	não
7591-047/7591-047-03-05-09.png	805	consequente
3672-042/3672-042-02-03-14.png	424	de
6404-029/6404-029-01-03-16.png	652	país
1684-073/1684-073-01-01-11.png	253	são
8751-039/8751-039-02-04-17.png	956	de
1677-066/1677-066-04-04-05.png	246	de
7804-036/7804-036-01-07-08.png	845	de
7433-082/7433-082-04-06-04.png	785	em
7131-072/7131-072-03-04-05.png	697	das
4980-036/4980-036-03-04-01.png	602	os
1643-032/1643-032-02-05-09.png	213	temática
7145-086/7145-086-03-05-09.png	711	um
8999-013/8999-013-03-02-11.png	968	Jo-
0236-028/0236-028-04-03-10.png	12	por
7140-081/7140-081-01-01-10.png	706	de
1757-021/1757-021-01-02-15.png	263	sobre
8751-039/8751-039-02-07-01.png	956	dança
1626-015/1626-015-02-05-13.png	196	normatividade
1638-027/1638-027-03-07-14.png	208	os
2368-075/2368-075-04-02-11.png	326	do
9199-032/9199-032-04-04-02.png	980	do
1680-069/1680-069-04-03-01.png	249	transmitida
3040-017/3040-017-04-03-02.png	391	ser
8471-065/8471-065-03-04-16.png	933	dos
0554-001/0554-001-03-03-03.png	37	um
6113-021/6113-021-02-03-12.png	633	de
1646-035/1646-035-03-02-09.png	216	Isso
0555-002/0555-002-04-04-04.png	38	pode
6912-019/6912-019-04-03-03.png	674	da
1666-055/1666-055-03-05-01.png	235	mico
2605-022/2605-022-01-05-06.png	344	luz
9201-034/9201-034-01-01-10.png	981	sua
7993-047/7993-047-03-04-18.png	874	personalidade
1641-030/1641-030-01-04-07.png	211	Nesse
4765-010/4765-010-04-05-08.png	568	os
1438-042/1438-042-01-05-02.png	156	só
8900-027/8900-027-03-05-17.png	963	os
2970-013/2970-013-03-03-11.png	382	sabido
8757-045/8757-045-02-06-10.png	959	da
9154-038/9154-038-02-07-16.png	975	popu-
2637-023/2637-023-02-05-07.png	358	de
0555-002/0555-002-02-02-10.png	38	da
7154-095/7154-095-02-08-04.png	718	os
4790-009/4790-009-01-02-17.png	578	na
2183-040/2183-040-04-02-08.png	290	de
2249-049/2249-049-01-03-16.png	304	da
0224-016/0224-016-04-01-15.png	6	Poder
2977-020/2977-020-03-02-09.png	389	instituições
0258-050/0258-050-03-04-02.png	23	na
7156-097/7156-097-02-04-12.png	719	na
0693-084/0693-084-02-08-12.png	89	para
2130-080/2130-080-03-09-06.png	289	de
1474-019/1474-019-01-01-07.png	167	saga
7272-074/7272-074-04-01-04.png	745	que
8120-022/8120-022-04-03-15.png	882	eres
1683-072/1683-072-01-01-05.png	252	avanços
0260-052/0260-052-03-03-04.png	24	de
7867-043/7867-043-04-04-10.png	859	alunos
1622-011/1622-011-04-07-05.png	192	ao
0775-036/0775-036-02-05-10.png	102	não
2248-048/2248-048-01-06-10.png	303	mas
1643-032/1643-032-02-03-07.png	213	atenção
8255-024/8255-024-03-03-03.png	919	que
0645-036/0645-036-03-03-07.png	68	do
7576-032/7576-032-03-01-02.png	798	disso
5826-024/5826-024-04-04-15.png	629	que
7876-052/7876-052-01-03-11.png	868	mentais
8625-073/8625-073-02-02-14.png	951	qual
0254-046/0254-046-02-05-03.png	21	um
1629-018/1629-018-03-03-03.png	199	pela
2341-048/2341-048-05-01-07.png	321	do
2607-024/2607-024-03-04-09.png	346	alienação
4790-009/4790-009-04-05-11.png	578	de
3649-019/3649-019-03-03-02.png	414	de
7344-046/7344-046-03-03-02.png	776	de
1492-037/1492-037-03-04-13.png	181	não
2186-043/2186-043-02-06-12.png	293	com
2108-058/2108-058-03-03-11.png	274	de
7131-072/7131-072-03-03-05.png	697	vez
0570-017/0570-017-03-05-01.png	48	que
3633-003/3633-003-03-01-09.png	405	dos
1677-066/1677-066-01-05-04.png	246	do
9199-032/9199-032-04-04-04.png	980	de
1755-019/1755-019-02-06-03.png	261	fim
4986-042/4986-042-02-09-07.png	606	já
7556-012/7556-012-04-07-04.png	788	espaços
7868-044/7868-044-02-02-15.png	860	ao
2632-018/2632-018-02-06-14.png	353	de
4673-236/4673-236-04-02-16.png	546	no-
4767-012/4767-012-02-03-08.png	570	para
1628-017/1628-017-01-04-13.png	198	de
1674-063/1674-063-04-06-03.png	243	transtornos
8223-014/8223-014-02-04-09.png	906	de
4740-303/4740-303-04-05-10.png	560	se
2374-081/2374-081-03-04-01.png	329	to
6906-013/6906-013-04-01-03.png	670	dos
8245-014/8245-014-04-02-08.png	913	do
4982-038/4982-038-04-03-09.png	604	já
8449-043/8449-043-04-02-15.png	924	de
7564-020/7564-020-03-07-04.png	792	em
2738-050/2738-050-04-05-14.png	371	acerca
1659-048/1659-048-01-02-15.png	228	Entretanto
4408-086/4408-086-01-05-12.png	493	ci-
2610-027/2610-027-01-02-01.png	349	da
3670-040/3670-040-03-02-16.png	422	da
4856-021/4856-021-04-02-11.png	583	de
7794-026/7794-026-04-04-03.png	838	Tal
8619-067/8619-067-03-02-11.png	948	do
7260-062/7260-062-02-06-16.png	735	ao
6392-017/6392-017-04-06-11.png	646	haja
7984-038/7984-038-02-02-15.png	871	de
1498-043/1498-043-03-03-08.png	186	até
1449-053/1449-053-02-03-03.png	165	que
0258-050/0258-050-01-03-16.png	23	de
3641-011/3641-011-03-06-01.png	410	to
2613-030/2613-030-03-03-12.png	352	de
0998-024/0998-024-01-02-11.png	125	igua-
2780-036/2780-036-05-03-15.png	377	da
1633-022/1633-022-01-04-07.png	203	se
7862-038/7862-038-01-01-10.png	854	Hércules
4111-029/4111-029-02-02-17.png	448	Sob
1215-022/1215-022-02-03-10.png	142	isso
1643-032/1643-032-03-06-07.png	213	Coringa
7346-048/7346-048-04-02-10.png	778	de
7576-032/7576-032-01-02-08.png	798	sofrer
4754-317/4754-317-02-03-02.png	565	de
2368-075/2368-075-02-03-09.png	326	com
1673-062/1673-062-02-07-13.png	242	processo
1684-073/1684-073-01-03-08.png	253	contexto
1766-030/1766-030-04-07-09.png	268	de
4775-020/4775-020-04-01-11.png	573	ao
4524-087/4524-087-02-02-12.png	513	da
6946-028/6946-028-01-05-07.png	680	de
1448-052/1448-052-04-02-02.png	164	da
8896-023/8896-023-02-01-09.png	961	de
4124-042/4124-042-02-05-01.png	461	processo
7867-043/7867-043-02-04-08.png	859	detrimento
8517-011/8517-011-01-06-04.png	940	de
2109-059/2109-059-02-06-09.png	275	vez
7338-040/7338-040-01-08-09.png	770	do
9199-032/9199-032-02-06-11.png	980	dos
7978-032/7978-032-02-01-03.png	869	pontuar
2252-052/2252-052-02-02-10.png	306	dos
7862-038/7862-038-02-06-07.png	854	legitimidade
8121-023/8121-023-03-09-04.png	883	desses
1626-015/1626-015-02-08-06.png	196	Gerais
2607-024/2607-024-02-06-10.png	346	ideias
7864-040/7864-040-01-04-01.png	856	familiares
7346-048/7346-048-02-09-08.png	778	de
7587-043/7587-043-02-02-12.png	803	ocorrida
2970-013/2970-013-02-05-05.png	382	no
9207-040/9207-040-02-05-11.png	983	ou
2670-027/2670-027-04-04-07.png	366	fazer
1490-035/1490-035-02-08-01.png	179	te
1659-048/1659-048-04-01-09.png	228	parceria
7871-047/7871-047-03-04-07.png	863	foi
6112-020/6112-020-01-06-09.png	632	Esse
6115-023/6115-023-01-03-09.png	635	que
2505-048/2505-048-03-06-12.png	338	para
7158-099/7158-099-02-09-01.png	721	de
7341-043/7341-043-01-02-16.png	773	En-
1646-035/1646-035-01-03-16.png	216	que
7591-047/7591-047-01-02-13.png	805	forma
8179-029/8179-029-02-03-08.png	898	de
4929-003/4929-003-02-06-18.png	594	grande
8121-023/8121-023-04-02-11.png	883	sentido
7421-070/7421-070-03-05-08.png	782	que
1677-066/1677-066-03-02-06.png	246	perpectuação
7799-031/7799-031-03-01-04.png	842	de
4601-164/4601-164-04-04-09.png	529	de
3679-049/3679-049-05-02-12.png	430	no
1628-017/1628-017-04-07-01.png	198	tas
1481-026/1481-026-03-02-11.png	172	de
4611-174/4611-174-04-03-12.png	532	que
2489-032/2489-032-04-01-08.png	333	os
7343-045/7343-045-04-01-09.png	775	em
7287-089/7287-089-02-06-01.png	760	ao
0991-017/0991-017-02-04-06.png	119	ou
2104-054/2104-054-04-06-12.png	270	do
7875-051/7875-051-02-01-05.png	867	negligência
2670-027/2670-027-02-01-07.png	366	desejo
2606-023/2606-023-01-03-08.png	345	mentais
1660-049/1660-049-01-06-05.png	229	que
2776-032/2776-032-03-08-18.png	375	Lo-
8471-065/8471-065-02-01-02.png	933	as
4299-012/4299-012-06-03-07.png	481	Por
7859-035/7859-035-03-02-05.png	851	questão
7787-019/7787-019-04-07-03.png	833	aos
7591-047/7591-047-02-05-10.png	805	diferenças
7157-098/7157-098-03-05-12.png	720	os
1673-062/1673-062-03-08-10.png	242	do
1626-015/1626-015-02-02-17.png	196	isto
2772-028/2772-028-02-05-10.png	373	que
7157-098/7157-098-04-01-02.png	720	en
7576-032/7576-032-04-06-13.png	798	salas
1682-071/1682-071-02-09-07.png	251	estatal
6914-021/6914-021-01-05-08.png	676	no
1755-019/1755-019-02-07-11.png	261	quanto
4463-026/4463-026-03-04-15.png	504	das
1642-031/1642-031-01-02-09.png	212	as
0554-001/0554-001-04-03-05.png	37	em
1444-048/1444-048-02-05-02.png	160	os
3670-040/3670-040-06-02-03.png	422	do
1649-038/1649-038-03-03-08.png	219	sociedade
1495-040/1495-040-03-01-03.png	184	um
7981-035/7981-035-03-01-01.png	870	Ademais
7136-077/7136-077-03-07-09.png	702	uma
1431-035/1431-035-03-06-09.png	149	que
0555-002/0555-002-01-01-03.png	38	Os
7265-067/7265-067-02-05-04.png	738	de
0244-036/0244-036-04-01-04.png	16	democratização
7876-052/7876-052-03-06-13.png	868	apresentando
7425-074/7425-074-04-02-10.png	784	de
3637-007/3637-007-01-04-11.png	407	má
6911-018/6911-018-04-05-01.png	673	tos
4653-216/4653-216-03-06-09.png	541	de
3652-022/3652-022-04-05-05.png	417	que
7873-049/7873-049-01-01-07.png	865	fim
3127-008/3127-008-03-09-09.png	394	da
2120-070/2120-070-03-03-17.png	281	as
7131-072/7131-072-01-03-13.png	697	do
1628-017/1628-017-04-05-01.png	198	Ademais
8749-037/8749-037-03-02-02.png	955	saúde
6406-031/6406-031-02-05-11.png	653	de
4695-258/4695-258-03-06-09.png	554	vez
1663-052/1663-052-02-05-02.png	232	da
0236-028/0236-028-03-09-09.png	12	de
1654-043/1654-043-01-06-05.png	224	resultado
2186-043/2186-043-04-04-07.png	293	ser
1768-032/1768-032-02-04-01.png	269	as
1630-019/1630-019-04-04-02.png	200	dos
5824-022/5824-022-02-03-02.png	627	de
8481-075/8481-075-02-07-07.png	936	de
1469-014/1469-014-02-05-15.png	166	3º
7136-077/7136-077-03-07-22.png	702	eles
1654-043/1654-043-04-01-05.png	224	desconstruir
4427-105/4427-105-03-02-05.png	499	se
2977-020/2977-020-03-10-13.png	389	Estado
2970-013/2970-013-02-05-01.png	382	ou
2780-036/2780-036-02-06-12.png	377	de
8751-039/8751-039-02-03-01.png	956	gral
4766-011/4766-011-03-08-02.png	569	um
4601-164/4601-164-04-06-01.png	529	bal
1652-041/1652-041-03-04-01.png	222	quando
1632-021/1632-021-01-03-05.png	202	pela
0584-031/0584-031-03-07-10.png	57	ao
8254-023/8254-023-04-01-17.png	918	Para
0293-015/0293-015-01-04-12.png	25	da
1637-026/1637-026-02-04-09.png	207	diferenças
0560-007/0560-007-04-04-06.png	41	para
1682-071/1682-071-02-02-09.png	251	no
0555-002/0555-002-02-04-19.png	38	de
4746-309/4746-309-03-04-04.png	563	da
8225-016/8225-016-03-09-11.png	908	na
2341-048/2341-048-02-04-03.png	321	de
9306-009/9306-009-04-01-09.png	992	ao
7990-044/7990-044-01-02-02.png	873	psiquiátricos
4554-117/4554-117-04-02-07.png	517	as
7869-045/7869-045-02-10-13.png	861	mental
1663-052/1663-052-01-05-13.png	232	que
4930-004/4930-004-01-02-09.png	595	bons
4929-003/4929-003-03-04-13.png	594	postos
2334-041/2334-041-01-07-09.png	317	as
1647-036/1647-036-03-08-10.png	217	podcasts
0250-042/0250-042-04-05-05.png	19	em
7862-038/7862-038-02-08-13.png	854	tal
4292-005/4292-005-02-04-10.png	475	de
0520-020/0520-020-02-06-15.png	34	pelos
2774-030/2774-030-05-01-01.png	374	Em
4448-011/4448-011-05-05-04.png	502	que
4551-114/4551-114-02-05-05.png	516	de
3670-040/3670-040-04-05-15.png	422	por
8443-037/8443-037-03-07-04.png	922	as
2489-032/2489-032-04-02-09.png	333	de
2329-036/2329-036-03-08-10.png	314	os
5649-032/5649-032-03-01-16.png	622	for-
1628-017/1628-017-03-06-14.png	198	pública
1438-042/1438-042-04-03-01.png	156	ao
0220-012/0220-012-02-04-12.png	4	que
1662-051/1662-051-04-08-09.png	231	sociedade
8246-015/8246-015-04-02-04.png	914	ao
3670-040/3670-040-03-07-08.png	422	de
6392-017/6392-017-02-04-06.png	646	pelas
8467-061/8467-061-02-07-12.png	931	tal
7867-043/7867-043-04-02-02.png	859	tornam-se
1650-039/1650-039-03-02-09.png	220	doenças
1621-010/1621-010-02-01-07.png	191	que
4551-114/4551-114-03-01-08.png	516	do
0763-024/0763-024-03-01-02.png	97	IA
4766-011/4766-011-01-03-02.png	569	disso
1650-039/1650-039-01-01-01.png	220	Em
1755-019/1755-019-01-05-21.png	261	tal
8121-023/8121-023-03-08-09.png	883	danos
7129-070/7129-070-02-05-13.png	695	de
7421-070/7421-070-02-01-10.png	782	do
1759-023/1759-023-04-02-16.png	264	da
7591-047/7591-047-04-04-15.png	805	as
1661-050/1661-050-02-01-13.png	230	tratada
1215-022/1215-022-02-06-05.png	142	país
4930-004/4930-004-02-05-01.png	595	Sob
7343-045/7343-045-03-08-14.png	775	da
2610-027/2610-027-01-06-06.png	349	os
2130-080/2130-080-05-02-01.png	289	tal
9201-034/9201-034-01-01-16.png	981	local
4985-041/4985-041-02-07-06.png	605	de
7984-038/7984-038-03-04-08.png	871	patológico
1656-045/1656-045-04-06-03.png	226	Destarte
2511-054/2511-054-02-06-02.png	340	do
7282-084/7282-084-04-07-05.png	755	Só
7978-032/7978-032-02-05-15.png	869	de
1601-040/1601-040-03-02-08.png	189	os
4720-283/4720-283-02-08-03.png	557	pela
1755-019/1755-019-04-07-14.png	261	grito
3632-002/3632-002-01-01-07.png	404	foi
4996-052/4996-052-01-05-09.png	614	for-
4623-186/4623-186-03-01-11.png	534	seu
1677-066/1677-066-02-03-04.png	246	OMS
2248-048/2248-048-04-02-04.png	303	da
4985-041/4985-041-03-02-06.png	605	faz
1682-071/1682-071-04-07-02.png	251	expostas
8179-029/8179-029-02-04-03.png	898	de
8619-067/8619-067-01-03-15.png	948	não
3650-020/3650-020-02-03-07.png	415	da
4545-108/4545-108-04-05-13.png	515	ao
1674-063/1674-063-03-04-14.png	243	de
1757-021/1757-021-03-01-04.png	263	que
7868-044/7868-044-04-06-04.png	860	devolvendo
4551-114/4551-114-04-07-07.png	516	ao
7621-077/7621-077-04-01-06.png	820	mais
4684-247/4684-247-03-01-07.png	550	foi
4408-086/4408-086-04-03-09.png	493	por
7859-035/7859-035-01-06-01.png	851	Diante
4929-003/4929-003-01-01-09.png	594	1922
7987-041/7987-041-04-03-05.png	872	executivo
2372-079/2372-079-04-03-03.png	328	os
4545-108/4545-108-02-07-02.png	515	pelas
4743-306/4743-306-02-01-14.png	561	tais
7053-016/7053-016-02-04-02.png	690	ao
8759-047/8759-047-02-06-08.png	960	sem
2245-045/2245-045-02-01-03.png	300	lugar
7283-085/7283-085-04-06-01.png	756	ta
8619-067/8619-067-01-05-06.png	948	se
4298-011/4298-011-05-02-04.png	480	em
0218-010/0218-010-02-01-12.png	3	do
1646-035/1646-035-03-04-10.png	216	que
1626-015/1626-015-04-06-14.png	196	como
8900-027/8900-027-04-04-02.png	963	de
6116-024/6116-024-01-04-04.png	636	ao
4313-009/4313-009-03-07-01.png	486	sobre
4718-281/4718-281-01-02-15.png	556	a-
3671-041/3671-041-04-07-15.png	423	las-
7804-036/7804-036-01-02-21.png	845	bra-
0256-048/0256-048-01-05-15.png	22	to-
2189-046/2189-046-04-03-01.png	296	atinge
1654-043/1654-043-01-05-04.png	224	sentido
7722-088/7722-088-03-07-02.png	830	da
1666-055/1666-055-01-01-14.png	235	traumas
4748-311/4748-311-01-04-01.png	564	dos
7867-043/7867-043-01-02-04.png	859	Arthur
1650-039/1650-039-02-07-14.png	220	vida
7421-070/7421-070-03-05-01.png	782	do
4929-003/4929-003-03-07-10.png	594	de
4928-002/4928-002-04-06-09.png	593	ter
8749-037/8749-037-03-01-12.png	955	negligente
7433-082/7433-082-02-05-15.png	785	de
7269-071/7269-071-02-01-12.png	742	no
0579-026/0579-026-02-01-11.png	55	da
1661-050/1661-050-03-01-12.png	230	para
1682-071/1682-071-01-02-07.png	251	No
0570-017/0570-017-01-04-10.png	48	do
8751-039/8751-039-02-03-12.png	956	via
7433-082/7433-082-02-03-03.png	785	no
1629-018/1629-018-02-03-01.png	199	falta
1134-029/1134-029-02-06-10.png	137	de
4791-010/4791-010-02-07-01.png	579	para
3639-009/3639-009-03-02-01.png	409	do
3670-040/3670-040-04-02-14.png	422	ou
7152-093/7152-093-04-01-05.png	716	de
7613-069/7613-069-01-02-12.png	816	os
4246-015/4246-015-02-07-10.png	464	da
7859-035/7859-035-04-03-06.png	851	que
4766-011/4766-011-04-08-09.png	569	Com
1684-073/1684-073-04-04-02.png	253	de
1485-030/1485-030-03-04-14.png	176	uma
7276-078/7276-078-01-03-02.png	749	por
5649-032/5649-032-03-06-04.png	622	foi
3637-007/3637-007-04-06-04.png	407	vez
1666-055/1666-055-04-05-05.png	235	visto
1626-015/1626-015-02-05-11.png	196	fora
9199-032/9199-032-01-04-05.png	980	do
4354-032/4354-032-02-03-15.png	490	mi-
7722-088/7722-088-04-01-10.png	830	do
2613-030/2613-030-01-03-01.png	352	Essa
1624-013/1624-013-02-06-10.png	194	muitos
8896-023/8896-023-02-01-13.png	961	que
0218-010/0218-010-04-03-17.png	3	juros
4259-028/4259-028-03-02-14.png	467	de
4718-281/4718-281-01-05-07.png	556	com
7875-051/7875-051-04-06-09.png	867	apoio
1684-073/1684-073-03-01-14.png	253	exclusão
1660-049/1660-049-01-02-05.png	229	conceito
1682-071/1682-071-02-08-09.png	251	são
0761-022/0761-022-04-10-02.png	96	de
7862-038/7862-038-02-07-07.png	854	escolar
1476-021/1476-021-02-09-12.png	169	Tal
0695-086/0695-086-03-07-02.png	90	do
1213-020/1213-020-02-07-07.png	140	de
6913-020/6913-020-04-05-07.png	675	nos
2121-071/2121-071-03-07-18.png	282	en-
1650-039/1650-039-02-02-11.png	220	cubana
7993-047/7993-047-03-08-15.png	874	população
7260-062/7260-062-04-04-01.png	735	tais
1129-024/1129-024-02-07-08.png	134	seu
7589-045/7589-045-03-06-02.png	804	forma
7268-070/7268-070-03-04-11.png	741	da
8457-051/8457-051-02-08-06.png	928	não
7722-088/7722-088-02-08-06.png	830	de
1437-041/1437-041-03-03-02.png	155	não
1629-018/1629-018-03-03-11.png	199	expõem
4884-049/4884-049-03-02-11.png	587	de
8241-010/8241-010-02-05-01.png	909	do
8121-023/8121-023-03-02-02.png	883	por
7861-037/7861-037-03-01-09.png	853	existência
0433-031/0433-031-02-10-10.png	30	da
2491-034/2491-034-01-02-17.png	334	en-
3649-019/3649-019-03-04-03.png	414	que
1650-039/1650-039-03-02-08.png	220	das
0641-032/0641-032-04-02-11.png	66	da
1656-045/1656-045-04-02-20.png	226	convívio
7053-016/7053-016-03-06-06.png	690	que
7044-007/7044-007-01-01-10.png	683	do
6144-015/6144-015-04-06-10.png	641	que
0761-022/0761-022-04-10-05.png	96	do
1630-019/1630-019-04-07-03.png	200	Feito
2977-020/2977-020-02-03-06.png	389	país
1674-063/1674-063-04-02-11.png	243	diminuição
1652-041/1652-041-02-02-07.png	222	sujeitos
7283-085/7283-085-02-03-13.png	756	de
1659-048/1659-048-02-02-06.png	228	que
7341-043/7341-043-04-07-01.png	773	pelo
2343-050/2343-050-02-04-09.png	322	de
7276-078/7276-078-03-06-10.png	749	de
7591-047/7591-047-02-08-06.png	805	não
1757-021/1757-021-03-03-11.png	263	como
8057-036/8057-036-02-05-12.png	877	de
1626-015/1626-015-02-08-03.png	196	Barbacena
4743-306/4743-306-02-03-06.png	561	pela
4847-012/4847-012-03-03-11.png	582	que
0520-020/0520-020-04-01-09.png	34	das
0236-028/0236-028-04-02-13.png	12	por
4766-011/4766-011-03-07-07.png	569	tal
2511-054/2511-054-03-05-09.png	340	de
0216-008/0216-008-02-05-02.png	2	de
7276-078/7276-078-02-01-10.png	749	dos
1427-031/1427-031-01-01-08.png	146	que
2374-081/2374-081-01-02-01.png	329	te
7136-077/7136-077-02-05-17.png	702	de
2497-040/2497-040-03-06-07.png	337	de
7987-041/7987-041-01-02-07.png	872	Para
3650-020/3650-020-03-03-03.png	415	de
2106-056/2106-056-01-03-16.png	272	país
2778-034/2778-034-04-03-04.png	376	do
2605-022/2605-022-02-02-07.png	344	Para
7159-100/7159-100-01-05-01.png	722	na
7154-095/7154-095-01-05-14.png	718	sentir
3636-006/3636-006-02-02-06.png	406	dos
4292-005/4292-005-05-03-12.png	475	ao
7163-104/7163-104-03-03-12.png	726	no
7990-044/7990-044-01-05-06.png	873	sociedade
8222-013/8222-013-01-02-16.png	905	de
7265-067/7265-067-04-07-13.png	738	os
0651-042/0651-042-02-03-15.png	71	no
4624-187/4624-187-05-01-09.png	535	de
4943-017/4943-017-02-04-13.png	601	do
1666-055/1666-055-01-06-05.png	235	ações
4679-242/4679-242-01-01-01.png	548	Em
1495-040/1495-040-01-05-13.png	184	ou
4936-010/4936-010-04-02-07.png	598	em
9306-009/9306-009-04-02-03.png	992	ao
4746-309/4746-309-02-03-14.png	563	pelo
2120-070/2120-070-03-01-16.png	281	topo
1643-032/1643-032-03-04-02.png	213	que
7135-076/7135-076-03-07-18.png	701	ha-
1766-030/1766-030-02-07-03.png	268	os
4767-012/4767-012-03-07-05.png	570	de
4929-003/4929-003-02-08-21.png	594	As-
7796-028/7796-028-04-06-16.png	840	por
8900-027/8900-027-02-01-10.png	963	da
2784-040/2784-040-03-09-05.png	379	os
8242-011/8242-011-02-05-01.png	910	de
8904-031/8904-031-04-03-04.png	965	na
4928-002/4928-002-04-06-08.png	593	deve
5651-034/5651-034-05-04-09.png	624	de
3650-020/3650-020-04-07-06.png	415	ao
2368-075/2368-075-01-04-14.png	326	ao
8249-018/8249-018-02-07-01.png	916	que
1628-017/1628-017-02-06-03.png	198	social
7859-035/7859-035-01-04-01.png	851	retrata
7585-041/7585-041-01-04-09.png	802	dos
2738-050/2738-050-01-05-06.png	371	saúde
7049-012/7049-012-02-03-17.png	687	Dessa
7981-035/7981-035-01-02-13.png	870	humana
1130-025/1130-025-04-02-08.png	135	as
1448-052/1448-052-02-05-04.png	164	XX
2515-058/2515-058-03-08-13.png	342	os
7978-032/7978-032-01-04-04.png	869	mentais
7873-049/7873-049-04-03-20.png	865	pro-
7576-032/7576-032-04-05-01.png	798	da
7981-035/7981-035-04-06-07.png	870	diário
7141-082/7141-082-03-04-03.png	707	são
7613-069/7613-069-02-01-03.png	816	primeira
0218-010/0218-010-04-06-14.png	3	em
0260-052/0260-052-02-01-13.png	24	no
1123-018/1123-018-02-09-09.png	129	do
1637-026/1637-026-02-08-03.png	207	como
1628-017/1628-017-02-07-02.png	198	possíveis
4990-046/4990-046-04-06-09.png	610	do
2605-022/2605-022-01-04-11.png	344	problemática
7265-067/7265-067-03-07-18.png	738	de
2607-024/2607-024-03-01-10.png	346	de
7873-049/7873-049-03-03-07.png	865	esteriótipos
2184-041/2184-041-03-05-02.png	291	da
4689-252/4689-252-01-01-01.png	553	Na
1725-014/1725-014-03-07-15.png	254	de
1652-041/1652-041-04-04-22.png	222	Somente
1680-069/1680-069-03-01-05.png	249	relacionado
0651-042/0651-042-04-03-03.png	71	pela
7279-081/7279-081-01-04-08.png	752	ao
5823-021/5823-021-02-01-17.png	626	de
2970-013/2970-013-04-04-05.png	382	com
0226-018/0226-018-02-04-12.png	7	de
6116-024/6116-024-04-01-07.png	636	do
4097-015/4097-015-01-01-03.png	436	13
0586-033/0586-033-03-07-05.png	58	de
6914-021/6914-021-04-01-10.png	676	em
4586-149/4586-149-04-02-14.png	525	que
8473-067/8473-067-02-06-15.png	934	ân-
7867-043/7867-043-03-04-16.png	859	aquelas
1662-051/1662-051-03-03-02.png	231	este
1656-045/1656-045-03-01-13.png	226	na
7876-052/7876-052-02-01-02.png	868	pontuar
7286-088/7286-088-03-01-01.png	759	Além
1641-030/1641-030-04-07-05.png	211	Com
1625-014/1625-014-03-02-01.png	195	do
2485-028/2485-028-02-03-03.png	331	de
7282-084/7282-084-01-02-10.png	755	ao
0214-006/0214-006-02-05-06.png	1	de
7858-034/7858-034-01-02-13.png	850	atribuído
4766-011/4766-011-03-05-17.png	569	as
5651-034/5651-034-05-03-05.png	624	de
1624-013/1624-013-04-06-06.png	194	ressignificar
1643-032/1643-032-04-02-09.png	213	informar
7576-032/7576-032-03-02-16.png	798	que
0555-002/0555-002-04-01-13.png	38	triste
4997-053/4997-053-01-01-12.png	615	um
1684-073/1684-073-01-07-10.png	253	devido
4766-011/4766-011-02-07-12.png	569	na
4995-051/4995-051-01-02-05.png	613	um
1643-032/1643-032-03-01-11.png	213	colabora
8896-023/8896-023-03-04-10.png	961	de
7556-012/7556-012-02-01-09.png	788	de
8185-035/8185-035-02-03-07.png	900	fruto
7348-050/7348-050-04-06-09.png	780	da
7873-049/7873-049-02-05-16.png	865	na
6800-085/6800-085-04-07-06.png	667	de
2670-027/2670-027-02-05-03.png	366	do
2245-045/2245-045-02-05-11.png	300	por
1489-034/1489-034-02-06-04.png	178	sua
4482-045/4482-045-03-04-03.png	506	os
1677-066/1677-066-02-01-16.png	246	rele-
1215-022/1215-022-01-06-03.png	142	aos
7692-058/7692-058-03-08-13.png	824	ao
0520-020/0520-020-03-09-23.png	34	de
7132-073/7132-073-01-05-03.png	698	que
1661-050/1661-050-03-04-16.png	230	associa-
2322-029/2322-029-02-02-02.png	311	se
1630-019/1630-019-04-01-01.png	200	Em
7862-038/7862-038-01-06-15.png	854	devem
7268-070/7268-070-02-02-15.png	741	as
2786-042/2786-042-04-03-08.png	380	seja
1438-042/1438-042-02-01-01.png	156	De
1625-014/1625-014-02-04-13.png	195	pouca
6402-027/6402-027-02-05-08.png	651	da
8182-032/8182-032-01-04-03.png	899	feito
7798-030/7798-030-03-02-01.png	841	sas
2513-056/2513-056-02-04-12.png	341	na
7601-057/7601-057-04-03-08.png	810	Inovações
0258-050/0258-050-03-06-15.png	23	de
1489-034/1489-034-01-01-01.png	178	De
6113-021/6113-021-02-08-10.png	633	ser
4294-007/4294-007-02-03-02.png	477	de
4577-140/4577-140-04-01-10.png	523	com
7154-095/7154-095-03-04-03.png	718	da
6478-008/6478-008-03-02-01.png	657	to
0659-050/0659-050-03-08-17.png	75	da
4668-231/4668-231-02-10-04.png	543	por
4786-005/4786-005-03-05-05.png	576	das
7873-049/7873-049-01-03-06.png	865	até
1624-013/1624-013-04-02-03.png	194	nossa
8185-035/8185-035-03-02-07.png	900	Mal
2772-028/2772-028-03-07-11.png	373	do
4743-306/4743-306-03-04-19.png	561	de
0224-016/0224-016-02-04-13.png	6	fim
8747-035/8747-035-02-10-06.png	954	felicidade
2670-027/2670-027-03-05-14.png	366	vez
7275-077/7275-077-03-05-01.png	748	ra
6115-023/6115-023-01-06-08.png	635	de
1677-066/1677-066-01-01-06.png	246	de
1627-016/1627-016-03-05-06.png	197	afasta
5651-034/5651-034-02-04-07.png	624	pelo
8749-037/8749-037-03-01-15.png	955	estigma
4623-186/4623-186-02-01-10.png	534	de
8225-016/8225-016-04-04-03.png	908	do
2505-048/2505-048-02-01-04.png	338	da
6912-019/6912-019-02-02-09.png	674	do
5826-024/5826-024-02-01-09.png	629	há
1663-052/1663-052-01-04-13.png	232	psicopatias
7348-050/7348-050-03-05-09.png	780	de
7591-047/7591-047-03-03-08.png	805	consequências
8249-018/8249-018-03-05-12.png	916	Com
4097-015/4097-015-02-06-01.png	436	evidente
4765-010/4765-010-04-03-06.png	568	de
1123-018/1123-018-01-01-12.png	129	XIX
2670-027/2670-027-03-06-03.png	366	que
7868-044/7868-044-01-05-04.png	860	extinção
7591-047/7591-047-01-03-09.png	805	na
7556-012/7556-012-01-03-04.png	788	econômica
1677-066/1677-066-02-04-12.png	246	déficit
7045-008/7045-008-03-06-02.png	684	de
7601-057/7601-057-01-04-11.png	810	haja
7340-042/7340-042-04-07-08.png	772	de
1652-041/1652-041-03-07-05.png	222	que
8749-037/8749-037-02-06-07.png	955	já
8253-022/8253-022-04-03-16.png	917	ao
8459-053/8459-053-04-07-03.png	929	às
2607-024/2607-024-02-03-08.png	346	doenças
4936-010/4936-010-01-03-06.png	598	Nesse
1680-069/1680-069-02-02-03.png	249	Isso
8120-022/8120-022-04-02-10.png	882	da
7702-068/7702-068-04-04-03.png	826	da
7132-073/7132-073-04-06-01.png	698	de
1666-055/1666-055-03-03-05.png	235	de
1650-039/1650-039-02-07-01.png	220	mundo
7279-081/7279-081-04-08-01.png	752	to
1134-029/1134-029-04-04-04.png	137	às
2113-063/2113-063-02-08-13.png	278	de
0572-019/0572-019-04-04-13.png	50	as
4577-140/4577-140-04-03-02.png	523	em
4488-051/4488-051-02-04-04.png	507	de
4743-306/4743-306-03-06-20.png	561	de
7601-057/7601-057-03-03-13.png	810	instalação
7425-074/7425-074-03-03-10.png	784	de
7049-012/7049-012-03-06-03.png	687	um
0681-072/0681-072-03-07-06.png	84	de
3637-007/3637-007-03-03-04.png	407	ele
2485-028/2485-028-04-04-11.png	331	as
0667-058/0667-058-02-07-16.png	79	vida
1641-030/1641-030-03-09-06.png	211	elas
2607-024/2607-024-02-07-01.png	346	Locke
9306-009/9306-009-03-05-12.png	992	do
0218-010/0218-010-02-01-14.png	3	de
1627-016/1627-016-03-01-02.png	197	consequência
2114-064/2114-064-02-02-08.png	279	dos
7591-047/7591-047-03-02-01.png	805	plena
0258-050/0258-050-01-01-11.png	23	do
2104-054/2104-054-02-04-07.png	270	Não
3644-014/3644-014-04-03-04.png	411	do
2104-054/2104-054-02-06-09.png	270	seus
7585-041/7585-041-03-02-13.png	802	tende
1755-019/1755-019-02-01-06.png	261	que
1627-016/1627-016-04-05-04.png	197	na
8749-037/8749-037-03-01-09.png	955	somada
5262-009/5262-009-04-04-19.png	618	no
6913-020/6913-020-04-03-13.png	675	há
2375-082/2375-082-04-04-15.png	330	da
7344-046/7344-046-02-01-01.png	776	De
6406-031/6406-031-02-03-11.png	653	da
1663-052/1663-052-02-05-06.png	232	personagem
0228-020/0228-020-03-03-07.png	8	que
2610-027/2610-027-04-01-05.png	349	para
0293-015/0293-015-03-01-06.png	25	os
7129-070/7129-070-04-03-11.png	695	de
7293-095/7293-095-01-02-01.png	765	cia
4695-258/4695-258-04-05-11.png	554	con-
2374-081/2374-081-03-05-21.png	329	Então
0701-092/0701-092-02-04-02.png	93	pelo
4988-044/4988-044-02-06-11.png	608	alto
1642-031/1642-031-04-07-04.png	212	reforma
7692-058/7692-058-03-02-14.png	824	fal-
2121-071/2121-071-03-02-15.png	282	de
7268-070/7268-070-02-05-10.png	741	de
4930-004/4930-004-03-09-01.png	595	car
0564-011/0564-011-04-03-11.png	44	do
3636-006/3636-006-03-02-16.png	406	no
3632-002/3632-002-03-06-03.png	404	ou
7871-047/7871-047-01-04-10.png	863	faz-se
7046-009/7046-009-04-02-04.png	685	do
4259-028/4259-028-04-08-11.png	467	Por
1492-037/1492-037-04-01-06.png	181	com
7338-040/7338-040-04-01-11.png	770	do
7799-031/7799-031-01-03-10.png	842	de
7873-049/7873-049-01-02-12.png	865	na
7263-065/7263-065-03-03-14.png	737	ao
9201-034/9201-034-03-07-09.png	981	os
6404-029/6404-029-04-07-06.png	652	de
1632-021/1632-021-02-06-15.png	202	estado
4111-029/4111-029-03-04-15.png	448	ano
7601-057/7601-057-02-08-02.png	810	as
1729-018/1729-018-01-02-14.png	258	num
2186-043/2186-043-01-03-10.png	293	de
1002-028/1002-028-04-04-04.png	127	Isso
7861-037/7861-037-03-06-08.png	853	os
1123-018/1123-018-01-04-06.png	129	foi
4296-009/4296-009-04-06-01.png	478	de
3670-040/3670-040-02-03-06.png	422	das
1638-027/1638-027-02-05-05.png	208	de
1682-071/1682-071-02-08-05.png	251	que
1660-049/1660-049-01-02-09.png	229	ao
1659-048/1659-048-03-03-14.png	228	Netflix
7260-062/7260-062-02-07-02.png	735	um
1677-066/1677-066-03-04-05.png	246	necessidade
8186-036/8186-036-03-03-02.png	901	do
1425-029/1425-029-04-02-12.png	145	de
7799-031/7799-031-02-04-12.png	842	de
8245-014/8245-014-04-03-10.png	913	nos
4930-004/4930-004-03-09-10.png	595	não
7153-094/7153-094-01-05-07.png	717	de
8253-022/8253-022-03-01-09.png	917	não
1729-018/1729-018-03-02-13.png	258	do
2738-050/2738-050-04-05-01.png	371	tância
1215-022/1215-022-04-02-16.png	142	ao
0524-024/0524-024-02-04-04.png	36	no
2511-054/2511-054-04-04-17.png	340	que
8467-061/8467-061-02-02-07.png	931	que
7279-081/7279-081-04-01-07.png	752	no
0520-020/0520-020-03-06-11.png	34	como
4299-012/4299-012-03-07-07.png	481	no
7587-043/7587-043-04-05-08.png	803	promotores
7613-069/7613-069-04-06-06.png	816	do
1641-030/1641-030-04-04-04.png	211	mostrem
2106-056/2106-056-01-05-17.png	272	ao
8517-011/8517-011-03-04-02.png	940	da
4773-018/4773-018-02-09-08.png	572	que
2670-027/2670-027-04-07-09.png	366	que
7864-040/7864-040-01-04-07.png	856	trágico
1481-026/1481-026-02-06-09.png	172	de
4292-005/4292-005-02-01-13.png	475	do
4673-236/4673-236-02-03-05.png	546	um
0254-046/0254-046-03-07-07.png	21	de
7601-057/7601-057-01-03-15.png	810	que
2104-054/2104-054-05-07-05.png	270	de
6914-021/6914-021-02-05-01.png	676	ra
0260-052/0260-052-01-06-04.png	24	da
8121-023/8121-023-01-03-08.png	883	qual
4558-121/4558-121-04-07-03.png	518	que
1490-035/1490-035-01-04-07.png	179	do
7348-050/7348-050-02-05-13.png	780	que
0524-024/0524-024-01-05-02.png	36	do
8120-022/8120-022-01-06-04.png	882	da
5649-032/5649-032-02-01-11.png	622	da
4773-018/4773-018-04-06-12.png	572	for
4259-028/4259-028-03-07-14.png	467	de
7785-017/7785-017-03-05-02.png	832	do
1652-041/1652-041-02-07-08.png	222	preconceito
7987-041/7987-041-04-04-15.png	872	de
7692-058/7692-058-04-04-06.png	824	nas
7576-032/7576-032-03-06-17.png	798	seus
1134-029/1134-029-03-09-06.png	137	do
0524-024/0524-024-03-05-02.png	36	os
6484-014/6484-014-04-06-05.png	660	os
4995-051/4995-051-01-07-01.png	613	dos
7868-044/7868-044-04-05-11.png	860	informações
1643-032/1643-032-04-01-16.png	213	meio
2246-046/2246-046-04-04-02.png	301	os
7990-044/7990-044-03-06-02.png	873	direcionados
0520-020/0520-020-04-02-07.png	34	foi
1643-032/1643-032-01-01-08.png	213	de
2189-046/2189-046-04-01-09.png	296	como
4352-030/4352-030-05-05-13.png	489	de
1682-071/1682-071-03-03-07.png	251	controla
8225-016/8225-016-04-01-03.png	908	aos
7263-065/7263-065-03-03-12.png	737	de
3672-042/3672-042-05-03-01.png	424	ao
7145-086/7145-086-04-03-03.png	711	de
1633-022/1633-022-04-04-07.png	203	Brasil
0220-012/0220-012-04-03-15.png	4	des-
8253-022/8253-022-02-08-14.png	917	há
7795-027/7795-027-04-01-12.png	839	ao
2113-063/2113-063-03-08-16.png	278	se
1136-031/1136-031-02-03-12.png	138	de
0238-030/0238-030-01-01-06.png	13	de
8751-039/8751-039-01-02-10.png	956	da
8121-023/8121-023-02-02-12.png	883	pe-
4427-105/4427-105-03-02-03.png	499	que
2128-078/2128-078-02-05-09.png	287	foi
1427-031/1427-031-04-01-11.png	146	fim
7341-043/7341-043-04-06-08.png	773	pelo
1642-031/1642-031-01-05-14.png	212	do
4577-140/4577-140-02-05-07.png	523	Com
4354-032/4354-032-02-05-11.png	490	por
7861-037/7861-037-03-05-06.png	853	autores
6915-022/6915-022-01-01-04.png	677	da
1647-036/1647-036-02-07-06.png	217	dos
1621-010/1621-010-02-07-12.png	191	segregação
2331-038/2331-038-04-01-07.png	316	da
1214-021/1214-021-02-09-15.png	141	de
4558-121/4558-121-04-03-04.png	518	Tal
2183-040/2183-040-04-08-05.png	290	da
2977-020/2977-020-03-07-02.png	389	apresentada
2374-081/2374-081-02-07-09.png	329	por
7286-088/7286-088-01-01-08.png	759	sete
1646-035/1646-035-01-03-18.png	216	refere
6115-023/6115-023-03-06-10.png	635	do
0588-035/0588-035-01-06-06.png	59	os
7585-041/7585-041-03-01-09.png	802	na
7160-101/7160-101-02-08-11.png	723	de
8443-037/8443-037-01-02-01.png	922	blica
2607-024/2607-024-02-03-05.png	346	público
7290-092/7290-092-03-03-02.png	762	do
7138-079/7138-079-01-02-02.png	704	de
7869-045/7869-045-01-04-07.png	861	sentido
7987-041/7987-041-01-01-02.png	872	saramago
0567-014/0567-014-04-04-07.png	47	de
8621-069/8621-069-04-05-11.png	950	em
1663-052/1663-052-03-03-09.png	232	mentais
4601-164/4601-164-02-03-10.png	529	No
4754-317/4754-317-04-01-09.png	565	no
7152-093/7152-093-03-07-06.png	716	de
2784-040/2784-040-05-02-02.png	379	fato
2782-038/2782-038-04-06-04.png	378	na
4929-003/4929-003-02-04-19.png	594	há
2774-030/2774-030-03-01-01.png	374	Em
1638-027/1638-027-01-04-05.png	208	ao
1673-062/1673-062-04-03-05.png	242	viabilizar
7048-011/7048-011-01-02-02.png	686	em
7269-071/7269-071-03-01-14.png	742	qual
1481-026/1481-026-01-02-17.png	172	só
6113-021/6113-021-02-04-02.png	633	de
7175-116/7175-116-01-04-11.png	732	ligada
8443-037/8443-037-04-04-07.png	922	que
5822-020/5822-020-03-07-13.png	625	que
8449-043/8449-043-01-01-11.png	924	de
0998-024/0998-024-03-04-12.png	125	de
7344-046/7344-046-03-05-03.png	776	em
8057-036/8057-036-04-03-05.png	877	de
7859-035/7859-035-01-06-09.png	851	na
1487-032/1487-032-03-01-13.png	177	das
8747-035/8747-035-04-05-02.png	954	os
7591-047/7591-047-02-04-06.png	805	fluxos
8449-043/8449-043-02-05-14.png	924	ao
1656-045/1656-045-04-03-22.png	226	de
4124-042/4124-042-02-05-13.png	461	do
1683-072/1683-072-02-06-05.png	252	qual
0683-074/0683-074-01-01-10.png	85	na
0695-086/0695-086-04-03-16.png	90	de
9310-013/9310-013-04-02-16.png	995	de
6139-010/6139-010-02-03-14.png	638	cujo
8898-025/8898-025-02-05-18.png	962	frágil
1628-017/1628-017-02-07-15.png	198	discriminação
7863-039/7863-039-03-06-05.png	855	não
6404-029/6404-029-03-07-05.png	652	da
1637-026/1637-026-01-07-08.png	207	preconceito
1659-048/1659-048-01-01-15.png	228	universalização
7046-009/7046-009-03-05-13.png	685	pode
0681-072/0681-072-02-01-17.png	84	que
8898-025/8898-025-03-03-08.png	962	de
0520-020/0520-020-03-04-04.png	34	por
5822-020/5822-020-05-04-09.png	625	das
7053-016/7053-016-04-02-01.png	690	do
2970-013/2970-013-01-04-17.png	382	aces-
4845-010/4845-010-02-06-11.png	581	futu-
6394-019/6394-019-01-02-02.png	647	longo
2977-020/2977-020-03-09-10.png	389	podem
7045-008/7045-008-04-01-14.png	684	en-
7601-057/7601-057-03-03-16.png	810	de
6144-015/6144-015-04-01-15.png	641	em
7132-073/7132-073-03-02-07.png	698	vida
8190-040/8190-040-01-05-08.png	903	em
7587-043/7587-043-03-01-02.png	803	por
1663-052/1663-052-02-09-03.png	232	como
8759-047/8759-047-03-02-10.png	960	Saúde
4321-017/4321-017-02-06-09.png	487	que
0566-013/0566-013-04-01-12.png	46	trans-
1628-017/1628-017-01-03-03.png	198	no
7869-045/7869-045-01-01-10.png	861	simboliza
4673-236/4673-236-01-05-12.png	546	bem
1725-014/1725-014-02-03-15.png	254	no
7866-042/7866-042-02-08-04.png	858	pode
7869-045/7869-045-01-02-05.png	861	Longe
1629-018/1629-018-04-07-03.png	199	compreensiva
2606-023/2606-023-03-07-05.png	345	demonstra
7981-035/7981-035-02-07-02.png	870	de
2124-074/2124-074-01-06-10.png	285	no
0667-058/0667-058-04-03-06.png	79	de
1684-073/1684-073-02-05-02.png	253	XXI
7576-032/7576-032-04-02-16.png	798	em
4775-020/4775-020-04-01-14.png	573	sua
2189-046/2189-046-03-02-10.png	296	com
1449-053/1449-053-03-01-08.png	165	em
4643-206/4643-206-02-03-08.png	538	de
5826-024/5826-024-05-07-12.png	629	de
7348-050/7348-050-02-04-03.png	780	de
2607-024/2607-024-04-03-02.png	346	social
0252-044/0252-044-03-08-07.png	20	em
7601-057/7601-057-04-05-17.png	810	uma
7145-086/7145-086-03-01-16.png	711	já
4296-009/4296-009-03-06-12.png	478	por
7990-044/7990-044-02-08-01.png	873	zação
2110-060/2110-060-02-02-08.png	276	do
3670-040/3670-040-03-08-18.png	422	de
1643-032/1643-032-03-03-08.png	213	de
0520-020/0520-020-02-09-10.png	34	foram
7433-082/7433-082-04-04-03.png	785	de
2245-045/2245-045-04-04-08.png	300	que
7269-071/7269-071-02-09-13.png	742	de
6402-027/6402-027-01-03-12.png	651	pre-
0256-048/0256-048-03-08-07.png	22	de
7993-047/7993-047-01-02-05.png	874	seus
9201-034/9201-034-04-05-03.png	981	de
7873-049/7873-049-02-06-15.png	865	apática
7160-101/7160-101-04-03-10.png	723	na
4263-032/4263-032-01-06-02.png	469	ao
4463-026/4463-026-04-02-11.png	504	ser
0244-036/0244-036-03-08-01.png	16	ção
1656-045/1656-045-02-09-05.png	226	do
7859-035/7859-035-01-07-09.png	851	notórios
0997-023/0997-023-03-03-05.png	124	os
1673-062/1673-062-03-05-01.png	242	ou
7862-038/7862-038-01-05-06.png	854	estigma
1673-062/1673-062-03-02-04.png	242	Immanuel
8253-022/8253-022-01-02-11.png	917	do
1647-036/1647-036-03-02-10.png	217	tal
0232-024/0232-024-02-07-12.png	10	de
7591-047/7591-047-01-01-03.png	805	Revolução
0560-007/0560-007-03-03-18.png	41	que
0216-008/0216-008-05-06-04.png	2	por
2778-034/2778-034-02-02-07.png	376	já
3042-019/3042-019-03-02-01.png	392	lo
7265-067/7265-067-04-04-10.png	738	de
2248-048/2248-048-04-01-06.png	303	há
7868-044/7868-044-03-02-10.png	860	essa
1649-038/1649-038-04-01-12.png	219	as-
2104-054/2104-054-03-01-15.png	270	de
2189-046/2189-046-05-02-10.png	296	que
1654-043/1654-043-03-02-08.png	224	identificação
1651-040/1651-040-04-05-08.png	221	que
6478-008/6478-008-03-06-04.png	657	que
4845-010/4845-010-03-01-10.png	581	ao
0683-074/0683-074-02-05-09.png	85	por
8246-015/8246-015-03-02-08.png	914	de
4259-028/4259-028-03-02-13.png	467	vida
1728-017/1728-017-01-03-12.png	257	ao
1726-015/1726-015-01-05-18.png	255	no
7425-074/7425-074-03-04-11.png	784	pelo
3652-022/3652-022-02-03-09.png	417	na
7425-074/7425-074-03-06-15.png	784	bra-
6137-008/6137-008-03-07-14.png	637	de
0588-035/0588-035-03-02-10.png	59	Sob
0516-016/0516-016-04-05-04.png	32	do
6139-010/6139-010-01-01-04.png	638	no
1626-015/1626-015-03-03-12.png	196	trabalho
2125-075/2125-075-02-02-01.png	286	de
1755-019/1755-019-03-02-02.png	261	forma
1652-041/1652-041-03-05-12.png	222	acarreta
0641-032/0641-032-01-03-12.png	66	do
1729-018/1729-018-01-05-01.png	258	cial
7132-073/7132-073-04-04-13.png	698	TV
4934-008/4934-008-02-01-10.png	597	do
1643-032/1643-032-04-03-15.png	213	do
2970-013/2970-013-04-02-10.png	382	políticas
7293-095/7293-095-04-02-08.png	765	da
1759-023/1759-023-01-03-10.png	264	de
4299-012/4299-012-02-02-13.png	481	que
0428-026/0428-026-02-03-10.png	29	de
2776-032/2776-032-03-06-06.png	375	que
7156-097/7156-097-04-02-07.png	719	no
0639-030/0639-030-03-01-12.png	65	do
4412-090/4412-090-03-03-18.png	494	Pau-
7862-038/7862-038-02-01-15.png	854	indivíduos
7613-069/7613-069-01-06-11.png	816	democratização
0220-012/0220-012-02-01-08.png	4	de
7556-012/7556-012-02-03-03.png	788	acesso
7260-062/7260-062-02-05-11.png	735	de
7425-074/7425-074-02-06-05.png	784	se
1134-029/1134-029-04-07-03.png	137	foi
9203-036/9203-036-04-04-07.png	982	do
4111-029/4111-029-02-06-07.png	448	pelo
2607-024/2607-024-02-08-03.png	346	cumpre
0258-050/0258-050-03-07-13.png	23	do
4783-002/4783-002-02-10-03.png	575	de
7804-036/7804-036-03-03-09.png	845	de
7271-073/7271-073-04-04-07.png	744	de
0214-006/0214-006-02-07-11.png	1	de
4847-012/4847-012-03-04-04.png	582	para
7871-047/7871-047-01-03-12.png	863	plena
4354-032/4354-032-02-07-05.png	490	de
1656-045/1656-045-01-02-14.png	226	metade
1669-058/1669-058-04-02-13.png	238	um
1662-051/1662-051-04-07-03.png	231	pleno
4466-029/4466-029-03-10-14.png	505	da
4466-029/4466-029-03-03-11.png	505	de
4746-309/4746-309-02-01-14.png	563	da
9526-010/9526-010-04-01-12.png	999	de
7591-047/7591-047-03-01-09.png	805	tal
1630-019/1630-019-03-05-03.png	200	doenças
7136-077/7136-077-03-06-05.png	702	dia
2970-013/2970-013-03-01-05.png	382	disparidade
3671-041/3671-041-05-05-05.png	423	da
4681-244/4681-244-02-06-08.png	549	no
0586-033/0586-033-04-02-09.png	58	de
7981-035/7981-035-02-06-06.png	870	XVII
4646-209/4646-209-03-07-09.png	539	da
4623-186/4623-186-03-04-04.png	534	ficou
1621-010/1621-010-02-04-13.png	191	consideração
7861-037/7861-037-03-07-12.png	853	às
2374-081/2374-081-02-08-12.png	329	se
1638-027/1638-027-03-10-04.png	208	qual
0573-020/0573-020-01-03-10.png	51	um
1731-020/1731-020-01-02-06.png	259	de
3636-006/3636-006-01-02-13.png	406	por
7293-095/7293-095-01-02-02.png	765	de
1495-040/1495-040-02-07-05.png	184	de
1627-016/1627-016-01-01-13.png	197	um
3636-006/3636-006-04-04-02.png	406	as
3040-017/3040-017-02-06-08.png	391	as
9203-036/9203-036-02-01-01.png	982	Em
0564-011/0564-011-04-03-08.png	44	papel
4673-236/4673-236-03-05-11.png	546	vez
0687-078/0687-078-02-07-04.png	86	de
7170-111/7170-111-04-05-12.png	729	de
1674-063/1674-063-02-04-18.png	243	in-
4773-018/4773-018-02-06-02.png	572	de
4672-235/4672-235-01-01-03.png	545	da
0588-035/0588-035-02-07-20.png	59	em
6112-020/6112-020-04-04-03.png	632	ações
1674-063/1674-063-02-08-03.png	243	que
8481-075/8481-075-04-06-16.png	936	de
1001-027/1001-027-03-04-05.png	126	fim
8121-023/8121-023-02-04-08.png	883	concentração
7785-017/7785-017-04-03-06.png	832	na
1669-058/1669-058-03-09-12.png	238	Maior
1647-036/1647-036-02-08-09.png	217	altíssimos
1669-058/1669-058-01-05-06.png	238	Assim
8900-027/8900-027-02-09-05.png	963	as
8185-035/8185-035-01-02-04.png	900	da
1469-014/1469-014-04-06-16.png	166	iden-
8190-040/8190-040-01-05-02.png	903	Com
1683-072/1683-072-04-02-12.png	252	men-
2511-054/2511-054-04-02-04.png	340	de
4097-015/4097-015-02-06-04.png	436	não
8757-045/8757-045-02-08-11.png	959	por
2337-044/2337-044-02-06-02.png	319	de
2335-042/2335-042-04-10-07.png	318	de
8248-017/8248-017-01-04-13.png	915	não
4754-317/4754-317-01-02-10.png	565	para
1647-036/1647-036-01-02-10.png	217	pós-moderno
2104-054/2104-054-02-05-21.png	270	trans-
2780-036/2780-036-04-03-01.png	377	ter
7288-090/7288-090-02-06-09.png	761	em
7613-069/7613-069-02-05-16.png	816	mais
8521-015/8521-015-02-07-06.png	942	das
7136-077/7136-077-04-06-10.png	702	vício
2252-052/2252-052-04-01-11.png	306	de
7621-077/7621-077-04-01-05.png	820	que
8749-037/8749-037-02-07-13.png	955	vinculados
4259-028/4259-028-01-02-07.png	467	um
7987-041/7987-041-02-07-11.png	872	do
2249-049/2249-049-03-07-11.png	304	em
8904-031/8904-031-03-06-01.png	965	do
8749-037/8749-037-04-02-06.png	955	brasileiro
0701-092/0701-092-03-03-08.png	93	as
7862-038/7862-038-04-04-12.png	854	psicólogos
6406-031/6406-031-02-06-03.png	653	as
8749-037/8749-037-02-05-11.png	955	em
0415-013/0415-013-02-09-06.png	26	os
4995-051/4995-051-03-02-08.png	613	de
7803-035/7803-035-02-03-01.png	844	car
7804-036/7804-036-04-07-09.png	845	de
7337-039/7337-039-03-05-01.png	769	do
8121-023/8121-023-02-06-09.png	883	geográfica
0566-013/0566-013-02-06-11.png	46	do
1449-053/1449-053-04-05-10.png	165	de
4571-134/4571-134-03-04-01.png	521	seu
6439-029/6439-029-02-01-09.png	655	está
1663-052/1663-052-01-05-09.png	232	parcela
1266-040/1266-040-02-02-06.png	143	da
4554-117/4554-117-04-05-10.png	517	de
1663-052/1663-052-02-08-06.png	232	em
6144-015/6144-015-02-01-04.png	641	se
7269-071/7269-071-03-08-03.png	742	uma
8898-025/8898-025-03-03-16.png	962	de
9311-014/9311-014-04-05-11.png	996	de
7872-048/7872-048-04-02-03.png	864	urge
4482-045/4482-045-04-07-09.png	506	do
2774-030/2774-030-03-08-16.png	374	de
4259-028/4259-028-03-08-02.png	467	só
1449-053/1449-053-01-04-01.png	165	da
1677-066/1677-066-02-01-07.png	246	índices
7591-047/7591-047-01-03-13.png	805	empecilhos
9203-036/9203-036-04-06-04.png	982	de
7131-072/7131-072-03-06-10.png	697	que
0238-030/0238-030-03-02-16.png	13	de
0997-023/0997-023-02-04-08.png	124	os
7589-045/7589-045-01-05-16.png	804	democratizado
7046-009/7046-009-04-06-12.png	685	dia
7859-035/7859-035-02-07-07.png	851	América
4354-032/4354-032-02-03-06.png	490	de
1659-048/1659-048-02-01-11.png	228	para
7282-084/7282-084-02-07-08.png	755	de
7433-082/7433-082-02-06-08.png	785	as
1666-055/1666-055-01-03-13.png	235	pressão
7876-052/7876-052-04-02-01.png	868	de
1444-048/1444-048-03-05-13.png	160	por
2248-048/2248-048-03-08-02.png	303	se
2738-050/2738-050-01-02-15.png	371	grupo
0560-007/0560-007-01-05-05.png	41	no
6484-014/6484-014-03-04-07.png	660	de
1661-050/1661-050-03-06-05.png	230	brasileiros
0578-025/0578-025-03-08-18.png	54	da
7556-012/7556-012-01-05-11.png	788	saber
7984-038/7984-038-02-02-09.png	871	expor
7049-012/7049-012-02-05-18.png	687	de
4775-020/4775-020-03-03-12.png	573	como
7601-057/7601-057-02-04-16.png	810	do
4930-004/4930-004-04-04-12.png	595	se
7269-071/7269-071-04-02-09.png	742	do
1625-014/1625-014-02-04-03.png	195	Todavia
7873-049/7873-049-02-05-09.png	865	que
8896-023/8896-023-02-04-18.png	961	tem
6914-021/6914-021-01-05-04.png	676	os
4767-012/4767-012-04-02-08.png	570	para
7556-012/7556-012-02-05-09.png	788	Santos
1649-038/1649-038-03-07-05.png	219	social
4097-015/4097-015-03-01-15.png	436	tentativas
0560-007/0560-007-01-03-07.png	41	haja
4677-240/4677-240-02-08-03.png	547	na
4097-015/4097-015-03-02-15.png	436	documentário
7724-090/7724-090-02-05-06.png	831	de
1647-036/1647-036-03-06-07.png	217	mentais
8749-037/8749-037-04-01-13.png	955	mentais
8749-037/8749-037-02-04-16.png	955	pejorativa
0234-026/0234-026-01-05-12.png	11	uma
2605-022/2605-022-03-04-01.png	344	lamentavelmente
2110-060/2110-060-01-06-13.png	276	da
1625-014/1625-014-01-03-06.png	195	que
2613-030/2613-030-04-01-06.png	352	Educação
4767-012/4767-012-01-03-08.png	570	seus
2738-050/2738-050-02-09-06.png	371	possui
7049-012/7049-012-04-02-13.png	687	de
7132-073/7132-073-01-05-10.png	698	vez
4568-131/4568-131-02-04-05.png	520	no
2784-040/2784-040-03-06-10.png	379	do
7267-069/7267-069-03-03-04.png	740	na
7869-045/7869-045-01-05-02.png	861	discutir
1632-021/1632-021-01-04-02.png	202	mais
8517-011/8517-011-03-03-10.png	940	sua
4268-037/4268-037-02-04-03.png	471	do
1469-014/1469-014-03-01-16.png	166	bra-
7154-095/7154-095-02-07-04.png	718	de
1726-015/1726-015-01-01-12.png	255	ir
5263-010/5263-010-04-08-01.png	619	de
1621-010/1621-010-01-01-11.png	191	em
8243-012/8243-012-01-03-02.png	911	que
4412-090/4412-090-02-06-15.png	494	da
6145-016/6145-016-04-03-04.png	642	ao
7866-042/7866-042-03-05-04.png	858	destes
8757-045/8757-045-01-04-01.png	959	vo
2372-079/2372-079-02-08-12.png	328	que
2125-075/2125-075-01-06-03.png	286	os
4583-146/4583-146-02-04-05.png	524	na
1134-029/1134-029-05-02-09.png	137	que
7585-041/7585-041-04-07-07.png	802	fenômeno
2339-046/2339-046-02-01-12.png	320	des-
1490-035/1490-035-03-03-09.png	179	No
8449-043/8449-043-02-02-11.png	924	em
2130-080/2130-080-04-02-02.png	289	que
7145-086/7145-086-04-01-12.png	711	ao
1624-013/1624-013-03-05-14.png	194	quais
1650-039/1650-039-03-03-04.png	220	fácil
0560-007/0560-007-04-02-12.png	41	da
7875-051/7875-051-04-06-05.png	867	de
8224-015/8224-015-01-03-09.png	907	do
2970-013/2970-013-02-07-14.png	382	da
4412-090/4412-090-04-08-02.png	494	por
6800-085/6800-085-04-03-07.png	667	do
7862-038/7862-038-01-04-11.png	854	sozinhos
1136-031/1136-031-05-01-13.png	138	se
7789-021/7789-021-02-08-11.png	835	em
1659-048/1659-048-04-01-01.png	228	Em
2331-038/2331-038-03-10-05.png	316	se
4111-029/4111-029-02-02-05.png	448	nociva
4934-008/4934-008-01-03-09.png	597	esse
2252-052/2252-052-03-02-14.png	306	que
7421-070/7421-070-03-06-09.png	782	que
0516-016/0516-016-02-03-14.png	32	pela
2497-040/2497-040-02-06-02.png	337	se
7260-062/7260-062-03-02-17.png	735	do
4987-043/4987-043-02-03-04.png	607	do
4900-065/4900-065-03-01-15.png	588	se
5651-034/5651-034-04-05-14.png	624	trans-
5262-009/5262-009-03-04-17.png	618	que
7803-035/7803-035-03-05-15.png	844	ou
7993-047/7993-047-04-01-07.png	874	doenças
7981-035/7981-035-01-02-08.png	870	mais
3673-043/3673-043-03-05-10.png	425	na
1647-036/1647-036-03-04-13.png	217	daqueles
3637-007/3637-007-01-04-22.png	407	des-
8749-037/8749-037-02-02-08.png	955	ocorre
4424-102/4424-102-04-03-02.png	498	de
7433-082/7433-082-01-07-07.png	785	de
0997-023/0997-023-01-01-04.png	124	em
7589-045/7589-045-01-03-12.png	804	se
4265-034/4265-034-03-04-09.png	470	no
3665-035/3665-035-02-10-08.png	418	de
8182-032/8182-032-04-03-06.png	899	de
2249-049/2249-049-02-06-02.png	304	de
1646-035/1646-035-03-07-02.png	216	porque
7263-065/7263-065-03-05-10.png	737	de
1656-045/1656-045-02-04-14.png	226	sociais
2106-056/2106-056-02-04-13.png	272	de
7875-051/7875-051-02-01-06.png	867	do
4111-029/4111-029-04-03-20.png	448	de
7876-052/7876-052-03-07-03.png	868	de
7158-099/7158-099-02-03-14.png	721	não
7621-077/7621-077-02-07-03.png	820	da
2487-030/2487-030-04-05-06.png	332	aos
4766-011/4766-011-04-01-10.png	569	um
8749-037/8749-037-03-06-15.png	955	respeito
7052-015/7052-015-02-09-07.png	689	do
7156-097/7156-097-01-02-11.png	719	pelos
1669-058/1669-058-02-03-04.png	238	as
1215-022/1215-022-02-07-11.png	142	de
1674-063/1674-063-01-01-09.png	243	mentais
7613-069/7613-069-04-05-14.png	816	as
4988-044/4988-044-02-05-15.png	608	eles
7862-038/7862-038-01-04-09.png	854	muitas
7290-092/7290-092-02-01-05.png	762	que
0214-006/0214-006-04-05-16.png	1	su-
2613-030/2613-030-02-09-07.png	352	supracitado
4766-011/4766-011-02-05-07.png	569	de
1649-038/1649-038-02-01-11.png	219	de
8439-033/8439-033-02-05-09.png	920	que
2322-029/2322-029-03-03-04.png	311	de
2632-018/2632-018-02-01-06.png	353	as
4418-096/4418-096-03-05-05.png	497	de
7863-039/7863-039-04-02-15.png	855	de
4293-006/4293-006-03-02-03.png	476	de
8057-036/8057-036-01-06-10.png	877	do
0226-018/0226-018-02-04-02.png	7	do
6406-031/6406-031-02-06-12.png	653	ter
7807-039/7807-039-03-06-12.png	848	pouco
8759-047/8759-047-03-04-02.png	960	não
6946-028/6946-028-03-02-04.png	680	os
1476-021/1476-021-02-04-14.png	169	de
7871-047/7871-047-04-01-03.png	863	que
0244-036/0244-036-03-04-09.png	16	de
2331-038/2331-038-03-07-01.png	316	de
1632-021/1632-021-01-04-05.png	202	mais
8749-037/8749-037-04-03-05.png	955	Governo
1487-032/1487-032-04-04-13.png	177	de
1663-052/1663-052-04-05-13.png	232	científicas
7576-032/7576-032-02-03-16.png	798	Sob
1662-051/1662-051-04-07-01.png	231	todos
8057-036/8057-036-02-01-13.png	877	Di-
7344-046/7344-046-03-03-10.png	776	de
0647-038/0647-038-03-03-12.png	69	de
0220-012/0220-012-03-05-13.png	4	de
2970-013/2970-013-02-07-05.png	382	na
3682-052/3682-052-04-02-12.png	433	em
7807-039/7807-039-04-03-15.png	848	de
1650-039/1650-039-04-02-12.png	220	os
4482-045/4482-045-05-02-11.png	506	ao
6137-008/6137-008-01-03-12.png	637	os
1680-069/1680-069-04-04-14.png	249	as
7156-097/7156-097-01-03-02.png	719	das
1652-041/1652-041-03-04-08.png	222	amigos
7344-046/7344-046-02-04-08.png	776	da
1652-041/1652-041-01-01-17.png	222	vez
1627-016/1627-016-03-08-04.png	197	que
5826-024/5826-024-04-01-17.png	629	da
1621-010/1621-010-01-01-01.png	191	De
0567-014/0567-014-03-05-11.png	47	da
7261-063/7261-063-03-05-04.png	736	da
8249-018/8249-018-03-02-06.png	916	filósofo
7587-043/7587-043-04-01-01.png	803	Portanto
8747-035/8747-035-03-06-11.png	954	espera
7263-065/7263-065-01-03-02.png	737	ao
7981-035/7981-035-01-06-03.png	870	diante
0424-022/0424-022-03-02-10.png	28	do
5824-022/5824-022-03-05-08.png	627	de
0238-030/0238-030-01-05-02.png	13	do
7868-044/7868-044-04-04-01.png	860	informativas
2189-046/2189-046-03-01-15.png	296	nesse
2327-034/2327-034-03-02-06.png	313	de
2776-032/2776-032-04-06-04.png	375	no
1499-044/1499-044-01-05-07.png	187	de
0777-038/0777-038-05-04-02.png	103	de
2128-078/2128-078-03-05-02.png	287	de
0830-026/0830-026-05-02-18.png	104	poder
2485-028/2485-028-01-03-06.png	331	em
0216-008/0216-008-03-02-11.png	2	da
4246-015/4246-015-04-03-05.png	464	por
7267-069/7267-069-01-04-10.png	740	de
6140-011/6140-011-01-01-04.png	639	do
0659-050/0659-050-03-03-10.png	75	por
1656-045/1656-045-03-04-19.png	226	gorduras
2738-050/2738-050-04-02-11.png	371	as
1624-013/1624-013-04-04-10.png	194	psiquiatras
4356-034/4356-034-04-04-13.png	491	que
4601-164/4601-164-04-03-05.png	529	de
7267-069/7267-069-02-02-08.png	740	ser
3651-021/3651-021-05-01-11.png	416	lei
3671-041/3671-041-03-04-01.png	423	que
1446-050/1446-050-02-08-01.png	162	vez
2667-024/2667-024-03-05-04.png	364	dos
4545-108/4545-108-04-07-13.png	515	na
4545-108/4545-108-05-03-07.png	515	de
6942-024/6942-024-03-02-09.png	678	do
4097-015/4097-015-04-06-01.png	436	plementarmente
1663-052/1663-052-04-03-10.png	232	midiáticas
7177-118/7177-118-03-02-13.png	733	as
1604-043/1604-043-04-03-11.png	190	de
7613-069/7613-069-02-02-06.png	816	Adorno
2369-076/2369-076-03-04-16.png	327	TV
4929-003/4929-003-03-04-16.png	594	por
4111-029/4111-029-02-02-15.png	448	torna
9203-036/9203-036-01-05-13.png	982	em
6390-015/6390-015-01-03-05.png	645	mas
8439-033/8439-033-02-06-04.png	920	de
2634-020/2634-020-02-02-08.png	355	no
4721-284/4721-284-04-01-11.png	558	as
3672-042/3672-042-03-02-05.png	424	da
7876-052/7876-052-01-05-07.png	868	das
4235-004/4235-004-02-04-13.png	463	as
3670-040/3670-040-02-06-08.png	422	um
0415-013/0415-013-02-06-15.png	26	do
4790-009/4790-009-03-02-09.png	578	das
0555-002/0555-002-04-05-03.png	38	os
2610-027/2610-027-04-06-10.png	349	semelhança
7804-036/7804-036-01-07-01.png	845	to
7269-071/7269-071-02-01-10.png	742	do
2346-053/2346-053-03-06-07.png	324	de
1474-019/1474-019-01-04-15.png	167	por
0565-012/0565-012-03-02-09.png	45	bem
2782-038/2782-038-04-08-01.png	378	de
4990-046/4990-046-02-07-04.png	610	prol
0555-002/0555-002-03-07-07.png	38	como
2613-030/2613-030-03-05-09.png	352	pouco
1628-017/1628-017-03-06-13.png	198	saúde
8457-051/8457-051-02-02-02.png	928	ao
4743-306/4743-306-02-06-05.png	561	dos
7613-069/7613-069-02-02-11.png	816	Industria
8471-065/8471-065-03-06-03.png	933	pierre
7794-026/7794-026-03-01-13.png	838	fa-
4743-306/4743-306-03-01-14.png	561	no
8241-010/8241-010-01-03-16.png	909	que
2121-071/2121-071-03-08-11.png	282	que
0701-092/0701-092-03-02-14.png	93	de
7044-007/7044-007-03-01-07.png	683	há
4482-045/4482-045-03-02-03.png	506	em
7869-045/7869-045-03-01-10.png	861	6º
8253-022/8253-022-02-06-13.png	917	José
0991-017/0991-017-02-02-09.png	119	do
7858-034/7858-034-02-01-11.png	850	pelos
1654-043/1654-043-02-03-04.png	224	modo
8483-077/8483-077-04-01-18.png	937	apre-
2130-080/2130-080-03-05-12.png	289	faz
8751-039/8751-039-01-05-01.png	956	preocupante
3641-011/3641-011-01-03-11.png	410	de
2776-032/2776-032-04-07-14.png	375	para
7981-035/7981-035-04-01-11.png	870	de
0830-026/0830-026-02-01-04.png	104	filme
6439-029/6439-029-01-03-07.png	655	no
2738-050/2738-050-04-02-14.png	371	educa-
0639-030/0639-030-02-05-14.png	65	de
1444-048/1444-048-02-04-02.png	160	falta
0565-012/0565-012-01-05-06.png	45	na
6402-027/6402-027-03-06-11.png	651	em
1656-045/1656-045-02-06-13.png	226	viés
3670-040/3670-040-04-02-06.png	422	de
4321-017/4321-017-03-09-01.png	487	de
1642-031/1642-031-02-05-02.png	212	de
6112-020/6112-020-01-07-02.png	632	da
1487-032/1487-032-04-03-08.png	177	às
4111-029/4111-029-03-05-16.png	448	haja
7276-078/7276-078-02-05-07.png	749	de
2106-056/2106-056-03-05-03.png	272	que
5822-020/5822-020-05-01-14.png	625	de
8056-035/8056-035-02-04-07.png	876	já
2606-023/2606-023-01-06-07.png	345	proveniente
4234-003/4234-003-03-06-11.png	462	De
1684-073/1684-073-01-03-11.png	253	autoritário
0573-020/0573-020-02-09-15.png	51	que
1621-010/1621-010-03-03-11.png	191	naturalização
2121-071/2121-071-04-02-10.png	282	dos
7437-086/7437-086-01-06-15.png	786	da
2613-030/2613-030-03-06-14.png	352	de
2374-081/2374-081-03-09-06.png	329	com
7692-058/7692-058-04-03-08.png	824	de
8759-047/8759-047-04-02-10.png	960	da
1659-048/1659-048-02-05-01.png	228	lher
0990-016/0990-016-02-04-03.png	118	Karl
0250-042/0250-042-02-01-06.png	19	de
1666-055/1666-055-03-05-18.png	235	tomar
7272-074/7272-074-04-07-05.png	745	de
1643-032/1643-032-03-02-06.png	213	doenças
4931-005/4931-005-02-02-18.png	596	de
1642-031/1642-031-04-05-02.png	212	diagnósticos
7613-069/7613-069-01-05-10.png	816	analisar
4982-038/4982-038-04-01-06.png	604	no
7576-032/7576-032-04-05-02.png	798	Cidadania
7272-074/7272-074-01-03-14.png	745	os
1661-050/1661-050-01-05-07.png	230	deturpado
7866-042/7866-042-04-02-08.png	858	destas
1499-044/1499-044-02-05-04.png	187	de
1651-040/1651-040-04-06-10.png	221	associado
1669-058/1669-058-03-02-05.png	238	associado
2485-028/2485-028-01-06-05.png	331	os
4111-029/4111-029-04-06-12.png	448	sobre
8056-035/8056-035-04-04-13.png	876	um
7621-077/7621-077-03-06-01.png	820	gadores
8759-047/8759-047-02-02-11.png	960	discriminação
4672-235/4672-235-03-01-03.png	545	vale
1642-031/1642-031-01-03-01.png	212	pedimento
8757-045/8757-045-03-01-01.png	959	Além
1677-066/1677-066-02-03-13.png	246	em
6906-013/6906-013-04-02-07.png	670	ao
1469-014/1469-014-02-07-06.png	166	de
4321-017/4321-017-02-05-07.png	487	que
1001-027/1001-027-02-03-08.png	126	de
3040-017/3040-017-02-04-02.png	391	dos
8243-012/8243-012-01-06-02.png	911	bem
4124-042/4124-042-02-02-08.png	461	ocorreu
4408-086/4408-086-01-05-06.png	493	um
0645-036/0645-036-02-07-03.png	68	dos
3652-022/3652-022-01-03-10.png	417	se
7136-077/7136-077-02-06-10.png	702	esses
4488-051/4488-051-03-07-08.png	507	fim
4488-051/4488-051-02-01-01.png	507	Ao
1626-015/1626-015-02-05-05.png	196	aqueles
7291-093/7291-093-01-06-01.png	763	na
0236-028/0236-028-01-01-10.png	12	do
7876-052/7876-052-03-01-08.png	868	ser
1487-032/1487-032-02-01-09.png	177	de
2252-052/2252-052-01-04-04.png	306	às
7789-021/7789-021-03-06-08.png	835	em
7564-020/7564-020-03-06-01.png	792	financeira
7724-090/7724-090-03-02-12.png	831	que
7807-039/7807-039-04-05-09.png	848	as
7439-088/7439-088-03-05-08.png	787	de
7591-047/7591-047-01-05-02.png	805	fundamental
0260-052/0260-052-02-03-08.png	24	seus
2607-024/2607-024-02-04-09.png	346	fragmentada
4740-303/4740-303-02-08-14.png	560	de
4259-028/4259-028-03-03-13.png	467	uma
4748-311/4748-311-02-06-03.png	564	pelo
2375-082/2375-082-01-03-02.png	330	no
4321-017/4321-017-03-09-03.png	487	as
1651-040/1651-040-04-06-09.png	221	destino
0570-017/0570-017-02-02-07.png	48	De
4775-020/4775-020-01-07-05.png	573	não
8225-016/8225-016-03-01-04.png	908	no
1431-035/1431-035-02-05-07.png	149	em
1429-033/1429-033-02-07-10.png	147	da
7260-062/7260-062-01-01-12.png	735	que
7864-040/7864-040-01-03-09.png	856	que
0252-044/0252-044-03-10-15.png	20	de
1677-066/1677-066-02-04-13.png	246	na
1674-063/1674-063-01-02-06.png	243	da
6110-018/6110-018-02-01-01.png	631	Em
2249-049/2249-049-03-05-03.png	304	que
7807-039/7807-039-04-06-02.png	848	Já
8749-037/8749-037-01-06-03.png	955	tal
7591-047/7591-047-01-05-11.png	805	tenham
1495-040/1495-040-02-01-03.png	184	um
1666-055/1666-055-04-02-08.png	235	do
8747-035/8747-035-04-03-02.png	954	filosofia
2369-076/2369-076-04-05-05.png	327	do
8057-036/8057-036-01-06-01.png	877	em
8898-025/8898-025-04-08-09.png	962	de
2774-030/2774-030-05-05-01.png	374	no
2183-040/2183-040-02-04-14.png	290	do
8516-010/8516-010-01-03-09.png	939	vez
4791-010/4791-010-03-04-02.png	579	de
8254-023/8254-023-03-01-07.png	918	da
1633-022/1633-022-04-04-02.png	203	associado
1682-071/1682-071-03-02-04.png	251	deletério
7576-032/7576-032-01-02-17.png	798	curada
3650-020/3650-020-03-07-06.png	415	no
6394-019/6394-019-04-02-16.png	647	meio
2632-018/2632-018-04-03-03.png	353	de
6906-013/6906-013-03-04-07.png	670	são
0238-030/0238-030-02-07-20.png	13	di-
0647-038/0647-038-02-02-01.png	69	das
8179-029/8179-029-04-03-09.png	898	da
8253-022/8253-022-01-05-02.png	917	da
7613-069/7613-069-04-05-02.png	816	os
2339-046/2339-046-05-08-04.png	320	de
7282-084/7282-084-03-07-15.png	755	de-
4677-240/4677-240-03-02-17.png	547	deso
7144-085/7144-085-03-06-11.png	710	na
6404-029/6404-029-04-08-01.png	652	sa
4268-037/4268-037-03-07-16.png	471	da
7564-020/7564-020-03-05-02.png	792	já
2776-032/2776-032-03-10-02.png	375	de
8249-018/8249-018-03-02-09.png	916	que
7864-040/7864-040-04-05-04.png	856	de
1632-021/1632-021-03-06-01.png	202	que
2606-023/2606-023-03-02-01.png	345	pessoas
2970-013/2970-013-02-01-08.png	382	criticada
7053-016/7053-016-01-05-15.png	690	ao
7153-094/7153-094-01-02-06.png	717	que
7862-038/7862-038-01-03-10.png	854	ser
4672-235/4672-235-03-06-11.png	545	de
3652-022/3652-022-01-03-02.png	417	as
4577-140/4577-140-05-04-06.png	523	nos
4767-012/4767-012-03-07-15.png	570	que
7556-012/7556-012-01-06-15.png	788	desse
8242-011/8242-011-04-04-11.png	910	da
7591-047/7591-047-04-01-14.png	805	ainda
7993-047/7993-047-02-08-10.png	874	portador
4936-010/4936-010-04-01-15.png	598	ao
1684-073/1684-073-04-01-04.png	253	que
0424-022/0424-022-03-05-16.png	28	per-
4611-174/4611-174-03-06-11.png	532	na
2344-051/2344-051-03-08-02.png	323	os
8223-014/8223-014-03-03-12.png	906	do
8185-035/8185-035-02-02-04.png	900	do
1661-050/1661-050-02-07-14.png	230	portanto
0250-042/0250-042-02-01-08.png	19	dos
7439-088/7439-088-01-02-12.png	787	de
4321-017/4321-017-05-01-14.png	487	ela
7046-009/7046-009-02-05-17.png	685	em
0520-020/0520-020-03-08-10.png	34	fakes
8469-063/8469-063-04-07-12.png	932	de
8516-010/8516-010-01-02-07.png	939	do
8447-041/8447-041-01-02-01.png	923	por
7785-017/7785-017-04-07-08.png	832	do
0777-038/0777-038-03-03-03.png	103	da
4466-029/4466-029-04-04-03.png	505	do
1492-037/1492-037-03-10-01.png	181	de
2780-036/2780-036-04-05-08.png	377	na
7862-038/7862-038-02-06-05.png	854	Apesar
1448-052/1448-052-02-03-09.png	164	Sob
8255-024/8255-024-02-04-04.png	919	na
0428-026/0428-026-04-02-13.png	29	que
5824-022/5824-022-05-02-14.png	627	os
3672-042/3672-042-04-06-13.png	424	já
2112-062/2112-062-04-06-01.png	277	tos
3676-046/3676-046-05-02-01.png	427	no
7425-074/7425-074-02-01-06.png	784	do
8757-045/8757-045-01-07-02.png	959	social
2106-056/2106-056-03-01-04.png	272	vale
8248-017/8248-017-03-02-02.png	915	as
4767-012/4767-012-01-03-07.png	570	têm
7990-044/7990-044-02-02-05.png	873	contribui
7984-038/7984-038-04-07-03.png	871	feitas
7145-086/7145-086-02-06-17.png	711	das
1214-021/1214-021-04-01-08.png	141	de
2738-050/2738-050-02-01-14.png	371	Europa
6402-027/6402-027-03-03-07.png	651	que
8121-023/8121-023-02-06-11.png	883	os
2369-076/2369-076-04-06-09.png	327	se
7861-037/7861-037-02-10-11.png	853	estigma
7170-111/7170-111-04-06-14.png	729	das
4746-309/4746-309-04-07-01.png	563	da
0649-040/0649-040-03-08-12.png	70	de
2114-064/2114-064-03-05-10.png	279	de
2246-046/2246-046-01-03-01.png	301	tido
7990-044/7990-044-01-05-09.png	873	Sob
8902-029/8902-029-02-02-17.png	964	vez
1632-021/1632-021-02-03-03.png	202	observa-se
7052-015/7052-015-01-02-04.png	689	que
7046-009/7046-009-04-07-04.png	685	de
9201-034/9201-034-04-01-06.png	981	se
4931-005/4931-005-01-03-03.png	596	em
2639-025/2639-025-01-04-07.png	360	na
4884-049/4884-049-03-06-04.png	587	as
1662-051/1662-051-02-06-08.png	231	um
0681-072/0681-072-02-04-07.png	84	de
2339-046/2339-046-02-04-09.png	320	foi
2977-020/2977-020-02-01-03.png	389	simbólico
7135-076/7135-076-02-07-11.png	701	que
7129-070/7129-070-02-03-15.png	695	de
2491-034/2491-034-04-03-07.png	334	do
7871-047/7871-047-03-04-10.png	863	escritor
0641-032/0641-032-03-08-02.png	66	na
4111-029/4111-029-02-04-19.png	448	de
2784-040/2784-040-03-06-06.png	379	das
6142-013/6142-013-02-06-05.png	640	de
7267-069/7267-069-02-01-04.png	740	dos
7136-077/7136-077-02-05-05.png	702	pouco
7621-077/7621-077-04-05-10.png	820	Adicionalmente
9306-009/9306-009-02-02-02.png	992	ao
6914-021/6914-021-04-05-17.png	676	cine-
4681-244/4681-244-03-01-07.png	549	parte
1656-045/1656-045-02-05-16.png	226	com
7265-067/7265-067-02-05-23.png	738	de
6915-022/6915-022-04-08-08.png	677	de
1604-043/1604-043-02-03-10.png	190	ser
1652-041/1652-041-01-04-14.png	222	ultrapassa
2970-013/2970-013-01-06-13.png	382	que
8896-023/8896-023-04-01-14.png	961	no
1684-073/1684-073-03-06-10.png	253	praticamente
3639-009/3639-009-02-01-06.png	409	que
7136-077/7136-077-02-04-13.png	702	um
1684-073/1684-073-03-08-12.png	253	um
4598-161/4598-161-04-05-14.png	528	tendo
0218-010/0218-010-02-04-06.png	3	da
0234-026/0234-026-03-02-12.png	11	fatos
0573-020/0573-020-03-03-01.png	51	não
8254-023/8254-023-04-06-15.png	918	os
7589-045/7589-045-02-05-07.png	804	valores
3671-041/3671-041-02-05-01.png	423	cos
1627-016/1627-016-03-05-10.png	197	tratamento
1601-040/1601-040-01-05-02.png	189	por
2738-050/2738-050-02-05-03.png	371	ruas
7564-020/7564-020-03-03-08.png	792	heterogênea
6913-020/6913-020-04-05-12.png	675	de
8242-011/8242-011-03-02-08.png	910	haja
4313-009/4313-009-02-02-15.png	486	que
4668-231/4668-231-01-06-03.png	543	dos
4845-010/4845-010-03-02-06.png	581	na
2120-070/2120-070-04-01-11.png	281	social
4934-008/4934-008-03-07-21.png	597	de
2108-058/2108-058-02-03-07.png	274	há
6914-021/6914-021-01-04-06.png	676	do
4943-017/4943-017-03-07-12.png	601	da
1763-027/1763-027-01-03-03.png	266	no
1490-035/1490-035-03-03-13.png	179	não
7978-032/7978-032-03-03-07.png	869	incapazes
7787-019/7787-019-03-03-08.png	833	para
6116-024/6116-024-03-04-16.png	636	as
1650-039/1650-039-01-03-22.png	220	por
4930-004/4930-004-03-05-17.png	595	de
2184-041/2184-041-01-06-05.png	291	não
3639-009/3639-009-02-05-01.png	409	ta
1627-016/1627-016-02-01-06.png	197	do
6116-024/6116-024-04-02-09.png	636	que
2497-040/2497-040-04-05-03.png	337	ação
7871-047/7871-047-04-03-06.png	863	Ministério
6392-017/6392-017-02-03-02.png	646	do
7601-057/7601-057-01-04-14.png	810	do
7621-077/7621-077-04-07-14.png	820	de
7286-088/7286-088-03-08-13.png	759	em
0641-032/0641-032-04-03-04.png	66	por
1652-041/1652-041-01-06-11.png	222	casos
1652-041/1652-041-01-05-12.png	222	perspectiva
1669-058/1669-058-04-02-01.png	238	do
7265-067/7265-067-01-06-08.png	738	para
1633-022/1633-022-01-05-03.png	203	debater
4313-009/4313-009-02-05-04.png	486	de
1660-049/1660-049-01-06-03.png	229	uma
1495-040/1495-040-02-06-15.png	184	re-
8898-025/8898-025-03-05-11.png	962	de
7805-037/7805-037-02-06-08.png	846	de
1663-052/1663-052-04-01-08.png	232	saúde
1601-040/1601-040-01-02-12.png	189	ao
7984-038/7984-038-01-03-18.png	871	de
7866-042/7866-042-03-02-05.png	858	as
3633-003/3633-003-03-09-08.png	405	da
7867-043/7867-043-02-08-17.png	859	tomar
0250-042/0250-042-02-08-02.png	19	de
7282-084/7282-084-04-08-04.png	755	as
7866-042/7866-042-04-06-03.png	858	que
3669-039/3669-039-04-03-14.png	421	um
7990-044/7990-044-04-02-01.png	873	tanto
1684-073/1684-073-03-02-03.png	253	possuem
9526-010/9526-010-02-06-01.png	999	giu
2778-034/2778-034-04-05-04.png	376	de
8747-035/8747-035-01-02-08.png	954	esposa
2505-048/2505-048-01-08-07.png	338	dos
7601-057/7601-057-03-02-07.png	810	um
7340-042/7340-042-03-04-10.png	772	que
1622-011/1622-011-02-04-09.png	192	ao
1661-050/1661-050-03-06-15.png	230	população
1649-038/1649-038-03-01-01.png	219	Ademais
1630-019/1630-019-03-03-06.png	200	do
8757-045/8757-045-03-04-12.png	959	egoístas
0415-013/0415-013-01-01-06.png	26	XIX
2374-081/2374-081-02-02-08.png	329	de
2782-038/2782-038-04-04-01.png	378	se
7589-045/7589-045-04-08-13.png	804	de
4783-002/4783-002-02-08-03.png	575	que
8249-018/8249-018-01-05-11.png	916	de
6144-015/6144-015-01-04-08.png	641	de
2738-050/2738-050-02-05-04.png	371	já
1621-010/1621-010-03-07-08.png	191	os
2670-027/2670-027-04-05-19.png	366	que
1627-016/1627-016-04-02-07.png	197	mentais
0995-021/0995-021-01-03-07.png	123	no
1660-049/1660-049-03-05-11.png	229	os
4930-004/4930-004-01-05-05.png	595	junto
1729-018/1729-018-02-06-18.png	258	de
7424-073/7424-073-02-04-09.png	783	as
7134-075/7134-075-03-01-09.png	700	um
4775-020/4775-020-01-03-17.png	573	de
1425-029/1425-029-04-01-12.png	145	às
1663-052/1663-052-04-05-03.png	232	devem
7284-086/7284-086-02-03-11.png	757	da
0681-072/0681-072-04-02-01.png	84	lação
1659-048/1659-048-04-03-15.png	228	com
8182-032/8182-032-04-01-20.png	899	Le-
0234-026/0234-026-01-01-13.png	11	em
0993-019/0993-019-04-05-17.png	121	por
2339-046/2339-046-04-03-11.png	320	de
1627-016/1627-016-03-07-07.png	197	sociedade
1629-018/1629-018-03-07-10.png	199	sobre
0830-026/0830-026-05-02-21.png	104	sem
1637-026/1637-026-03-02-02.png	207	das
1444-048/1444-048-02-04-16.png	160	dos
6914-021/6914-021-03-06-10.png	676	de
2607-024/2607-024-04-02-07.png	346	de
7862-038/7862-038-01-03-02.png	854	Victor
2485-028/2485-028-02-04-03.png	331	já
7014-027/7014-027-03-08-05.png	682	de
1628-017/1628-017-02-03-15.png	198	na
1604-043/1604-043-03-02-03.png	190	de
9201-034/9201-034-04-02-05.png	981	às
4790-009/4790-009-03-03-04.png	578	plena
8246-015/8246-015-03-01-05.png	914	que
4746-309/4746-309-01-01-06.png	563	do
4928-002/4928-002-04-01-02.png	593	os
7159-100/7159-100-02-04-05.png	722	No
1755-019/1755-019-04-02-03.png	261	do
8253-022/8253-022-02-05-11.png	917	há
7269-071/7269-071-02-02-13.png	742	do
7141-082/7141-082-02-07-01.png	707	de
7174-115/7174-115-04-05-14.png	731	as
7145-086/7145-086-01-04-16.png	711	es-
2605-022/2605-022-01-01-10.png	344	do
2780-036/2780-036-05-03-10.png	377	da
4910-075/4910-075-05-03-01.png	589	ir
2372-079/2372-079-04-03-09.png	328	em
7140-081/7140-081-04-04-03.png	706	de
7049-012/7049-012-01-05-07.png	687	isso
1659-048/1659-048-02-02-03.png	228	excludentes
2249-049/2249-049-02-01-08.png	304	há
1677-066/1677-066-04-03-07.png	246	das
7271-073/7271-073-02-09-04.png	744	na
2977-020/2977-020-03-11-08.png	389	presente
6115-023/6115-023-04-03-15.png	635	Isso
1438-042/1438-042-02-05-02.png	156	os
7145-086/7145-086-02-03-12.png	711	dos
7601-057/7601-057-04-02-16.png	810	de
2374-081/2374-081-03-06-05.png	329	pelo
0555-002/0555-002-02-07-12.png	38	que
0220-012/0220-012-02-02-12.png	4	Sob
5826-024/5826-024-04-07-07.png	629	as
8747-035/8747-035-03-02-11.png	954	nos
4577-140/4577-140-05-04-16.png	523	pro-
7439-088/7439-088-01-01-02.png	787	sua
7993-047/7993-047-03-02-09.png	874	sobre
2738-050/2738-050-03-07-16.png	371	com
7129-070/7129-070-02-02-18.png	695	in-
8751-039/8751-039-03-05-15.png	956	ainda
1215-022/1215-022-01-04-06.png	142	de
7613-069/7613-069-01-06-07.png	816	que
9154-038/9154-038-02-04-15.png	975	na
8249-018/8249-018-03-06-18.png	916	G1
2109-059/2109-059-02-09-06.png	275	de
1647-036/1647-036-03-06-02.png	217	da
9306-009/9306-009-03-05-01.png	992	ras
7275-077/7275-077-04-01-12.png	748	de
0651-042/0651-042-02-04-15.png	71	que
8902-029/8902-029-04-01-07.png	964	por
0593-040/0593-040-02-01-09.png	63	de
1642-031/1642-031-03-01-02.png	212	cabe
0244-036/0244-036-01-05-10.png	16	por
4767-012/4767-012-04-04-16.png	570	nas
7433-082/7433-082-01-06-12.png	785	de
9158-042/9158-042-02-06-14.png	976	da
0579-026/0579-026-04-03-03.png	55	na
7868-044/7868-044-02-08-02.png	860	frente
4928-002/4928-002-04-07-11.png	593	que
2511-054/2511-054-02-05-09.png	340	que
1766-030/1766-030-01-05-16.png	268	ig-
4488-051/4488-051-05-01-08.png	507	do
7129-070/7129-070-01-03-02.png	695	que
1725-014/1725-014-01-04-05.png	254	vez
1651-040/1651-040-01-06-03.png	221	de
0214-006/0214-006-04-04-05.png	1	as
2248-048/2248-048-01-04-17.png	303	ponte
8255-024/8255-024-01-02-04.png	919	um
1215-022/1215-022-04-07-10.png	142	os
0520-020/0520-020-02-06-10.png	34	Um
2607-024/2607-024-04-02-09.png	346	melhora
7993-047/7993-047-04-04-14.png	874	discursos
4789-008/4789-008-01-07-02.png	577	dos
2372-079/2372-079-03-07-05.png	328	da
4653-216/4653-216-03-07-04.png	541	de
8246-015/8246-015-01-05-10.png	914	da
0232-024/0232-024-02-05-14.png	10	de
4583-146/4583-146-03-03-02.png	524	que
7869-045/7869-045-04-04-06.png	861	de
7866-042/7866-042-04-05-05.png	858	necessidade
4418-096/4418-096-01-03-01.png	497	foi
6915-022/6915-022-03-04-09.png	677	tal
4995-051/4995-051-02-04-02.png	613	do
1654-043/1654-043-02-03-08.png	224	compartilham
1647-036/1647-036-02-04-05.png	217	própria
7591-047/7591-047-02-05-02.png	805	infraestrutura
1495-040/1495-040-04-03-14.png	184	da
0667-058/0667-058-02-01-08.png	79	de
7046-009/7046-009-04-05-05.png	685	se
4775-020/4775-020-01-02-13.png	573	na
1649-038/1649-038-03-06-07.png	219	padrão
4558-121/4558-121-03-01-05.png	518	de
1625-014/1625-014-04-06-05.png	195	televisão
2341-048/2341-048-04-05-03.png	321	de
4773-018/4773-018-03-08-13.png	572	por
7867-043/7867-043-04-05-05.png	859	Além
2610-027/2610-027-03-07-11.png	349	país
7794-026/7794-026-02-03-07.png	838	pelo
8441-035/8441-035-02-03-05.png	921	de
2323-030/2323-030-05-08-06.png	312	se
1755-019/1755-019-03-06-02.png	261	que
1624-013/1624-013-03-03-08.png	194	luto
4111-029/4111-029-02-02-18.png	448	esse
7601-057/7601-057-04-02-03.png	810	dessa
0226-018/0226-018-03-01-01.png	7	No
7993-047/7993-047-02-01-11.png	874	discursos
4766-011/4766-011-01-06-02.png	569	das
7162-103/7162-103-04-01-05.png	725	fica
1481-026/1481-026-02-03-05.png	172	com
7866-042/7866-042-04-05-08.png	858	sobre
7875-051/7875-051-03-04-05.png	867	substancial
8467-061/8467-061-02-07-10.png	931	ou
7271-073/7271-073-04-01-13.png	744	de
4931-005/4931-005-03-02-17.png	596	de
2113-063/2113-063-02-05-14.png	278	co-
7157-098/7157-098-03-04-14.png	720	difi-
7346-048/7346-048-03-07-05.png	778	de
7046-009/7046-009-04-01-07.png	685	de
1766-030/1766-030-01-03-06.png	268	de
1492-037/1492-037-02-02-18.png	181	nas
7343-045/7343-045-03-08-04.png	775	um
7787-019/7787-019-04-03-05.png	833	da
7132-073/7132-073-03-04-03.png	698	das
8057-036/8057-036-04-03-15.png	877	de
7433-082/7433-082-02-06-06.png	785	fato
7868-044/7868-044-02-03-14.png	860	imagem
0240-032/0240-032-02-06-06.png	14	de
1601-040/1601-040-02-08-08.png	189	que
2320-027/2320-027-05-06-01.png	310	ís
4928-002/4928-002-04-05-02.png	593	nos
2784-040/2784-040-03-08-01.png	379	em
8523-017/8523-017-04-02-07.png	944	de
1677-066/1677-066-04-01-07.png	246	estereótipos
4748-311/4748-311-01-01-14.png	564	que
4247-016/4247-016-04-06-17.png	465	que
1626-015/1626-015-02-03-01.png	196	os
7288-090/7288-090-02-03-07.png	761	de
4097-015/4097-015-04-04-09.png	436	de
7795-027/7795-027-02-04-15.png	839	na
7873-049/7873-049-04-06-03.png	865	de
6115-023/6115-023-01-05-06.png	635	esse
3676-046/3676-046-03-05-08.png	427	da
7990-044/7990-044-01-04-08.png	873	os
7993-047/7993-047-02-04-03.png	874	essa
2515-058/2515-058-03-05-16.png	342	às
1661-050/1661-050-03-02-15.png	230	liga-
7872-048/7872-048-03-04-01.png	864	adaptar
2738-050/2738-050-01-04-11.png	371	enorme
6702-052/6702-052-03-04-10.png	665	de
4987-043/4987-043-02-03-11.png	607	os
8120-022/8120-022-02-05-12.png	882	traduzido
9311-014/9311-014-05-06-05.png	996	em
7722-088/7722-088-04-02-16.png	830	de
1755-019/1755-019-04-03-07.png	261	ação
6800-085/6800-085-02-02-05.png	667	as
4303-016/4303-016-04-07-10.png	482	de
4568-131/4568-131-02-06-11.png	520	as
4558-121/4558-121-02-04-15.png	518	que
1495-040/1495-040-02-04-04.png	184	ao
1642-031/1642-031-04-03-13.png	212	meio
1630-019/1630-019-04-05-06.png	200	de
4766-011/4766-011-04-03-09.png	569	no
4448-011/4448-011-05-05-01.png	502	do
7287-089/7287-089-03-05-05.png	760	da
8246-015/8246-015-03-04-05.png	914	que
7621-077/7621-077-03-07-09.png	820	caracteriza
0520-020/0520-020-02-03-07.png	34	Guerra
3127-008/3127-008-03-02-06.png	394	do
2970-013/2970-013-01-04-13.png	382	idealização
7263-065/7263-065-04-03-11.png	737	de
1666-055/1666-055-04-07-06.png	235	psicológicas
9306-009/9306-009-03-08-02.png	992	de
1622-011/1622-011-04-03-12.png	192	da
4571-134/4571-134-05-08-14.png	521	da
0775-036/0775-036-02-10-05.png	102	são
4235-004/4235-004-03-05-12.png	463	que
1677-066/1677-066-03-07-09.png	246	estigmas
7871-047/7871-047-02-06-04.png	863	dos
1643-032/1643-032-02-03-09.png	213	direcionada
4259-028/4259-028-02-04-16.png	467	os
3641-011/3641-011-04-02-07.png	410	ao
0681-072/0681-072-02-06-13.png	84	ou
1469-014/1469-014-02-05-01.png	166	ta
1214-021/1214-021-03-07-13.png	141	no
4929-003/4929-003-02-01-06.png	594	que
2114-064/2114-064-04-04-11.png	279	da
9307-010/9307-010-04-03-03.png	993	da
7275-077/7275-077-04-02-07.png	748	de
2738-050/2738-050-04-03-08.png	371	Saúde
1651-040/1651-040-02-07-13.png	221	importância
1431-035/1431-035-03-04-12.png	149	ou
7864-040/7864-040-03-04-01.png	856	ção
4574-137/4574-137-02-02-02.png	522	há
4929-003/4929-003-02-03-04.png	594	as
7556-012/7556-012-03-01-13.png	788	com
3672-042/3672-042-03-05-06.png	424	as
7868-044/7868-044-03-02-02.png	860	consolidado
1643-032/1643-032-03-02-03.png	213	estigma
8751-039/8751-039-04-04-13.png	956	de
0761-022/0761-022-04-05-09.png	96	que
7613-069/7613-069-04-03-06.png	816	área
0695-086/0695-086-01-08-08.png	90	de
7049-012/7049-012-03-07-15.png	687	que
7152-093/7152-093-02-04-07.png	716	do
1654-043/1654-043-02-04-01.png	224	tivos
0681-072/0681-072-02-05-02.png	84	em
1674-063/1674-063-04-05-12.png	243	representações
7049-012/7049-012-04-03-06.png	687	de
8248-017/8248-017-01-05-10.png	915	for-
1682-071/1682-071-04-03-02.png	251	urge
1641-030/1641-030-03-02-01.png	211	blemática
7796-028/7796-028-04-07-16.png	840	de
0573-020/0573-020-01-03-09.png	51	cria
7175-116/7175-116-02-03-03.png	732	de
4763-008/4763-008-02-05-09.png	567	ao
1626-015/1626-015-02-08-02.png	196	de
7993-047/7993-047-02-01-01.png	874	Nesse
1654-043/1654-043-02-04-09.png	224	Assim
7589-045/7589-045-02-02-13.png	804	renda
7012-025/7012-025-04-05-11.png	681	fim
7861-037/7861-037-01-05-09.png	853	redes
4111-029/4111-029-03-04-13.png	448	10
1481-026/1481-026-01-02-04.png	172	no
7283-085/7283-085-04-02-03.png	756	em
6911-018/6911-018-02-05-07.png	673	do
8447-041/8447-041-01-02-08.png	923	se
8224-015/8224-015-02-08-14.png	907	de
1641-030/1641-030-02-07-14.png	211	os
2613-030/2613-030-03-06-08.png	352	de
8056-035/8056-035-01-01-19.png	876	de
2489-032/2489-032-02-06-10.png	333	de
4775-020/4775-020-03-05-19.png	573	dos
1437-041/1437-041-04-02-06.png	155	que
0701-092/0701-092-04-05-09.png	93	no
2125-075/2125-075-03-05-03.png	286	no
1649-038/1649-038-03-01-03.png	219	válido
7049-012/7049-012-01-02-02.png	687	de
7340-042/7340-042-02-07-13.png	772	do
1449-053/1449-053-02-05-06.png	165	já
8747-035/8747-035-01-01-10.png	954	retrata
2778-034/2778-034-02-01-09.png	376	do
1654-043/1654-043-02-07-10.png	224	impressão
8759-047/8759-047-02-03-10.png	960	exemplo
1129-024/1129-024-04-02-16.png	134	ne-
2249-049/2249-049-03-03-11.png	304	nas
1642-031/1642-031-02-01-05.png	212	analisar
2112-062/2112-062-02-05-06.png	277	das
2970-013/2970-013-03-06-14.png	382	de
7796-028/7796-028-01-06-13.png	840	de
7785-017/7785-017-01-03-07.png	832	da
7154-095/7154-095-02-05-06.png	718	da
2610-027/2610-027-02-05-08.png	349	de
7276-078/7276-078-02-05-06.png	749	ou
6946-028/6946-028-02-06-09.png	680	as
7861-037/7861-037-04-04-02.png	853	na
4545-108/4545-108-03-02-12.png	515	No
0693-084/0693-084-01-04-14.png	89	uma
8759-047/8759-047-04-03-11.png	960	televisão
2610-027/2610-027-01-03-09.png	349	despejadas
6911-018/6911-018-02-02-07.png	673	6º
6113-021/6113-021-03-06-07.png	633	do
7868-044/7868-044-01-04-03.png	860	levando
7587-043/7587-043-02-06-06.png	803	cinema
7012-025/7012-025-03-01-10.png	681	são
1622-011/1622-011-02-03-09.png	192	no
2125-075/2125-075-01-06-12.png	286	às
9306-009/9306-009-03-04-05.png	992	se
0578-025/0578-025-04-04-17.png	54	de
4765-010/4765-010-04-02-04.png	568	da
1656-045/1656-045-01-04-06.png	226	estigma
2110-060/2110-060-01-02-10.png	276	de
4554-117/4554-117-04-03-08.png	517	de
1669-058/1669-058-02-02-02.png	238	cenário
5649-032/5649-032-02-03-07.png	622	do
7576-032/7576-032-02-05-06.png	798	da
0639-030/0639-030-01-01-13.png	65	do
7439-088/7439-088-03-04-10.png	787	de
4934-008/4934-008-03-01-08.png	597	que
7284-086/7284-086-03-05-14.png	757	de
1646-035/1646-035-03-02-17.png	216	não
1437-041/1437-041-04-01-02.png	155	dos
6439-029/6439-029-04-07-07.png	655	de
0567-014/0567-014-04-04-09.png	47	os
1215-022/1215-022-03-04-08.png	142	que
7876-052/7876-052-01-05-04.png	868	também
4611-174/4611-174-03-03-15.png	532	Hoje
7141-082/7141-082-03-05-12.png	707	do
6408-033/6408-033-02-05-07.png	654	Nesse
2189-046/2189-046-05-04-13.png	296	de
4601-164/4601-164-03-11-04.png	529	da
6911-018/6911-018-02-01-08.png	673	de
7807-039/7807-039-01-03-13.png	848	de
4783-002/4783-002-01-01-10.png	575	ao
4482-045/4482-045-04-05-11.png	506	Isto
1485-030/1485-030-04-03-13.png	176	ao
0667-058/0667-058-03-02-05.png	79	às
1654-043/1654-043-04-04-03.png	224	de
8190-040/8190-040-03-01-08.png	903	fixo
7862-038/7862-038-02-08-01.png	854	ças
1003-029/1003-029-03-02-11.png	128	de
1641-030/1641-030-02-06-07.png	211	desequilíbrio
4234-003/4234-003-03-08-01.png	462	do
7585-041/7585-041-04-06-06.png	802	ocorram
4775-020/4775-020-03-07-20.png	573	isso
0258-050/0258-050-04-05-08.png	23	no
4124-042/4124-042-02-08-06.png	461	produções
0224-016/0224-016-04-04-11.png	6	de
1214-021/1214-021-03-02-16.png	141	pris-
4929-003/4929-003-01-04-05.png	594	que
4577-140/4577-140-02-02-04.png	523	do
1487-032/1487-032-04-07-11.png	177	fito
2245-045/2245-045-02-06-16.png	300	men-
6394-019/6394-019-03-04-02.png	647	são
4773-018/4773-018-04-01-08.png	572	ao
7591-047/7591-047-03-01-02.png	805	disso
7272-074/7272-074-02-02-14.png	745	qual
1647-036/1647-036-03-04-16.png	217	se
1626-015/1626-015-02-01-12.png	196	mentalidade
9199-032/9199-032-02-09-10.png	980	em
7585-041/7585-041-03-03-10.png	802	transformação
1660-049/1660-049-03-08-07.png	229	essencial
6408-033/6408-033-03-04-08.png	654	na
4296-009/4296-009-04-02-14.png	478	do
3647-017/3647-017-03-01-12.png	412	vez
4488-051/4488-051-02-07-05.png	507	de
2322-029/2322-029-02-03-06.png	311	do
1638-027/1638-027-03-05-08.png	208	aumento
0424-022/0424-022-02-04-12.png	28	aos
6484-014/6484-014-01-07-07.png	660	do
1659-048/1659-048-03-09-07.png	228	ambiente
1684-073/1684-073-02-07-07.png	253	com
1638-027/1638-027-03-04-06.png	208	ao
4718-281/4718-281-02-03-05.png	556	no
0990-016/0990-016-01-07-13.png	118	de
8057-036/8057-036-01-02-04.png	877	da
1726-015/1726-015-01-01-04.png	255	as
7867-043/7867-043-03-07-15.png	859	sozinhas
8245-014/8245-014-01-04-08.png	913	na
8243-012/8243-012-03-05-16.png	911	me-
0520-020/0520-020-03-07-15.png	34	que
0579-026/0579-026-03-04-16.png	55	de
1759-023/1759-023-04-02-14.png	264	da
7343-045/7343-045-04-04-06.png	775	de
7868-044/7868-044-02-06-15.png	860	de
0224-016/0224-016-01-03-13.png	6	da
7272-074/7272-074-03-08-12.png	745	em
4775-020/4775-020-02-05-08.png	573	vez
1647-036/1647-036-03-06-12.png	217	Jameela
6137-008/6137-008-01-03-07.png	637	do
1729-018/1729-018-02-06-10.png	258	as
1476-021/1476-021-04-07-09.png	169	fito
1601-040/1601-040-02-06-06.png	189	vá
1638-027/1638-027-03-05-13.png	208	por
6394-019/6394-019-02-01-03.png	647	ao
0433-031/0433-031-05-02-11.png	30	ou
7585-041/7585-041-01-03-09.png	802	antiguidade
4247-016/4247-016-04-06-05.png	465	que
1651-040/1651-040-04-03-12.png	221	promova
7601-057/7601-057-04-02-21.png	810	Minis-
0424-022/0424-022-02-03-10.png	28	de
8443-037/8443-037-04-03-03.png	922	aos
1643-032/1643-032-04-05-16.png	213	mentais
8179-029/8179-029-01-01-11.png	898	de
7613-069/7613-069-03-04-02.png	816	função
7621-077/7621-077-04-03-02.png	820	pela
1624-013/1624-013-01-02-13.png	194	meses
1490-035/1490-035-04-04-07.png	179	pelo
0555-002/0555-002-02-07-24.png	38	levar
8459-053/8459-053-04-03-06.png	929	nas
1499-044/1499-044-02-01-09.png	187	ali-
7990-044/7990-044-02-03-10.png	873	Pierre
4773-018/4773-018-01-01-01.png	572	Até
8120-022/8120-022-02-01-02.png	882	de
4263-032/4263-032-02-08-03.png	469	do
0554-001/0554-001-01-04-06.png	37	por
8759-047/8759-047-03-04-08.png	960	Conforme
0252-044/0252-044-03-06-12.png	20	até
7337-039/7337-039-01-07-01.png	769	das
1768-032/1768-032-02-08-02.png	269	já
9197-030/9197-030-03-07-03.png	979	por
8996-010/8996-010-02-02-02.png	966	no
7785-017/7785-017-02-04-02.png	832	Sob
8443-037/8443-037-03-01-16.png	922	dos
2605-022/2605-022-04-02-04.png	344	Destarte
4265-034/4265-034-02-06-16.png	470	da
6145-016/6145-016-01-03-05.png	642	aos
0214-006/0214-006-01-04-09.png	1	de
2633-019/2633-019-02-04-01.png	354	dos
8896-023/8896-023-03-01-07.png	961	da
2113-063/2113-063-04-02-07.png	278	do
4545-108/4545-108-02-01-09.png	515	de
8224-015/8224-015-02-07-05.png	907	de
6392-017/6392-017-03-07-04.png	646	dos
7576-032/7576-032-02-01-13.png	798	cinematográficas
6913-020/6913-020-03-02-04.png	675	do
7556-012/7556-012-04-05-06.png	788	compete
1629-018/1629-018-03-03-09.png	199	sociais
1757-021/1757-021-03-02-02.png	263	de
1666-055/1666-055-03-02-01.png	235	lidade
4294-007/4294-007-04-04-02.png	477	no
6915-022/6915-022-02-05-01.png	677	ção
7589-045/7589-045-04-03-02.png	804	juntamente
6115-023/6115-023-02-07-18.png	635	Não
7984-038/7984-038-01-03-10.png	871	problema
2245-045/2245-045-04-01-08.png	300	que
2633-019/2633-019-03-02-09.png	354	bem
7348-050/7348-050-02-05-01.png	780	só
2511-054/2511-054-03-05-17.png	340	fil
1126-021/1126-021-01-06-08.png	131	no
6139-010/6139-010-03-01-14.png	638	do
7873-049/7873-049-01-02-11.png	865	imortalizau-se
4766-011/4766-011-04-02-04.png	569	ao
8619-067/8619-067-01-04-01.png	948	se
7275-077/7275-077-01-05-12.png	748	às
1729-018/1729-018-04-03-17.png	258	nos
1637-026/1637-026-03-01-10.png	207	corroboram
2183-040/2183-040-01-02-01.png	290	de
0997-023/0997-023-02-09-14.png	124	que
4427-105/4427-105-02-01-01.png	499	Em
1483-028/1483-028-02-03-04.png	174	das
7864-040/7864-040-04-07-06.png	856	habilidades
4247-016/4247-016-03-01-17.png	465	com
4767-012/4767-012-03-01-16.png	570	exi-
7876-052/7876-052-02-04-11.png	868	diretamente
1481-026/1481-026-04-06-04.png	172	para
2679-036/2679-036-01-01-02.png	370	20
1128-023/1128-023-01-01-10.png	133	que
7587-043/7587-043-04-01-10.png	803	décadas
4646-209/4646-209-05-02-07.png	539	do
8186-036/8186-036-01-05-05.png	901	falta
4624-187/4624-187-02-03-08.png	535	de
0775-036/0775-036-03-03-04.png	102	um
1680-069/1680-069-04-03-13.png	249	meio
8621-069/8621-069-04-06-06.png	950	na
4679-242/4679-242-04-02-09.png	548	por
4684-247/4684-247-02-09-09.png	550	de
1731-020/1731-020-02-05-09.png	259	de
1476-021/1476-021-02-03-12.png	169	da
0571-018/0571-018-01-03-03.png	49	de
6390-015/6390-015-03-03-05.png	645	do
8441-035/8441-035-03-02-11.png	921	do
7135-076/7135-076-02-07-04.png	701	no
7267-069/7267-069-04-02-11.png	740	que
4352-030/4352-030-02-03-03.png	489	no
1637-026/1637-026-03-04-07.png	207	de
7866-042/7866-042-02-08-08.png	858	hipótese
0220-012/0220-012-04-07-01.png	4	da
4298-011/4298-011-05-02-11.png	480	de
1646-035/1646-035-03-04-15.png	216	de
8481-075/8481-075-04-01-06.png	936	às
2607-024/2607-024-03-03-09.png	346	em
7556-012/7556-012-04-07-12.png	788	classes
4352-030/4352-030-03-01-12.png	489	de
8443-037/8443-037-02-03-10.png	922	do
7861-037/7861-037-04-01-07.png	853	em
0990-016/0990-016-03-06-08.png	118	de
1637-026/1637-026-01-01-10.png	207	psicólogo
9311-014/9311-014-02-01-01.png	996	No
2119-069/2119-069-04-02-02.png	280	na
1659-048/1659-048-03-08-11.png	228	de
7869-045/7869-045-04-02-07.png	861	urge
7268-070/7268-070-03-03-11.png	741	de
4980-036/4980-036-01-02-02.png	602	do
6478-008/6478-008-01-03-08.png	657	na
1624-013/1624-013-03-04-09.png	194	Organização
7576-032/7576-032-01-05-18.png	798	político
1627-016/1627-016-01-05-11.png	197	de
4518-081/4518-081-05-01-09.png	512	de
1661-050/1661-050-02-01-15.png	230	sociólogo
0424-022/0424-022-01-10-05.png	28	de
0228-020/0228-020-04-02-07.png	8	do
1725-014/1725-014-02-08-04.png	254	de
0520-020/0520-020-02-03-15.png	34	povo
8521-015/8521-015-03-01-10.png	942	da
8441-035/8441-035-02-03-03.png	921	ao
2249-049/2249-049-01-03-06.png	304	de
9140-024/9140-024-04-03-09.png	973	da
1633-022/1633-022-04-01-15.png	203	alia-
0250-042/0250-042-04-07-04.png	19	de
2738-050/2738-050-02-07-15.png	371	públi-
7978-032/7978-032-03-03-05.png	869	que
6478-008/6478-008-02-05-04.png	657	em
7556-012/7556-012-03-02-05.png	788	dos
4265-034/4265-034-01-04-09.png	470	dos
2375-082/2375-082-04-05-07.png	330	das
0571-018/0571-018-03-01-14.png	49	vida
0641-032/0641-032-01-02-04.png	66	ao
3636-006/3636-006-04-01-08.png	406	que
7867-043/7867-043-02-01-08.png	859	brasileiras
6800-085/6800-085-02-01-05.png	667	que
1624-013/1624-013-03-04-12.png	194	Saúde
1652-041/1652-041-02-06-04.png	222	si
0683-074/0683-074-04-07-06.png	85	que
0236-028/0236-028-01-03-03.png	12	na
4292-005/4292-005-05-03-04.png	475	que
4412-090/4412-090-04-09-10.png	494	no
2368-075/2368-075-02-02-12.png	326	por
8179-029/8179-029-03-05-01.png	898	to
0260-052/0260-052-03-01-13.png	24	de
8186-036/8186-036-02-04-06.png	901	de
7601-057/7601-057-04-02-04.png	810	premissa
6406-031/6406-031-02-02-14.png	653	com
1629-018/1629-018-03-06-12.png	199	tam-
0226-018/0226-018-01-01-04.png	7	Levy
4482-045/4482-045-04-09-11.png	506	para
6145-016/6145-016-03-04-08.png	642	por
7163-104/7163-104-02-06-09.png	726	das
4988-044/4988-044-05-04-08.png	608	de
2114-064/2114-064-02-06-10.png	279	de
0424-022/0424-022-02-03-07.png	28	na
4847-012/4847-012-03-04-07.png	582	se
4294-007/4294-007-04-06-13.png	477	que
6439-029/6439-029-04-02-04.png	655	com
8469-063/8469-063-02-08-12.png	932	da
7871-047/7871-047-04-07-01.png	863	escolas
1652-041/1652-041-01-03-09.png	222	impera
4997-053/4997-053-02-01-01.png	615	Em
7135-076/7135-076-03-02-09.png	701	as
2110-060/2110-060-02-05-02.png	276	que
4247-016/4247-016-01-02-18.png	465	de
9203-036/9203-036-04-01-07.png	982	de
1481-026/1481-026-01-02-07.png	172	se
7601-057/7601-057-04-06-06.png	810	Ademais
0567-014/0567-014-02-03-08.png	47	de
1489-034/1489-034-04-02-07.png	178	viés
6408-033/6408-033-01-01-09.png	654	da
0763-024/0763-024-02-01-04.png	97	de
7145-086/7145-086-03-04-08.png	711	em
1002-028/1002-028-01-04-05.png	127	de
7132-073/7132-073-03-03-14.png	698	não
2489-032/2489-032-03-01-09.png	333	da
2977-020/2977-020-02-04-02.png	389	econômica
7268-070/7268-070-03-05-14.png	741	se
2738-050/2738-050-02-02-07.png	371	racionalidade
0639-030/0639-030-03-01-07.png	65	da
7613-069/7613-069-02-06-06.png	816	de
0705-096/0705-096-01-02-12.png	94	do
2970-013/2970-013-03-05-12.png	382	de
7875-051/7875-051-04-01-08.png	867	doenças
1621-010/1621-010-03-02-05.png	191	sociedade
1621-010/1621-010-02-03-05.png	191	Bobbio
7136-077/7136-077-03-01-11.png	702	salas
6110-018/6110-018-03-06-12.png	631	ao
7151-092/7151-092-02-01-14.png	715	de-
2639-025/2639-025-02-06-09.png	360	Por
7993-047/7993-047-01-04-07.png	874	suas
2252-052/2252-052-03-05-02.png	306	geradas
1630-019/1630-019-04-03-02.png	200	com
2782-038/2782-038-04-08-04.png	378	às
6914-021/6914-021-01-05-11.png	676	são
1444-048/1444-048-01-02-18.png	160	per-
4934-008/4934-008-03-06-22.png	597	vista
4097-015/4097-015-04-08-05.png	436	desfecho
1646-035/1646-035-03-03-09.png	216	de
0260-052/0260-052-02-09-12.png	24	seus
4934-008/4934-008-02-05-08.png	597	que
0641-032/0641-032-03-02-14.png	66	ser
2605-022/2605-022-01-04-03.png	344	em
1481-026/1481-026-04-05-01.png	172	is
1650-039/1650-039-02-08-18.png	220	saúde
7621-077/7621-077-03-07-13.png	820	etnocentris-
1684-073/1684-073-02-05-10.png	253	promova
3638-008/3638-008-04-03-12.png	408	até
7621-077/7621-077-04-02-06.png	820	amenizar
4598-161/4598-161-04-02-17.png	528	que
7439-088/7439-088-04-08-16.png	787	cri-
7585-041/7585-041-04-05-12.png	802	por
0570-017/0570-017-04-05-09.png	48	fim
7862-038/7862-038-04-02-02.png	854	da
2341-048/2341-048-03-07-11.png	321	de
1677-066/1677-066-01-01-08.png	246	hierarquia
1626-015/1626-015-03-06-06.png	196	negligência
1674-063/1674-063-04-03-09.png	243	públicas
0226-018/0226-018-04-04-08.png	7	de
7158-099/7158-099-04-05-09.png	721	de
4934-008/4934-008-02-01-06.png	597	que
2613-030/2613-030-01-02-10.png	352	provocados
4598-161/4598-161-06-01-08.png	528	está
4990-046/4990-046-02-07-03.png	610	em
0651-042/0651-042-02-10-07.png	71	para
8759-047/8759-047-04-07-03.png	960	qualidade
4466-029/4466-029-03-07-14.png	505	da
7981-035/7981-035-01-05-05.png	870	precisa
2780-036/2780-036-04-04-02.png	377	de
7144-085/7144-085-03-07-03.png	710	na
4643-206/4643-206-02-04-04.png	538	de
8225-016/8225-016-03-03-01.png	908	te
0258-050/0258-050-02-07-10.png	23	na
1729-018/1729-018-03-02-03.png	258	pela
0224-016/0224-016-04-05-05.png	6	das
7868-044/7868-044-02-05-02.png	860	uma
4936-010/4936-010-01-03-04.png	598	meio
7271-073/7271-073-02-05-14.png	744	não
1683-072/1683-072-02-04-08.png	252	assunto
0567-014/0567-014-01-03-11.png	47	do
1621-010/1621-010-01-06-01.png	191	lidade
1642-031/1642-031-03-04-15.png	212	ci-
7866-042/7866-042-04-05-10.png	858	mental
7012-025/7012-025-03-04-17.png	681	da
7170-111/7170-111-04-05-03.png	729	só
3672-042/3672-042-05-04-01.png	424	se
6390-015/6390-015-04-03-01.png	645	tos
0293-015/0293-015-02-07-04.png	25	do
2327-034/2327-034-02-06-06.png	313	às
7175-116/7175-116-04-05-15.png	732	de
4672-235/4672-235-06-04-09.png	545	que
6907-014/6907-014-02-08-20.png	671	pois
3644-014/3644-014-03-02-10.png	411	as
2513-056/2513-056-01-01-13.png	341	no
7278-080/7278-080-01-02-08.png	751	foi
1633-022/1633-022-03-05-12.png	203	na
1126-021/1126-021-04-03-13.png	131	do
4643-206/4643-206-05-01-12.png	538	con-
4790-009/4790-009-02-05-07.png	578	de
7131-072/7131-072-02-03-02.png	697	em
2372-079/2372-079-02-03-09.png	328	55
2782-038/2782-038-04-03-10.png	378	os
7284-086/7284-086-04-03-11.png	757	os
4289-002/4289-002-05-01-02.png	472	ver
6110-018/6110-018-03-01-08.png	631	que
1684-073/1684-073-02-04-14.png	253	do
1629-018/1629-018-02-03-09.png	199	social
8243-012/8243-012-01-01-04.png	911	em
2784-040/2784-040-05-01-01.png	379	Fica
1438-042/1438-042-01-03-11.png	156	às
1629-018/1629-018-04-06-11.png	199	brasileira
2120-070/2120-070-03-07-09.png	281	dos
2610-027/2610-027-01-01-03.png	349	Nau
0228-020/0228-020-04-05-10.png	8	que
7702-068/7702-068-02-03-02.png	826	pela
1649-038/1649-038-03-08-06.png	219	indivíduos
2505-048/2505-048-02-03-02.png	338	de
2372-079/2372-079-01-02-18.png	328	essa
2613-030/2613-030-01-02-09.png	352	sofrimentos
7286-088/7286-088-04-03-04.png	759	por
6911-018/6911-018-03-07-12.png	673	ao
3671-041/3671-041-04-05-14.png	423	lei
4298-011/4298-011-03-03-13.png	480	no
7601-057/7601-057-03-06-16.png	810	das
7862-038/7862-038-04-02-06.png	854	Ministério
8463-057/8463-057-04-03-05.png	930	Logo
7863-039/7863-039-01-02-13.png	855	de
4111-029/4111-029-02-02-08.png	448	na
2245-045/2245-045-03-07-02.png	300	do
4847-012/4847-012-03-03-08.png	582	ao
8439-033/8439-033-02-08-07.png	920	fato
1601-040/1601-040-01-05-06.png	189	de
4352-030/4352-030-04-07-02.png	489	os
7793-025/7793-025-03-06-04.png	837	por
0560-007/0560-007-02-07-05.png	41	de
4791-010/4791-010-01-05-03.png	579	da
7343-045/7343-045-02-02-04.png	775	de
2669-026/2669-026-02-01-12.png	365	uso
7347-049/7347-049-01-01-01.png	779	No
3644-014/3644-014-01-06-04.png	411	de
1666-055/1666-055-04-01-04.png	235	do
7785-017/7785-017-02-07-10.png	832	faz
1663-052/1663-052-03-07-09.png	232	gravidade
2607-024/2607-024-02-06-07.png	346	acordo
1624-013/1624-013-04-06-02.png	194	problema
0238-030/0238-030-03-04-07.png	13	vez
7981-035/7981-035-02-02-13.png	870	no
1641-030/1641-030-04-04-14.png	211	de
1669-058/1669-058-03-02-02.png	238	que
1674-063/1674-063-01-06-11.png	243	medidas
7864-040/7864-040-04-06-05.png	856	de
7867-043/7867-043-02-10-01.png	859	lação
1633-022/1633-022-02-07-09.png	203	ignoram
7048-011/7048-011-02-06-01.png	686	Já
7876-052/7876-052-04-06-03.png	868	sintomas
6390-015/6390-015-03-03-18.png	645	as
4783-002/4783-002-04-01-08.png	575	no
8522-016/8522-016-03-06-07.png	943	de
2970-013/2970-013-01-01-05.png	382	Movimento
1651-040/1651-040-02-08-13.png	221	na
2128-078/2128-078-02-04-01.png	287	dado
7589-045/7589-045-04-01-10.png	804	do
7576-032/7576-032-01-04-15.png	798	personagem
8751-039/8751-039-02-02-11.png	956	fundamentais
3638-008/3638-008-03-03-13.png	408	no
7724-090/7724-090-01-04-09.png	831	no
1628-017/1628-017-02-02-13.png	198	das
7132-073/7132-073-03-04-15.png	698	como
0258-050/0258-050-04-02-12.png	23	do
0699-090/0699-090-05-01-11.png	92	falhos
2607-024/2607-024-02-06-09.png	346	as
0574-021/0574-021-01-03-14.png	52	no
7282-084/7282-084-03-03-15.png	755	de
6911-018/6911-018-03-07-09.png	673	Tal
1432-036/1432-036-01-07-06.png	150	no
2772-028/2772-028-02-01-11.png	373	das
7175-116/7175-116-04-03-16.png	732	que
2485-028/2485-028-03-05-03.png	331	si
1659-048/1659-048-04-02-08.png	228	mentais
7861-037/7861-037-03-02-05.png	853	gravidade
7990-044/7990-044-02-01-10.png	873	preconceituosa
7175-116/7175-116-03-07-10.png	732	sem
7014-027/7014-027-02-09-12.png	682	no
1469-014/1469-014-04-07-11.png	166	no
0244-036/0244-036-04-06-03.png	16	de
8749-037/8749-037-04-06-10.png	955	de
1638-027/1638-027-04-04-07.png	208	brasileira
1485-030/1485-030-01-03-08.png	176	que
2679-036/2679-036-06-02-08.png	370	por
4601-164/4601-164-04-01-06.png	529	que
7556-012/7556-012-03-07-04.png	788	de
7587-043/7587-043-02-07-01.png	803	zado
2119-069/2119-069-02-07-04.png	280	que
1474-019/1474-019-04-02-16.png	167	por
7798-030/7798-030-02-08-08.png	841	de
1766-030/1766-030-03-01-03.png	268	que
1684-073/1684-073-03-04-04.png	253	de
4884-049/4884-049-02-04-10.png	587	de
3650-020/3650-020-03-04-01.png	415	de
4985-041/4985-041-03-09-12.png	605	que
8120-022/8120-022-03-06-15.png	882	lucro
8757-045/8757-045-04-09-03.png	959	passará
8120-022/8120-022-02-07-13.png	882	do
1642-031/1642-031-01-03-10.png	212	que
6394-019/6394-019-01-05-16.png	647	que
0693-084/0693-084-01-05-14.png	89	das
1682-071/1682-071-03-05-04.png	251	recursos
3127-008/3127-008-02-01-01.png	394	Em
5823-021/5823-021-04-07-02.png	626	ao
8255-024/8255-024-01-05-04.png	919	de
4263-032/4263-032-04-03-10.png	469	de
1425-029/1425-029-02-06-08.png	145	do
7131-072/7131-072-02-04-10.png	697	do
1677-066/1677-066-02-02-12.png	246	vulneráveis
1683-072/1683-072-03-08-06.png	252	função
4293-006/4293-006-02-01-11.png	476	os
1647-036/1647-036-02-03-06.png	217	terríveis
2776-032/2776-032-03-09-01.png	375	go
1677-066/1677-066-02-08-05.png	246	implementadas
1003-029/1003-029-04-09-06.png	128	de
2487-030/2487-030-03-04-12.png	332	os
7993-047/7993-047-04-03-14.png	874	país
3649-019/3649-019-03-06-07.png	414	ao
7291-093/7291-093-03-06-06.png	763	os
8120-022/8120-022-03-05-16.png	882	reprodu-
7981-035/7981-035-04-02-14.png	870	estabelecer
2374-081/2374-081-03-08-08.png	329	de
3637-007/3637-007-03-08-14.png	407	Com
7987-041/7987-041-03-05-20.png	872	atuação
7591-047/7591-047-04-04-12.png	805	cinema
0240-032/0240-032-04-03-14.png	14	os
1680-069/1680-069-04-01-05.png	249	de
0218-010/0218-010-04-03-11.png	3	os
0681-072/0681-072-03-01-08.png	84	do
0667-058/0667-058-04-04-01.png	79	res
4292-005/4292-005-05-01-05.png	475	do
1669-058/1669-058-01-02-12.png	238	concientização
1642-031/1642-031-01-04-09.png	212	Diante
1682-071/1682-071-01-02-05.png	251	todo
4681-244/4681-244-04-04-05.png	549	fim
8185-035/8185-035-03-08-01.png	900	ra
1647-036/1647-036-03-05-06.png	217	há
7867-043/7867-043-04-08-08.png	859	da
7864-040/7864-040-03-06-02.png	856	Dessa
8521-015/8521-015-02-08-07.png	942	das
4292-005/4292-005-02-06-04.png	475	os
2104-054/2104-054-02-05-20.png	270	sobre
7175-116/7175-116-04-02-11.png	732	que
7344-046/7344-046-02-05-08.png	776	no-
0586-033/0586-033-03-06-06.png	58	fé
7338-040/7338-040-02-04-11.png	770	que
0695-086/0695-086-02-01-01.png	90	No
1446-050/1446-050-01-06-15.png	162	de
0555-002/0555-002-04-05-17.png	38	vez
1641-030/1641-030-04-06-13.png	211	financeiros
7867-043/7867-043-02-09-12.png	859	tirou
0238-030/0238-030-03-05-17.png	13	dos
7863-039/7863-039-02-04-08.png	855	situações
4611-174/4611-174-04-08-15.png	532	por
2487-030/2487-030-04-07-11.png	332	fito
7990-044/7990-044-01-01-03.png	873	XX
1663-052/1663-052-03-04-05.png	232	conceito
7601-057/7601-057-02-08-06.png	810	de
0254-046/0254-046-02-06-05.png	21	de
1633-022/1633-022-01-01-10.png	203	os
8121-023/8121-023-04-04-07.png	883	custo
7858-034/7858-034-03-05-06.png	850	brasileiro
1661-050/1661-050-01-05-04.png	230	atrelado
7863-039/7863-039-04-06-02.png	855	por
8457-051/8457-051-01-03-03.png	928	das
7012-025/7012-025-04-03-11.png	681	1988
4466-029/4466-029-06-02-03.png	505	de
1637-026/1637-026-04-06-06.png	207	Comunicação
4234-003/4234-003-01-04-13.png	462	do
4720-283/4720-283-01-02-05.png	557	de
7873-049/7873-049-01-02-15.png	865	país
1632-021/1632-021-02-02-11.png	202	nessa
1659-048/1659-048-04-03-01.png	228	Ministério
1476-021/1476-021-04-03-03.png	169	da
7564-020/7564-020-04-05-17.png	792	ao
8242-011/8242-011-02-03-07.png	910	um
7288-090/7288-090-03-05-13.png	761	no
8747-035/8747-035-02-08-03.png	954	anormal
2104-054/2104-054-05-04-02.png	270	Aos
1627-016/1627-016-02-03-08.png	197	brasileira
8522-016/8522-016-01-03-10.png	943	de
5825-023/5825-023-03-06-08.png	628	só
2970-013/2970-013-02-08-08.png	382	concentrado
0218-010/0218-010-03-02-05.png	3	pelo
7338-040/7338-040-03-01-11.png	770	de
7866-042/7866-042-03-03-05.png	858	do
8904-031/8904-031-02-02-16.png	965	não
8900-027/8900-027-02-03-07.png	963	do
7272-074/7272-074-04-04-14.png	745	essas
0993-019/0993-019-04-06-08.png	121	de
0565-012/0565-012-03-05-06.png	45	nos
1677-066/1677-066-01-04-09.png	246	estigmas
4930-004/4930-004-03-07-10.png	595	Vê-se
8481-075/8481-075-03-06-07.png	936	de
4930-004/4930-004-03-05-08.png	595	posto
6439-029/6439-029-03-08-04.png	655	dos
8751-039/8751-039-02-06-04.png	956	estigmas
0997-023/0997-023-02-10-12.png	124	da
7288-090/7288-090-04-02-05.png	761	de
8898-025/8898-025-03-02-11.png	962	de
6142-013/6142-013-02-05-04.png	640	tipo
1757-021/1757-021-01-04-12.png	263	um
2607-024/2607-024-03-02-07.png	346	alguma
2184-041/2184-041-02-08-13.png	291	de-
7138-079/7138-079-03-03-08.png	704	dos
2776-032/2776-032-02-01-13.png	375	de
2248-048/2248-048-03-01-12.png	303	há
8246-015/8246-015-02-04-01.png	914	João
7987-041/7987-041-02-07-05.png	872	de
7288-090/7288-090-04-06-05.png	761	de
4293-006/4293-006-04-05-10.png	476	de
2124-074/2124-074-04-05-12.png	285	Em
7601-057/7601-057-04-09-19.png	810	aquisição
2128-078/2128-078-04-01-08.png	287	no
0516-016/0516-016-03-07-15.png	32	os
4536-099/4536-099-05-01-14.png	514	sé-
2186-043/2186-043-03-05-04.png	293	da
6406-031/6406-031-02-01-15.png	653	altos
1487-032/1487-032-02-01-11.png	177	de
1624-013/1624-013-04-06-05.png	194	poderemos
7692-058/7692-058-01-03-11.png	824	ao
1632-021/1632-021-04-02-15.png	202	obrigatório
1266-040/1266-040-02-01-08.png	143	da
1626-015/1626-015-03-05-16.png	196	vez
7993-047/7993-047-03-07-14.png	874	de
1650-039/1650-039-03-04-10.png	220	acordo
7981-035/7981-035-02-01-01.png	870	Diante
7872-048/7872-048-03-06-16.png	864	enfrenta-
0236-028/0236-028-02-04-10.png	12	por
7873-049/7873-049-03-04-18.png	865	entanto
7275-077/7275-077-01-05-02.png	748	de
2738-050/2738-050-04-03-02.png	371	em
1755-019/1755-019-03-07-09.png	261	do
2104-054/2104-054-01-01-05.png	270	luta
4289-002/4289-002-04-05-02.png	472	da
7336-038/7336-038-04-03-18.png	768	os
4265-034/4265-034-01-03-01.png	470	ao
1660-049/1660-049-02-01-05.png	229	primeiro
8757-045/8757-045-03-01-07.png	959	influência
0224-016/0224-016-03-04-06.png	6	em
8751-039/8751-039-01-01-16.png	956	brasileira
4313-009/4313-009-04-07-04.png	486	que
7587-043/7587-043-04-05-04.png	803	federal
2610-027/2610-027-03-06-05.png	349	resultará
0520-020/0520-020-02-11-19.png	34	focos
6390-015/6390-015-02-04-14.png	645	está
7587-043/7587-043-03-04-10.png	803	ao
2977-020/2977-020-03-02-11.png	389	descaso
1627-016/1627-016-01-03-04.png	197	estigma
7993-047/7993-047-02-05-15.png	874	de
8121-023/8121-023-02-05-10.png	883	aos
7875-051/7875-051-01-06-07.png	867	de
8057-036/8057-036-01-04-17.png	877	qual
1649-038/1649-038-03-08-02.png	219	faz
2128-078/2128-078-03-03-10.png	287	de
6390-015/6390-015-04-05-14.png	645	nas
8467-061/8467-061-04-02-16.png	931	Mi-
7871-047/7871-047-01-03-07.png	863	sentimentos
1628-017/1628-017-02-03-04.png	198	selecionados
8120-022/8120-022-03-08-02.png	882	internet
1474-019/1474-019-03-02-16.png	167	qual
7862-038/7862-038-04-07-05.png	854	que
4684-247/4684-247-03-01-09.png	550	do
0830-026/0830-026-05-01-17.png	104	tem
6144-015/6144-015-02-06-08.png	641	faz
7269-071/7269-071-02-04-04.png	742	haja
9134-018/9134-018-02-05-05.png	972	de
2491-034/2491-034-03-05-02.png	334	por
8898-025/8898-025-03-06-14.png	962	no
2369-076/2369-076-01-04-12.png	327	Tal
5826-024/5826-024-05-03-02.png	629	Por
2738-050/2738-050-02-01-02.png	371	primeira
7439-088/7439-088-02-08-13.png	787	de
0566-013/0566-013-04-02-10.png	46	ao
4610-173/4610-173-04-06-01.png	531	do
6439-029/6439-029-02-08-14.png	655	desses
1427-031/1427-031-04-07-15.png	146	de
2776-032/2776-032-03-06-15.png	375	mas
0218-010/0218-010-04-01-12.png	3	tal
4097-015/4097-015-01-02-14.png	436	ficção
2607-024/2607-024-04-06-08.png	346	insentivos
4111-029/4111-029-03-03-19.png	448	dos
7868-044/7868-044-02-07-16.png	860	margi-
5822-020/5822-020-03-04-03.png	625	de
8186-036/8186-036-04-02-18.png	901	de
8185-035/8185-035-02-08-08.png	900	do
7591-047/7591-047-02-03-08.png	805	do
1490-035/1490-035-04-02-16.png	179	por
4111-029/4111-029-01-04-04.png	448	estatal
1684-073/1684-073-04-01-08.png	253	às
1637-026/1637-026-01-02-16.png	207	autorrealização
1684-073/1684-073-03-07-04.png	253	possuem
7261-063/7261-063-04-05-11.png	736	de
1629-018/1629-018-04-01-01.png	199	Portanto
0641-032/0641-032-03-05-18.png	66	falta
1001-027/1001-027-03-08-11.png	126	por
4754-317/4754-317-02-02-16.png	565	do
0226-018/0226-018-02-02-10.png	7	ao
7587-043/7587-043-03-07-08.png	803	conhecimentos
6145-016/6145-016-01-02-13.png	642	país
4097-015/4097-015-02-07-06.png	436	potencialmente
7787-019/7787-019-02-01-13.png	833	de
4773-018/4773-018-01-06-10.png	572	do
8223-014/8223-014-04-07-02.png	906	do
4791-010/4791-010-04-04-17.png	579	de
4494-057/4494-057-04-07-07.png	509	na
0693-084/0693-084-02-07-09.png	89	em
1650-039/1650-039-04-07-18.png	220	serem
3651-021/3651-021-02-02-09.png	416	há
7787-019/7787-019-03-02-12.png	833	de
4689-252/4689-252-03-05-08.png	553	por
1757-021/1757-021-03-08-06.png	263	do
1474-019/1474-019-02-02-14.png	167	em
2183-040/2183-040-04-06-08.png	290	de
9306-009/9306-009-02-06-15.png	992	que
0761-022/0761-022-04-08-01.png	96	gia
7424-073/7424-073-02-02-11.png	783	as
2369-076/2369-076-04-07-01.png	327	vel
7589-045/7589-045-01-04-08.png	804	concretizado
4856-021/4856-021-05-06-01.png	583	tal
2738-050/2738-050-01-05-08.png	371	forma
4568-131/4568-131-04-07-06.png	520	do
8517-011/8517-011-02-05-13.png	940	ao
6476-006/6476-006-03-06-01.png	656	de
7722-088/7722-088-02-06-15.png	830	que
1646-035/1646-035-03-08-14.png	216	vale
7433-082/7433-082-04-04-10.png	785	de
8521-015/8521-015-03-05-09.png	942	se
8245-014/8245-014-03-03-06.png	913	vez
1630-019/1630-019-02-06-03.png	200	de
0236-028/0236-028-02-06-04.png	12	de
0424-022/0424-022-04-02-04.png	28	do
4980-036/4980-036-04-02-11.png	602	pelo
7724-090/7724-090-01-01-05.png	831	de
0645-036/0645-036-02-08-09.png	68	de
7621-077/7621-077-04-05-03.png	820	de
4646-209/4646-209-04-02-02.png	539	de
4743-306/4743-306-04-05-06.png	561	de
4577-140/4577-140-03-09-12.png	523	de
7269-071/7269-071-02-08-14.png	742	em
7601-057/7601-057-04-04-12.png	810	periféricos
7866-042/7866-042-02-05-08.png	858	Why
0761-022/0761-022-04-03-08.png	96	na
7993-047/7993-047-03-05-12.png	874	óptica
7136-077/7136-077-03-01-05.png	702	por
7134-075/7134-075-02-05-13.png	700	um
1628-017/1628-017-01-02-02.png	198	retratados
7265-067/7265-067-04-03-05.png	738	por
0564-011/0564-011-03-07-15.png	44	dos
2129-079/2129-079-04-04-01.png	288	os
3649-019/3649-019-03-03-04.png	414	que
4783-002/4783-002-02-07-14.png	575	de
0695-086/0695-086-03-03-12.png	90	de
7803-035/7803-035-01-06-04.png	844	do
7336-038/7336-038-03-05-02.png	768	ou
1643-032/1643-032-03-06-08.png	213	evidencia
0218-010/0218-010-01-05-04.png	3	de
2485-028/2485-028-04-03-08.png	331	das
4097-015/4097-015-03-06-14.png	436	volta-
8249-018/8249-018-01-01-20.png	916	do
1669-058/1669-058-03-05-07.png	238	Magna
0560-007/0560-007-02-01-02.png	41	efeito
7152-093/7152-093-04-03-12.png	716	para
7876-052/7876-052-02-03-05.png	868	Bauman
7993-047/7993-047-02-04-07.png	874	atitudes
1647-036/1647-036-03-03-12.png	217	idealizado
7282-084/7282-084-02-07-13.png	755	de
0649-040/0649-040-02-01-13.png	70	da
7867-043/7867-043-02-07-12.png	859	atenção
4928-002/4928-002-03-01-04.png	593	da
1627-016/1627-016-03-06-14.png	197	uma
7601-057/7601-057-03-03-07.png	810	hadiernamente
2109-059/2109-059-02-02-04.png	275	de
1485-030/1485-030-01-01-15.png	176	de
0669-060/0669-060-04-09-01.png	80	do
6392-017/6392-017-03-08-18.png	646	ide-
0524-024/0524-024-03-02-04.png	36	de
0695-086/0695-086-03-02-08.png	90	Us
8453-047/8453-047-03-01-13.png	926	da
1729-018/1729-018-01-04-15.png	258	no
0244-036/0244-036-03-04-11.png	16	no
1651-040/1651-040-01-04-13.png	221	um
4934-008/4934-008-03-03-13.png	597	por
2323-030/2323-030-05-08-12.png	312	os
7990-044/7990-044-03-06-08.png	873	Por
8057-036/8057-036-03-05-08.png	877	Sul
7867-043/7867-043-03-04-09.png	859	as
4551-114/4551-114-04-04-01.png	516	ou
1656-045/1656-045-02-09-01.png	226	desconstrução
3672-042/3672-042-03-07-06.png	424	os
7993-047/7993-047-02-02-04.png	874	que
8120-022/8120-022-04-01-05.png	882	urge
8751-039/8751-039-02-02-02.png	956	Locke
3641-011/3641-011-04-01-14.png	410	de
3638-008/3638-008-01-01-18.png	408	de
6690-040/6690-040-03-03-13.png	663	de
4551-114/4551-114-02-03-09.png	516	da
7269-071/7269-071-04-03-07.png	742	de
1638-027/1638-027-03-09-09.png	208	populares
7785-017/7785-017-02-05-11.png	832	por
1642-031/1642-031-02-06-01.png	212	vando
8898-025/8898-025-01-04-14.png	962	às
0216-008/0216-008-05-03-07.png	2	da
6137-008/6137-008-01-02-10.png	637	são
7787-019/7787-019-02-03-01.png	833	ção
1444-048/1444-048-01-01-06.png	160	do
4111-029/4111-029-04-04-14.png	448	de
0647-038/0647-038-02-05-07.png	69	uma
7987-041/7987-041-01-04-12.png	872	desconstrução
7789-021/7789-021-03-02-05.png	835	de
1627-016/1627-016-03-04-12.png	197	males
3512-016/3512-016-04-02-12.png	398	no
4677-240/4677-240-01-03-17.png	547	falta
0699-090/0699-090-04-02-17.png	92	de
7981-035/7981-035-02-06-05.png	870	século
0659-050/0659-050-03-02-21.png	75	não
7601-057/7601-057-04-03-07.png	810	Tecnologia
1659-048/1659-048-02-01-02.png	228	primeiro
1656-045/1656-045-02-08-20.png	226	de
4929-003/4929-003-04-02-12.png	594	agente
2249-049/2249-049-04-03-04.png	304	de
7275-077/7275-077-04-06-18.png	748	de
1601-040/1601-040-01-01-05.png	189	foi
4448-011/4448-011-02-07-10.png	502	de
8224-015/8224-015-02-01-08.png	907	de
8749-037/8749-037-01-02-07.png	955	ao
7556-012/7556-012-01-03-12.png	788	não
7564-020/7564-020-01-04-04.png	792	democratização
6800-085/6800-085-01-03-15.png	667	os
1649-038/1649-038-04-01-06.png	219	obstáculos
7271-073/7271-073-03-02-13.png	744	que
4996-052/4996-052-02-08-07.png	614	de
1683-072/1683-072-04-02-06.png	252	ampliem
0659-050/0659-050-01-05-06.png	75	que
7433-082/7433-082-04-04-19.png	785	ob-
8904-031/8904-031-01-04-03.png	965	em
7134-075/7134-075-02-04-03.png	700	nas
4268-037/4268-037-04-02-03.png	471	de
2120-070/2120-070-04-04-13.png	281	ma-
2374-081/2374-081-04-02-01.png	329	tura
1669-058/1669-058-04-02-04.png	238	novas
0564-011/0564-011-04-05-03.png	44	os
1669-058/1669-058-03-04-05.png	238	como
1630-019/1630-019-02-07-18.png	200	desequilíbrio
1654-043/1654-043-02-02-12.png	224	pla-
7158-099/7158-099-03-01-13.png	721	um
1643-032/1643-032-02-04-16.png	213	debates
1126-021/1126-021-02-10-15.png	131	por
8481-075/8481-075-03-04-02.png	936	as
7272-074/7272-074-01-03-04.png	745	fim
2970-013/2970-013-01-05-06.png	382	cultura
8902-029/8902-029-03-02-01.png	964	pode
9310-013/9310-013-02-04-03.png	995	não
1666-055/1666-055-01-02-12.png	235	doença
8621-069/8621-069-03-02-01.png	950	no
0775-036/0775-036-02-02-01.png	102	por
7271-073/7271-073-02-01-10.png	744	às
0514-014/0514-014-03-06-02.png	31	ao
7867-043/7867-043-02-03-06.png	859	às
7871-047/7871-047-04-08-04.png	863	responsáveis
1629-018/1629-018-03-01-09.png	199	para
4775-020/4775-020-04-06-15.png	573	de
0571-018/0571-018-04-02-10.png	49	de
8904-031/8904-031-01-03-12.png	965	do
1483-028/1483-028-01-06-12.png	174	os
4930-004/4930-004-04-04-16.png	595	fator
7156-097/7156-097-01-04-12.png	719	que
7692-058/7692-058-01-04-15.png	824	este
2778-034/2778-034-03-07-07.png	376	da
1662-051/1662-051-02-03-01.png	231	tória
4743-306/4743-306-04-02-13.png	561	dos
7981-035/7981-035-03-02-11.png	870	de
3666-036/3666-036-03-05-05.png	419	da
2607-024/2607-024-01-02-07.png	346	tal
4263-032/4263-032-04-02-15.png	469	das
2335-042/2335-042-03-03-08.png	318	ao
2607-024/2607-024-04-03-10.png	346	amplifique
4740-303/4740-303-01-05-09.png	560	do
6392-017/6392-017-02-02-13.png	646	nas
1656-045/1656-045-04-05-15.png	226	essa
7724-090/7724-090-02-02-01.png	831	da
1469-014/1469-014-01-02-10.png	166	No
2249-049/2249-049-04-02-09.png	304	Para
8223-014/8223-014-03-02-08.png	906	de
7045-008/7045-008-05-04-08.png	684	se
8242-011/8242-011-02-06-06.png	910	de
8439-033/8439-033-04-04-01.png	920	dos
3652-022/3652-022-02-06-04.png	417	da
0218-010/0218-010-01-01-09.png	3	do
2633-019/2633-019-04-04-02.png	354	as
2245-045/2245-045-01-01-12.png	300	as
1624-013/1624-013-03-07-12.png	194	Bruno
4934-008/4934-008-02-03-17.png	597	os
2669-026/2669-026-01-01-03.png	365	do
1127-022/1127-022-04-07-02.png	132	pelo
6906-013/6906-013-04-06-06.png	670	Com
1674-063/1674-063-03-06-10.png	243	associado
1487-032/1487-032-04-02-12.png	177	na
1495-040/1495-040-02-06-04.png	184	ou
7288-090/7288-090-03-04-06.png	761	País
7138-079/7138-079-02-09-01.png	704	tado
9526-010/9526-010-03-02-11.png	999	eu-
0649-040/0649-040-01-05-09.png	70	os
7866-042/7866-042-01-06-09.png	858	desse
4303-016/4303-016-04-06-08.png	482	da
1731-020/1731-020-01-02-04.png	259	de
1642-031/1642-031-04-04-10.png	212	grande
8242-011/8242-011-02-04-13.png	910	um
1447-051/1447-051-04-07-10.png	163	de
7343-045/7343-045-03-02-06.png	775	as
1669-058/1669-058-02-06-15.png	238	uma
1628-017/1628-017-01-03-06.png	198	nas
4746-309/4746-309-03-03-07.png	563	Tal
3637-007/3637-007-03-09-16.png	407	no
2104-054/2104-054-02-03-12.png	270	era
7284-086/7284-086-02-08-07.png	757	são
1643-032/1643-032-02-07-06.png	213	do
1682-071/1682-071-03-01-01.png	251	Ademais
8751-039/8751-039-01-04-14.png	956	que
7978-032/7978-032-04-06-05.png	869	para
0765-026/0765-026-01-07-07.png	98	ele
0256-048/0256-048-02-10-08.png	22	das
2124-074/2124-074-02-01-05.png	285	que
8439-033/8439-033-03-01-14.png	920	sua
4767-012/4767-012-04-02-02.png	570	pelo
1633-022/1633-022-03-06-09.png	203	promotoras
8255-024/8255-024-04-07-04.png	919	fim
2606-023/2606-023-04-03-07.png	345	área
7160-101/7160-101-02-03-06.png	723	por
1621-010/1621-010-02-08-07.png	191	levando
4928-002/4928-002-02-01-10.png	593	no
6137-008/6137-008-03-03-15.png	637	da
0555-002/0555-002-02-05-18.png	38	não
2123-073/2123-073-04-04-11.png	284	do
1673-062/1673-062-01-04-04.png	242	de
1651-040/1651-040-02-05-02.png	221	da
1637-026/1637-026-03-05-03.png	207	mentais
1680-069/1680-069-03-01-11.png	249	falta
2605-022/2605-022-03-02-06.png	344	de
2505-048/2505-048-02-01-07.png	338	do
3637-007/3637-007-03-09-09.png	407	de
0234-026/0234-026-02-05-11.png	11	um
7346-048/7346-048-02-06-06.png	778	que
4111-029/4111-029-01-01-12.png	448	na
7269-071/7269-071-04-06-05.png	742	com
8747-035/8747-035-02-10-05.png	954	de
6946-028/6946-028-01-04-11.png	680	as
1126-021/1126-021-02-04-11.png	131	de
7869-045/7869-045-02-09-12.png	861	Assim
1732-021/1732-021-04-03-13.png	260	de
6907-014/6907-014-04-06-05.png	671	as
2491-034/2491-034-01-04-04.png	334	pelo
4748-311/4748-311-01-02-06.png	564	fato
4412-090/4412-090-01-01-06.png	494	do
7978-032/7978-032-02-03-14.png	869	indicadores
1628-017/1628-017-02-08-19.png	198	redes
7868-044/7868-044-01-03-07.png	860	mentais
0667-058/0667-058-01-03-16.png	79	de
0260-052/0260-052-02-05-05.png	24	em
7859-035/7859-035-04-03-13.png	851	núcleos
2669-026/2669-026-04-06-14.png	365	os
1438-042/1438-042-03-05-03.png	156	da
7272-074/7272-074-02-01-11.png	745	por
1646-035/1646-035-03-09-07.png	216	no
4321-017/4321-017-03-01-18.png	487	é-
1129-024/1129-024-04-07-07.png	134	de
8120-022/8120-022-03-01-04.png	882	desmoralização
8121-023/8121-023-04-07-04.png	883	boa
7286-088/7286-088-03-05-09.png	759	de
2335-042/2335-042-03-01-01.png	318	No
2491-034/2491-034-03-07-02.png	334	que
6142-013/6142-013-04-06-08.png	640	de
0566-013/0566-013-04-01-11.png	46	aos
1633-022/1633-022-01-02-05.png	203	Analogamente
8904-031/8904-031-03-06-09.png	965	de
4620-183/4620-183-02-05-03.png	533	de
7159-100/7159-100-04-08-11.png	722	no
0571-018/0571-018-01-06-15.png	49	hão
0415-013/0415-013-03-07-13.png	26	se
0991-017/0991-017-03-01-12.png	119	de
2248-048/2248-048-03-02-08.png	303	em
4934-008/4934-008-04-03-01.png	597	cial
7872-048/7872-048-03-02-11.png	864	No
0240-032/0240-032-01-05-01.png	14	vez
4354-032/4354-032-03-02-11.png	490	nos
1728-017/1728-017-02-06-14.png	257	ao
1680-069/1680-069-04-01-09.png	249	associado
4766-011/4766-011-02-02-04.png	569	nas
1621-010/1621-010-02-07-10.png	191	aprofunda
4754-317/4754-317-01-01-08.png	565	na
0584-031/0584-031-02-03-03.png	57	que
2374-081/2374-081-01-05-20.png	329	ao
7863-039/7863-039-04-06-08.png	855	em
7564-020/7564-020-03-05-12.png	792	de
0765-026/0765-026-01-06-01.png	98	ferir
1682-071/1682-071-02-02-06.png	251	dos
4293-006/4293-006-03-05-05.png	476	seus
1431-035/1431-035-04-03-05.png	149	de
4313-009/4313-009-05-06-07.png	486	seja
0683-074/0683-074-02-08-02.png	85	onde
4720-283/4720-283-03-02-03.png	557	das
7591-047/7591-047-02-05-04.png	805	do
0659-050/0659-050-01-04-04.png	75	são
1662-051/1662-051-04-02-02.png	231	os
0226-018/0226-018-03-04-06.png	7	que
0240-032/0240-032-04-01-08.png	14	mal
7984-038/7984-038-04-10-09.png	871	diferir
7591-047/7591-047-03-05-05.png	805	prejudicial
6907-014/6907-014-02-03-05.png	671	que
1483-028/1483-028-03-04-10.png	174	ser
1673-062/1673-062-04-05-15.png	242	mentais
2343-050/2343-050-03-16-03.png	322	de
1626-015/1626-015-04-02-10.png	196	Para
7722-088/7722-088-01-02-01.png	830	lazer
7864-040/7864-040-04-02-05.png	856	governo
7175-116/7175-116-01-02-05.png	732	Boas
2738-050/2738-050-04-04-10.png	371	transtornos
7293-095/7293-095-04-06-15.png	765	pro-
6914-021/6914-021-03-05-07.png	676	meio
1651-040/1651-040-03-03-11.png	221	associa
7158-099/7158-099-04-02-05.png	721	que
0584-031/0584-031-03-04-13.png	57	que
3639-009/3639-009-02-07-09.png	409	que
7164-105/7164-105-04-01-06.png	727	do
7151-092/7151-092-01-01-06.png	715	das
8467-061/8467-061-04-01-02.png	931	ao
1432-036/1432-036-04-02-09.png	150	de
2189-046/2189-046-04-03-09.png	296	de
7601-057/7601-057-04-08-13.png	810	seus
0216-008/0216-008-03-04-12.png	2	os
7052-015/7052-015-04-02-16.png	689	de
7045-008/7045-008-04-02-07.png	684	hoje
2610-027/2610-027-01-03-08.png	349	são
3670-040/3670-040-02-05-02.png	422	do
1637-026/1637-026-04-03-12.png	207	recolhimen
4856-021/4856-021-05-06-15.png	583	que
7863-039/7863-039-03-03-07.png	855	sociólogo
1449-053/1449-053-03-01-05.png	165	que
3650-020/3650-020-01-01-10.png	415	por
8249-018/8249-018-02-05-07.png	916	do
8056-035/8056-035-02-02-04.png	876	do
1431-035/1431-035-02-04-04.png	149	do
0238-030/0238-030-02-02-06.png	13	tipo
4786-005/4786-005-04-04-05.png	576	que
8902-029/8902-029-03-05-03.png	964	com
7864-040/7864-040-03-01-04.png	856	postura
8759-047/8759-047-04-06-10.png	960	melho-
8222-013/8222-013-02-04-04.png	905	de
0683-074/0683-074-04-02-01.png	85	pos
7978-032/7978-032-03-07-10.png	869	empregatício
1447-051/1447-051-01-04-14.png	163	vez
2607-024/2607-024-04-05-02.png	346	destinados
2513-056/2513-056-02-06-13.png	341	um
7978-032/7978-032-02-04-20.png	869	da
1654-043/1654-043-01-02-11.png	224	expressá-los
5649-032/5649-032-02-07-01.png	622	tas
1659-048/1659-048-04-03-02.png	228	da
1649-038/1649-038-03-06-02.png	219	condições
8517-011/8517-011-02-07-19.png	940	do
4672-235/4672-235-02-02-07.png	545	após
7156-097/7156-097-04-03-05.png	719	com
9158-042/9158-042-04-05-16.png	976	que
1677-066/1677-066-02-04-06.png	246	Latina
7978-032/7978-032-01-04-11.png	869	contexto
6115-023/6115-023-03-02-11.png	635	com
2341-048/2341-048-04-06-10.png	321	de
2368-075/2368-075-04-01-09.png	326	que
1656-045/1656-045-01-05-04.png	226	desafio
1643-032/1643-032-03-06-06.png	213	obra
8225-016/8225-016-04-02-06.png	908	da
1628-017/1628-017-03-05-17.png	198	unidades
7866-042/7866-042-03-01-09.png	858	de
8120-022/8120-022-01-02-02.png	882	da
0234-026/0234-026-02-02-11.png	11	ela
4931-005/4931-005-03-05-05.png	596	em
1651-040/1651-040-02-04-10.png	221	ansiedade
4767-012/4767-012-03-08-19.png	570	espa-
1625-014/1625-014-03-05-12.png	195	deles
9207-040/9207-040-01-02-08.png	983	de
1448-052/1448-052-02-01-13.png	164	aos
1669-058/1669-058-03-03-02.png	238	ao
7993-047/7993-047-01-01-16.png	874	utilizaram
7862-038/7862-038-03-07-10.png	854	delas
3639-009/3639-009-04-04-12.png	409	do
1682-071/1682-071-04-01-10.png	251	solidifica-
1651-040/1651-040-04-01-03.png	221	estigmas
2108-058/2108-058-03-06-04.png	274	das
7154-095/7154-095-04-01-02.png	718	dos
4298-011/4298-011-05-06-04.png	480	ou
7984-038/7984-038-02-02-21.png	871	diferem
4930-004/4930-004-01-01-16.png	595	nesta
0669-060/0669-060-01-03-06.png	80	seu
7162-103/7162-103-03-05-09.png	725	do
0651-042/0651-042-03-06-17.png	71	de
8253-022/8253-022-04-03-10.png	917	se
7990-044/7990-044-03-07-07.png	873	poder
0649-040/0649-040-04-02-02.png	70	na
2610-027/2610-027-04-05-06.png	349	informações
8998-012/8998-012-03-03-07.png	967	no
0687-078/0687-078-01-07-03.png	86	de
7875-051/7875-051-01-05-09.png	867	doenças
8222-013/8222-013-04-06-05.png	905	com
1649-038/1649-038-02-03-11.png	219	cidadãos
1633-022/1633-022-04-01-04.png	203	impreterível
6906-013/6906-013-03-05-04.png	670	dos
1656-045/1656-045-04-01-10.png	226	medidas
3671-041/3671-041-02-04-13.png	423	de
4558-121/4558-121-03-06-04.png	518	da
4598-161/4598-161-03-06-02.png	528	que
7282-084/7282-084-01-04-03.png	755	que
7601-057/7601-057-02-01-19.png	810	ampliado
8902-029/8902-029-03-08-01.png	964	vez
1647-036/1647-036-04-01-05.png	217	brasileiro
2184-041/2184-041-03-06-09.png	291	às
1650-039/1650-039-02-05-21.png	220	tal
2970-013/2970-013-02-05-16.png	382	de
2487-030/2487-030-01-01-13.png	332	os
4268-037/4268-037-01-05-04.png	471	do
6392-017/6392-017-04-05-13.png	646	de
6907-014/6907-014-02-04-08.png	671	se
1663-052/1663-052-02-03-08.png	232	jovem
7867-043/7867-043-03-03-16.png	859	quais
4247-016/4247-016-03-05-11.png	465	em
0226-018/0226-018-01-03-14.png	7	do
2183-040/2183-040-04-01-05.png	290	às
0554-001/0554-001-01-05-03.png	37	há
4718-281/4718-281-01-04-05.png	556	com
2670-027/2670-027-02-01-05.png	366	há
4466-029/4466-029-05-03-13.png	505	de
7291-093/7291-093-03-02-10.png	763	do
7869-045/7869-045-01-02-07.png	861	tela
7132-073/7132-073-03-08-10.png	698	na
2639-025/2639-025-01-05-11.png	360	que
1628-017/1628-017-04-07-03.png	198	área
3633-003/3633-003-01-04-12.png	405	da
5648-031/5648-031-03-05-11.png	621	se
1429-033/1429-033-04-03-10.png	147	por
1642-031/1642-031-01-07-01.png	212	com
1449-053/1449-053-01-06-05.png	165	da
4748-311/4748-311-03-08-08.png	564	de
4412-090/4412-090-04-03-08.png	494	ao
7131-072/7131-072-02-07-14.png	697	no
7876-052/7876-052-01-04-03.png	868	Logo
4482-045/4482-045-04-09-01.png	506	do
6142-013/6142-013-02-07-15.png	640	pode
0216-008/0216-008-03-08-13.png	2	de
2327-034/2327-034-03-13-10.png	313	se
6911-018/6911-018-03-03-06.png	673	de
1649-038/1649-038-03-01-11.png	219	também
7276-078/7276-078-01-07-07.png	749	da
0667-058/0667-058-02-08-09.png	79	ele
4412-090/4412-090-01-01-19.png	494	as
4427-105/4427-105-02-04-04.png	499	ele
3679-049/3679-049-05-02-08.png	430	do
3671-041/3671-041-02-07-08.png	423	as
7864-040/7864-040-04-02-06.png	856	conscientizar
0220-012/0220-012-02-04-01.png	4	em
4677-240/4677-240-04-03-01.png	547	lar
0830-026/0830-026-04-09-09.png	104	ter
4583-146/4583-146-03-04-03.png	524	de
1643-032/1643-032-01-02-18.png	213	pia-
2633-019/2633-019-03-05-08.png	354	as
7045-008/7045-008-03-02-15.png	684	cine-
1661-050/1661-050-02-03-03.png	230	Tal
7268-070/7268-070-03-05-04.png	741	por
7589-045/7589-045-04-04-05.png	804	de
7052-015/7052-015-03-06-06.png	689	em
4289-002/4289-002-03-03-17.png	472	peri-
7336-038/7336-038-04-05-13.png	768	eles
0252-044/0252-044-03-04-18.png	20	do
7869-045/7869-045-02-09-15.png	861	falta
8471-065/8471-065-02-09-03.png	933	no
7787-019/7787-019-02-06-10.png	833	de
8749-037/8749-037-03-06-05.png	955	que
7160-101/7160-101-01-05-12.png	723	dos
7287-089/7287-089-04-02-09.png	760	em
1763-027/1763-027-03-05-04.png	266	qual
7275-077/7275-077-03-07-14.png	748	faz
8999-013/8999-013-04-07-09.png	968	da
5649-032/5649-032-05-03-13.png	622	de
6439-029/6439-029-01-04-13.png	655	Com
1628-017/1628-017-01-03-09.png	198	Nesse
1492-037/1492-037-04-02-13.png	181	nas
7871-047/7871-047-01-01-06.png	863	personagem
7803-035/7803-035-02-01-01.png	844	Em
7795-027/7795-027-03-01-13.png	839	da
1447-051/1447-051-01-02-06.png	163	de
1625-014/1625-014-04-02-10.png	195	Estado
2513-056/2513-056-02-06-08.png	341	vista
1654-043/1654-043-03-02-05.png	224	uma
8751-039/8751-039-02-03-07.png	956	verificar
2339-046/2339-046-03-02-03.png	320	as
8747-035/8747-035-03-01-08.png	954	capitalista
7053-016/7053-016-02-04-07.png	690	do
8747-035/8747-035-02-02-04.png	954	estigma
8120-022/8120-022-01-07-01.png	882	golpe
1481-026/1481-026-02-04-04.png	172	ao
7859-035/7859-035-01-07-04.png	851	hereditário
7272-074/7272-074-03-02-10.png	745	1988
2613-030/2613-030-04-05-13.png	352	os
8757-045/8757-045-04-01-01.png	959	Infere-se
2606-023/2606-023-04-04-08.png	345	doenças
3665-035/3665-035-02-09-05.png	418	de
8759-047/8759-047-01-05-04.png	960	nos
8749-037/8749-037-04-03-11.png	955	Nacional
8625-073/8625-073-01-01-05.png	951	de
1641-030/1641-030-01-03-07.png	211	histórico
8186-036/8186-036-04-06-06.png	901	de
1627-016/1627-016-04-01-01.png	197	Portanto
7433-082/7433-082-02-01-09.png	785	pelo
4743-306/4743-306-04-06-21.png	561	de
7433-082/7433-082-03-05-07.png	785	elas
8057-036/8057-036-01-05-14.png	877	aos
8222-013/8222-013-01-03-03.png	905	no
6913-020/6913-020-03-04-09.png	675	os
6140-011/6140-011-01-05-10.png	639	no
2317-024/2317-024-03-07-09.png	307	de
7613-069/7613-069-02-02-05.png	816	ideia
7152-093/7152-093-03-05-07.png	716	ao
1663-052/1663-052-04-04-05.png	232	televisão
2606-023/2606-023-01-03-04.png	345	eles
8243-012/8243-012-02-02-08.png	911	dos
7867-043/7867-043-04-02-09.png	859	Educação
7157-098/7157-098-02-04-07.png	720	de
4720-283/4720-283-02-06-10.png	557	ignora
9307-010/9307-010-02-06-07.png	993	de
3040-017/3040-017-05-01-12.png	391	vive
0424-022/0424-022-01-08-11.png	28	do
4427-105/4427-105-02-03-02.png	499	que
8516-010/8516-010-03-01-07.png	939	de
7872-048/7872-048-04-01-01.png	864	Em
0659-050/0659-050-01-05-11.png	75	suas
7873-049/7873-049-02-01-10.png	865	um
7275-077/7275-077-02-02-06.png	748	da
2606-023/2606-023-03-04-04.png	345	de
1641-030/1641-030-03-01-09.png	211	os
3669-039/3669-039-05-05-13.png	421	que
0254-046/0254-046-01-04-04.png	21	de
1651-040/1651-040-04-02-14.png	221	que
8483-077/8483-077-02-03-03.png	937	foi
1673-062/1673-062-01-04-14.png	242	de
6912-019/6912-019-05-04-09.png	674	de
4097-015/4097-015-01-04-16.png	436	ansiedade
3638-008/3638-008-01-07-11.png	408	de
0228-020/0228-020-03-04-11.png	8	Em
7789-021/7789-021-02-02-05.png	835	do
2121-071/2121-071-03-06-05.png	282	às
8757-045/8757-045-03-01-11.png	959	interesse
8999-013/8999-013-04-03-14.png	968	da
1128-023/1128-023-03-04-04.png	133	se
6907-014/6907-014-02-06-17.png	671	de
4985-041/4985-041-03-07-07.png	605	que
7140-081/7140-081-01-02-04.png	706	da
2497-040/2497-040-03-05-10.png	337	não
7613-069/7613-069-04-04-09.png	816	ação
7787-019/7787-019-03-04-04.png	833	viés
1650-039/1650-039-02-05-03.png	220	forte
7175-116/7175-116-04-06-03.png	732	de
4124-042/4124-042-02-04-18.png	461	então
4668-231/4668-231-04-02-08.png	543	da
7576-032/7576-032-01-04-10.png	798	das
2320-027/2320-027-05-02-06.png	310	se
4246-015/4246-015-04-01-05.png	464	às
2511-054/2511-054-02-06-07.png	340	dos
6942-024/6942-024-04-01-01.png	678	Em
0667-058/0667-058-01-02-13.png	79	onde
4488-051/4488-051-04-04-10.png	507	de
8759-047/8759-047-04-04-12.png	960	salientar
1677-066/1677-066-04-01-02.png	246	no
0777-038/0777-038-03-08-05.png	103	do
4934-008/4934-008-02-04-02.png	597	Nesse
4448-011/4448-011-02-04-10.png	502	os
0763-024/0763-024-01-03-07.png	97	no
7724-090/7724-090-04-05-03.png	831	ao
1214-021/1214-021-03-06-03.png	141	as
0516-016/0516-016-04-01-12.png	32	qual
7876-052/7876-052-02-02-06.png	868	estigmas
8469-063/8469-063-04-03-10.png	932	em
1732-021/1732-021-03-05-13.png	260	de
4246-015/4246-015-03-06-13.png	464	Com
4524-087/4524-087-03-06-13.png	513	de
1763-027/1763-027-03-05-01.png	266	rim
6145-016/6145-016-01-05-01.png	642	bre
7046-009/7046-009-01-04-01.png	685	de
1654-043/1654-043-02-03-06.png	224	as
8749-037/8749-037-02-01-14.png	955	solidifica
4988-044/4988-044-02-02-10.png	608	No
0254-046/0254-046-04-02-10.png	21	ao
4299-012/4299-012-02-04-14.png	481	do
1663-052/1663-052-02-02-08.png	232	árdua
4623-186/4623-186-05-03-13.png	534	ter
6139-010/6139-010-02-01-14.png	638	da
4856-021/4856-021-03-03-08.png	583	efeito
7170-111/7170-111-03-02-02.png	729	de
2335-042/2335-042-02-02-07.png	318	60
2774-030/2774-030-03-07-07.png	374	às
1213-020/1213-020-04-07-10.png	140	de
1637-026/1637-026-01-02-15.png	207	de
7152-093/7152-093-01-03-09.png	716	na
7425-074/7425-074-04-07-02.png	784	por
1755-019/1755-019-02-05-03.png	261	vez
4746-309/4746-309-03-04-12.png	563	do
4783-002/4783-002-02-01-14.png	575	do
7862-038/7862-038-04-05-09.png	854	transtorno
1624-013/1624-013-01-06-01.png	194	leiro
7278-080/7278-080-03-05-03.png	751	na
1630-019/1630-019-01-03-12.png	200	em
0252-044/0252-044-01-04-11.png	20	que
4695-258/4695-258-02-01-11.png	554	que
2119-069/2119-069-01-04-11.png	280	no
7145-086/7145-086-02-06-14.png	711	são
6907-014/6907-014-02-11-08.png	671	que
8516-010/8516-010-04-01-05.png	939	seu
7621-077/7621-077-01-07-02.png	820	de
7343-045/7343-045-04-05-19.png	775	exem-
4518-081/4518-081-02-07-03.png	512	pela
0240-032/0240-032-02-04-06.png	14	das
4931-005/4931-005-04-01-13.png	596	no
1437-041/1437-041-04-01-07.png	155	que
0649-040/0649-040-03-03-13.png	70	no
1654-043/1654-043-02-02-11.png	224	são
7871-047/7871-047-04-05-14.png	863	acerca
1632-021/1632-021-02-03-06.png	202	modelo
8457-051/8457-051-02-08-10.png	928	da
1725-014/1725-014-02-01-04.png	254	em
1438-042/1438-042-03-02-03.png	156	dos
7866-042/7866-042-04-03-06.png	858	da
7993-047/7993-047-03-04-03.png	874	jovens
4791-010/4791-010-04-06-17.png	579	exi-
0681-072/0681-072-01-02-16.png	84	que
7866-042/7866-042-01-03-07.png	858	por
1763-027/1763-027-04-01-04.png	266	que
1624-013/1624-013-02-06-01.png	194	tados
1214-021/1214-021-02-07-17.png	141	fato
1662-051/1662-051-02-02-09.png	231	problema
1663-052/1663-052-03-01-06.png	232	doenças
7163-104/7163-104-01-01-17.png	726	in-
7863-039/7863-039-03-04-06.png	855	chamadas
8759-047/8759-047-02-04-10.png	960	da
2329-036/2329-036-05-04-13.png	314	os
1646-035/1646-035-03-02-14.png	216	que
7576-032/7576-032-02-01-06.png	798	analisar
1650-039/1650-039-04-07-04.png	220	mental
2637-023/2637-023-01-04-09.png	358	em
7787-019/7787-019-03-04-15.png	833	de-
7876-052/7876-052-02-07-12.png	868	psiquia
0583-030/0583-030-02-04-13.png	56	por
7336-038/7336-038-03-09-08.png	768	do
1492-037/1492-037-04-01-02.png	181	cabe
7044-007/7044-007-03-04-04.png	683	as
7875-051/7875-051-04-02-01.png	867	nistério
7863-039/7863-039-02-02-13.png	855	Saramago
0830-026/0830-026-03-02-11.png	104	de
7136-077/7136-077-04-03-19.png	702	tipo
1656-045/1656-045-02-01-02.png	226	vale
1674-063/1674-063-01-02-05.png	243	junção
1650-039/1650-039-04-07-09.png	220	Unidades
0256-048/0256-048-03-07-08.png	22	que
1001-027/1001-027-04-04-06.png	126	de
1624-013/1624-013-03-01-12.png	194	todos
1437-041/1437-041-03-01-03.png	155	em
3636-006/3636-006-02-06-01.png	406	isso
7160-101/7160-101-03-04-06.png	723	que
7872-048/7872-048-03-04-05.png	864	novo
8443-037/8443-037-02-03-01.png	922	te
8467-061/8467-061-02-02-16.png	931	no
3652-022/3652-022-02-03-07.png	417	que
0520-020/0520-020-04-04-02.png	34	um
7867-043/7867-043-02-04-15.png	859	atualidade
2121-071/2121-071-02-06-03.png	282	no
7134-075/7134-075-03-08-16.png	700	dos
1628-017/1628-017-01-02-18.png	198	discussão
0775-036/0775-036-03-01-10.png	102	em
7601-057/7601-057-01-04-18.png	810	responsáveis
7978-032/7978-032-04-07-02.png	869	objetiva-se
7864-040/7864-040-04-01-01.png	856	Verifica-se
8747-035/8747-035-01-01-09.png	954	assis
4910-075/4910-075-05-04-08.png	589	do
0433-031/0433-031-04-07-10.png	30	se
7158-099/7158-099-03-06-11.png	721	de
7293-095/7293-095-04-07-10.png	765	vez
7270-072/7270-072-02-01-08.png	743	de
4684-247/4684-247-02-01-11.png	550	Pa-
7795-027/7795-027-04-08-13.png	839	de
2679-036/2679-036-05-03-02.png	370	tal
0258-050/0258-050-02-08-08.png	23	que
0234-026/0234-026-03-03-08.png	11	que
4352-030/4352-030-03-05-03.png	489	que
1683-072/1683-072-02-01-09.png	252	das
6800-085/6800-085-03-05-10.png	667	no
6406-031/6406-031-02-05-09.png	653	da
3636-006/3636-006-02-06-17.png	406	pro-
0683-074/0683-074-04-01-18.png	85	cor-
8481-075/8481-075-02-02-02.png	936	na
7564-020/7564-020-03-06-12.png	792	outras
1673-062/1673-062-04-04-07.png	242	por
4650-213/4650-213-05-02-02.png	540	de
9158-042/9158-042-04-04-11.png	976	de
2738-050/2738-050-04-03-01.png	371	ção
1684-073/1684-073-01-01-13.png	253	em
7263-065/7263-065-04-05-12.png	737	de
0415-013/0415-013-02-10-15.png	26	da
4518-081/4518-081-04-04-04.png	512	ao
4259-028/4259-028-03-02-04.png	467	no
8747-035/8747-035-02-02-02.png	954	ampliam
6145-016/6145-016-02-08-01.png	642	de
1763-027/1763-027-03-04-08.png	266	Essa
4424-102/4424-102-04-10-03.png	498	na
0584-031/0584-031-04-05-05.png	57	de
1266-040/1266-040-03-05-14.png	143	tenta
8190-040/8190-040-04-05-13.png	903	de
2186-043/2186-043-02-01-09.png	293	na
1643-032/1643-032-03-04-10.png	213	que
7867-043/7867-043-04-05-18.png	859	parcerias
4586-149/4586-149-02-10-04.png	525	as
0415-013/0415-013-01-03-14.png	26	no
6144-015/6144-015-03-05-13.png	641	pelos
7722-088/7722-088-04-06-12.png	830	que
7260-062/7260-062-02-01-18.png	735	para
1495-040/1495-040-01-02-12.png	184	De
7875-051/7875-051-02-06-04.png	867	comunição
5825-023/5825-023-05-06-08.png	628	as
6913-020/6913-020-01-03-13.png	675	por
7156-097/7156-097-03-02-09.png	719	no
4265-034/4265-034-01-01-07.png	470	do
1448-052/1448-052-04-01-10.png	164	às
0234-026/0234-026-03-01-08.png	11	na
9310-013/9310-013-04-02-14.png	995	por
0560-007/0560-007-04-03-04.png	41	que
7601-057/7601-057-02-01-04.png	810	abordagem
7873-049/7873-049-04-04-01.png	865	gramação
5649-032/5649-032-04-04-15.png	622	pro-
0693-084/0693-084-01-02-06.png	89	vida
7864-040/7864-040-03-02-06.png	856	humano
8904-031/8904-031-01-02-05.png	965	ao
7858-034/7858-034-02-05-14.png	850	propagada
1666-055/1666-055-02-05-07.png	235	tema
1626-015/1626-015-04-06-04.png	196	Globo
0433-031/0433-031-03-03-08.png	30	ao
0563-010/0563-010-02-05-08.png	43	de
7866-042/7866-042-02-05-04.png	858	pela
4111-029/4111-029-02-04-14.png	448	efeito
0765-026/0765-026-04-03-06.png	98	agir
6140-011/6140-011-02-02-04.png	639	da
2374-081/2374-081-03-09-12.png	329	ao
7601-057/7601-057-01-04-12.png	810	uma
1632-021/1632-021-02-06-13.png	202	propicia
4982-038/4982-038-04-06-12.png	604	de
4790-009/4790-009-03-04-13.png	578	uma
5825-023/5825-023-05-04-04.png	628	da
1652-041/1652-041-02-09-01.png	222	de
7981-035/7981-035-01-06-10.png	870	por
1661-050/1661-050-02-02-02.png	230	Bauman
1624-013/1624-013-02-03-07.png	194	estar
1441-045/1441-045-01-01-04.png	158	no
7277-079/7277-079-01-05-09.png	750	do
3636-006/3636-006-04-08-13.png	406	de
0641-032/0641-032-01-06-19.png	66	das
8254-023/8254-023-01-05-07.png	918	de
1621-010/1621-010-03-03-04.png	191	Contudo
8439-033/8439-033-03-01-07.png	920	que
7268-070/7268-070-03-06-01.png	741	de
2329-036/2329-036-02-03-07.png	314	se
4448-011/4448-011-05-02-06.png	502	os
1650-039/1650-039-02-06-14.png	220	Brasil
2186-043/2186-043-01-04-07.png	293	dos
7163-104/7163-104-04-05-01.png	726	plo
2780-036/2780-036-05-05-03.png	377	de
7866-042/7866-042-04-05-02.png	858	níveis
4554-117/4554-117-05-04-10.png	517	Ba-
6392-017/6392-017-02-06-13.png	646	por
2738-050/2738-050-01-06-08.png	371	população
7724-090/7724-090-04-01-03.png	831	que
8483-077/8483-077-04-02-14.png	937	para
1441-045/1441-045-02-01-03.png	158	de
1441-045/1441-045-02-02-01.png	158	do
4767-012/4767-012-02-05-03.png	570	da
0693-084/0693-084-04-05-06.png	89	Tal
7283-085/7283-085-03-05-11.png	756	se
8222-013/8222-013-02-06-16.png	905	e-
2970-013/2970-013-03-03-03.png	382	consoante
4721-284/4721-284-03-08-11.png	558	da
0571-018/0571-018-03-07-05.png	49	se
7053-016/7053-016-01-01-15.png	690	de
4786-005/4786-005-04-02-05.png	576	de
8453-047/8453-047-04-05-05.png	926	quais
1646-035/1646-035-03-03-15.png	216	diz
2109-059/2109-059-02-06-01.png	275	dor
7591-047/7591-047-03-02-06.png	805	país
1483-028/1483-028-01-01-01.png	174	No
1632-021/1632-021-03-01-13.png	202	desinformação
7282-084/7282-084-02-01-06.png	755	frisar
7164-105/7164-105-02-09-07.png	727	em
1654-043/1654-043-01-01-07.png	224	Black
7803-035/7803-035-04-07-10.png	844	do
4577-140/4577-140-05-01-07.png	523	por
6800-085/6800-085-01-01-08.png	667	de
3633-003/3633-003-03-08-05.png	405	da
7144-085/7144-085-03-04-06.png	710	de
6139-010/6139-010-04-06-09.png	638	as
0567-014/0567-014-03-04-15.png	47	lei
0250-042/0250-042-02-07-04.png	19	se
0578-025/0578-025-02-04-07.png	54	que
1656-045/1656-045-01-05-03.png	226	grande
8749-037/8749-037-03-03-04.png	955	mentais
0224-016/0224-016-03-06-16.png	6	de
1215-022/1215-022-02-08-09.png	142	de
6392-017/6392-017-02-06-08.png	646	os
2613-030/2613-030-01-02-04.png	352	um
1757-021/1757-021-03-05-04.png	263	que
4856-021/4856-021-02-05-09.png	583	os
0433-031/0433-031-02-06-01.png	30	tro
4677-240/4677-240-02-10-02.png	547	na
6690-040/6690-040-02-04-12.png	663	de
1642-031/1642-031-01-05-12.png	212	como
1498-043/1498-043-04-06-05.png	186	de
4928-002/4928-002-04-05-04.png	593	de
8441-035/8441-035-02-08-03.png	921	das
6800-085/6800-085-03-04-03.png	667	que
0520-020/0520-020-03-06-13.png	34	quais
1492-037/1492-037-03-07-13.png	181	ao
1652-041/1652-041-02-03-04.png	222	do
7868-044/7868-044-04-03-13.png	860	criação
1215-022/1215-022-02-06-13.png	142	da
8182-032/8182-032-01-05-07.png	899	qual
6915-022/6915-022-01-05-06.png	677	uma
4259-028/4259-028-01-03-03.png	467	se
7170-111/7170-111-03-05-05.png	729	visto
0254-046/0254-046-03-06-13.png	21	os
2374-081/2374-081-03-03-03.png	329	que
7286-088/7286-088-03-06-06.png	759	as
3670-040/3670-040-03-09-12.png	422	de
1626-015/1626-015-03-07-03.png	196	de
7286-088/7286-088-02-04-08.png	759	que
7869-045/7869-045-02-07-07.png	861	assegura
4743-306/4743-306-04-04-18.png	561	de
0234-026/0234-026-01-01-01.png	11	Na
4650-213/4650-213-03-01-06.png	540	do
7152-093/7152-093-04-06-03.png	716	bom
7265-067/7265-067-02-05-01.png	738	de
0681-072/0681-072-01-03-05.png	84	no
1649-038/1649-038-03-02-12.png	219	pensador
7722-088/7722-088-04-04-06.png	830	de
2613-030/2613-030-02-09-11.png	352	comprometimento
2780-036/2780-036-03-04-07.png	377	um
1659-048/1659-048-03-09-04.png	228	desse
2320-027/2320-027-04-04-02.png	310	Já
8249-018/8249-018-01-01-26.png	916	apre-
1642-031/1642-031-01-01-08.png	212	décimos
1637-026/1637-026-01-05-10.png	207	prejudicado
3669-039/3669-039-05-06-08.png	421	no
7601-057/7601-057-03-06-14.png	810	implementação
4856-021/4856-021-02-05-12.png	583	de
2607-024/2607-024-04-05-10.png	346	do
2774-030/2774-030-03-02-10.png	374	de
4289-002/4289-002-02-02-04.png	472	que
1629-018/1629-018-04-01-07.png	199	estigma
3632-002/3632-002-01-04-01.png	404	de
7131-072/7131-072-01-03-15.png	697	ao
0574-021/0574-021-02-06-04.png	52	as
4097-015/4097-015-04-05-09.png	436	população
8473-067/8473-067-03-06-02.png	934	de
4571-134/4571-134-04-05-06.png	521	no
1630-019/1630-019-02-07-11.png	200	apresentam
1666-055/1666-055-04-02-07.png	235	solução
1628-017/1628-017-02-02-11.png	198	da
0433-031/0433-031-03-05-08.png	30	de
7159-100/7159-100-03-06-05.png	722	de
2125-075/2125-075-01-07-06.png	286	os
8757-045/8757-045-03-04-13.png	959	Assim
0998-024/0998-024-02-03-13.png	125	pe-
7862-038/7862-038-01-01-04.png	854	em
7164-105/7164-105-01-01-06.png	727	no
6906-013/6906-013-02-05-03.png	670	dá
7871-047/7871-047-03-01-08.png	863	vigente
8459-053/8459-053-02-05-01.png	929	to
1627-016/1627-016-02-03-05.png	197	12
6476-006/6476-006-03-05-10.png	656	se
7585-041/7585-041-02-05-08.png	802	para
1123-018/1123-018-03-04-21.png	129	negro
3040-017/3040-017-04-09-06.png	391	ser
1266-040/1266-040-01-05-14.png	143	co-
2633-019/2633-019-04-08-01.png	354	que
4124-042/4124-042-03-01-06.png	461	ilegais
1680-069/1680-069-02-07-14.png	249	por-
1643-032/1643-032-03-08-08.png	213	si
6137-008/6137-008-01-04-01.png	637	des
7170-111/7170-111-03-09-11.png	729	de
1732-021/1732-021-04-04-14.png	260	por
1677-066/1677-066-03-06-12.png	246	pelos
7272-074/7272-074-02-08-15.png	745	do
2634-020/2634-020-01-01-03.png	355	de
7177-118/7177-118-01-03-09.png	733	só
8243-012/8243-012-02-05-02.png	911	ou
1656-045/1656-045-03-04-15.png	226	teor
7265-067/7265-067-01-02-18.png	738	No
9310-013/9310-013-01-04-11.png	995	que
1601-040/1601-040-03-03-11.png	189	no
1604-043/1604-043-02-05-01.png	190	tes
4418-096/4418-096-01-05-04.png	497	se
0218-010/0218-010-03-04-02.png	3	que
5823-021/5823-021-03-04-01.png	626	cos
4748-311/4748-311-04-07-14.png	564	fim
4668-231/4668-231-02-06-01.png	543	dico
7433-082/7433-082-04-02-04.png	785	de
5826-024/5826-024-05-01-13.png	629	no
8621-069/8621-069-04-01-12.png	950	as
2252-052/2252-052-04-04-12.png	306	pela
3636-006/3636-006-03-03-02.png	406	de
7157-098/7157-098-02-05-08.png	720	que
0554-001/0554-001-04-03-14.png	37	de
6800-085/6800-085-02-06-14.png	667	de
2344-051/2344-051-04-09-07.png	323	os
8523-017/8523-017-03-04-03.png	944	ser
0252-044/0252-044-02-07-18.png	20	de
8457-051/8457-051-02-08-14.png	928	mu-
1674-063/1674-063-03-05-13.png	243	transtorno
4577-140/4577-140-02-06-12.png	523	que
1641-030/1641-030-04-04-07.png	211	saúde
4482-045/4482-045-02-04-03.png	506	um
7867-043/7867-043-02-06-02.png	859	de
0995-021/0995-021-02-07-02.png	123	se
2633-019/2633-019-04-08-04.png	354	os
1654-043/1654-043-02-07-07.png	224	ter
4987-043/4987-043-02-02-02.png	607	de
7993-047/7993-047-04-04-15.png	874	Ademais
4767-012/4767-012-03-08-04.png	570	do
8246-015/8246-015-01-02-01.png	914	de
0701-092/0701-092-03-07-14.png	93	em
3652-022/3652-022-04-03-14.png	417	do
7876-052/7876-052-01-04-08.png	868	ligada
2375-082/2375-082-02-06-10.png	330	em
1630-019/1630-019-04-02-14.png	200	desse
7862-038/7862-038-01-05-02.png	854	ocorre
2977-020/2977-020-04-05-04.png	389	está
7129-070/7129-070-04-03-02.png	695	por
1652-041/1652-041-02-03-13.png	222	Isso
0226-018/0226-018-01-02-13.png	7	na
8747-035/8747-035-03-06-05.png	954	não
3040-017/3040-017-02-06-02.png	391	dos
1266-040/1266-040-02-08-10.png	143	no
0216-008/0216-008-05-01-02.png	2	urge
4265-034/4265-034-02-05-14.png	470	seu
7346-048/7346-048-04-01-13.png	778	no
4936-010/4936-010-02-04-03.png	598	foco
1625-014/1625-014-04-06-02.png	195	principais
7164-105/7164-105-05-01-11.png	727	um
1123-018/1123-018-03-09-21.png	129	do
7175-116/7175-116-01-04-19.png	732	crí-
0524-024/0524-024-03-02-10.png	36	Hiv
1652-041/1652-041-01-02-02.png	222	fundamentais
6690-040/6690-040-01-03-06.png	663	ser
7858-034/7858-034-03-06-04.png	850	efetivas
7132-073/7132-073-02-08-12.png	698	de
4124-042/4124-042-03-05-17.png	461	de
1683-072/1683-072-04-03-07.png	252	com
7153-094/7153-094-02-07-03.png	717	ou
8249-018/8249-018-01-01-11.png	916	que
1677-066/1677-066-02-04-07.png	246	Diante
2679-036/2679-036-05-06-12.png	370	de
6110-018/6110-018-02-02-04.png	631	com
4743-306/4743-306-04-01-09.png	561	para
6439-029/6439-029-01-06-04.png	655	as
7014-027/7014-027-01-04-09.png	682	da
0641-032/0641-032-03-01-10.png	66	Nessa
2346-053/2346-053-03-02-03.png	324	ao
8751-039/8751-039-04-02-06.png	956	poder
6116-024/6116-024-02-05-13.png	636	são
7858-034/7858-034-01-03-09.png	850	que
7861-037/7861-037-01-02-09.png	853	tivesse
7052-015/7052-015-04-04-14.png	689	as
2120-070/2120-070-03-05-19.png	281	que
8759-047/8759-047-04-05-08.png	960	psicológicas
3679-049/3679-049-03-04-10.png	430	por
7869-045/7869-045-02-08-17.png	861	que
1662-051/1662-051-02-04-02.png	231	entender
8120-022/8120-022-03-02-02.png	882	disseminação
1725-014/1725-014-02-06-01.png	254	zos
0220-012/0220-012-02-01-05.png	4	que
2339-046/2339-046-04-06-01.png	320	je
2120-070/2120-070-01-01-02.png	281	filme
8222-013/8222-013-01-01-14.png	905	um
7993-047/7993-047-02-07-10.png	874	Dessa
4586-149/4586-149-02-06-22.png	525	is-
7288-090/7288-090-03-02-05.png	761	viés
7421-070/7421-070-01-03-01.png	782	os
0260-052/0260-052-02-06-17.png	24	dos
7591-047/7591-047-01-05-12.png	805	acesso
7576-032/7576-032-01-05-11.png	798	fruto
2977-020/2977-020-02-02-05.png	389	Entretanto
2776-032/2776-032-03-04-07.png	375	com
8249-018/8249-018-02-04-12.png	916	seja
7134-075/7134-075-02-06-01.png	700	de
8223-014/8223-014-03-04-09.png	906	os
7136-077/7136-077-04-06-13.png	702	além
7145-086/7145-086-03-01-14.png	711	de
7794-026/7794-026-04-03-09.png	838	de
4990-046/4990-046-04-05-05.png	610	de
2189-046/2189-046-05-08-07.png	296	vida
7433-082/7433-082-02-05-14.png	785	parte
1661-050/1661-050-04-03-04.png	230	alterações
2121-071/2121-071-04-04-14.png	282	da
0699-090/0699-090-05-07-01.png	92	to
0993-019/0993-019-01-02-01.png	121	da
1729-018/1729-018-02-06-02.png	258	ao
7556-012/7556-012-04-07-07.png	788	de
7861-037/7861-037-03-04-10.png	853	demonstra
4412-090/4412-090-01-04-15.png	494	de
2977-020/2977-020-03-03-12.png	389	vez
4536-099/4536-099-05-03-05.png	514	os
7587-043/7587-043-02-05-10.png	803	ao
2119-069/2119-069-01-01-14.png	280	no
2129-079/2129-079-04-06-02.png	288	da
1683-072/1683-072-01-03-03.png	252	pela
7132-073/7132-073-01-04-17.png	698	dos
7164-105/7164-105-06-01-07.png	727	ao
1647-036/1647-036-02-03-05.png	217	as
4934-008/4934-008-02-02-16.png	597	de
7871-047/7871-047-04-09-07.png	863	âmbito
1661-050/1661-050-01-04-04.png	230	tipo
4766-011/4766-011-03-08-14.png	569	são
2106-056/2106-056-03-06-08.png	272	as
7990-044/7990-044-03-06-06.png	873	pacientes
7861-037/7861-037-04-05-02.png	853	que
7993-047/7993-047-04-03-05.png	874	de
4259-028/4259-028-01-03-17.png	467	as
1683-072/1683-072-02-05-05.png	252	uma
4748-311/4748-311-01-04-16.png	564	que
0224-016/0224-016-04-05-14.png	6	ao
6116-024/6116-024-04-05-02.png	636	os
0571-018/0571-018-02-03-11.png	49	da
4718-281/4718-281-03-02-07.png	556	da
7858-034/7858-034-02-02-14.png	850	esse
1755-019/1755-019-04-05-06.png	261	em
8182-032/8182-032-01-03-13.png	899	por
1647-036/1647-036-01-01-18.png	217	tornaram-se
7152-093/7152-093-03-01-07.png	716	em
2249-049/2249-049-04-02-05.png	304	de
4611-174/4611-174-05-02-11.png	532	em
8471-065/8471-065-03-04-06.png	933	aos
3652-022/3652-022-03-07-12.png	417	são
7277-079/7277-079-03-04-12.png	750	por
5822-020/5822-020-02-05-06.png	625	para
1633-022/1633-022-02-06-05.png	203	coisa
7269-071/7269-071-02-01-14.png	742	em
2606-023/2606-023-01-06-10.png	345	reli-
1431-035/1431-035-02-01-03.png	149	que
2249-049/2249-049-03-04-14.png	304	de
2120-070/2120-070-04-07-08.png	281	Jins
1629-018/1629-018-04-02-04.png	199	Cabe
3636-006/3636-006-02-02-11.png	406	base
7164-105/7164-105-02-03-04.png	727	de
6110-018/6110-018-03-05-14.png	631	da
7869-045/7869-045-03-02-07.png	861	fere
0584-031/0584-031-03-06-04.png	57	às
2249-049/2249-049-02-03-06.png	304	dos
1629-018/1629-018-01-04-07.png	199	verifica-se
2673-030/2673-030-03-02-10.png	368	na
6145-016/6145-016-04-04-06.png	642	de
1632-021/1632-021-02-04-08.png	202	que
8249-018/8249-018-03-05-09.png	916	não
8056-035/8056-035-04-03-04.png	876	por
0571-018/0571-018-04-05-02.png	49	em
1680-069/1680-069-02-05-08.png	249	desses
1659-048/1659-048-01-01-12.png	228	importante
8759-047/8759-047-03-01-02.png	960	outro
8121-023/8121-023-02-05-06.png	883	favorecidas
6390-015/6390-015-02-05-15.png	645	dos
3641-011/3641-011-03-04-12.png	410	ser
0699-090/0699-090-03-06-01.png	92	do
7613-069/7613-069-01-04-11.png	816	não
8523-017/8523-017-03-05-10.png	944	de
4111-029/4111-029-04-08-05.png	448	subsídios
5822-020/5822-020-03-04-05.png	625	da
0571-018/0571-018-04-01-04.png	49	da
4448-011/4448-011-05-03-11.png	502	no
0520-020/0520-020-03-02-05.png	34	país
7282-084/7282-084-04-02-01.png	755	do
6394-019/6394-019-02-03-03.png	647	pois
1646-035/1646-035-03-05-05.png	216	Mundial
1002-028/1002-028-01-06-13.png	127	de
1731-020/1731-020-01-06-11.png	259	de
7799-031/7799-031-04-03-08.png	842	de
7981-035/7981-035-04-07-12.png	870	mentais
7263-065/7263-065-03-04-07.png	737	ao
7277-079/7277-079-03-01-11.png	750	de
2780-036/2780-036-04-08-02.png	377	das
4445-008/4445-008-02-01-07.png	501	de
7271-073/7271-073-01-01-03.png	744	do
4111-029/4111-029-02-04-10.png	448	Esse
8056-035/8056-035-03-05-14.png	876	por
0228-020/0228-020-02-03-11.png	8	pelo
8225-016/8225-016-02-03-02.png	908	do
8625-073/8625-073-03-06-06.png	951	efeito
1646-035/1646-035-03-02-02.png	216	do
4463-026/4463-026-02-02-08.png	504	na
1003-029/1003-029-04-05-15.png	128	da
1002-028/1002-028-01-04-12.png	127	que
0250-042/0250-042-02-07-06.png	19	ao
2245-045/2245-045-01-04-13.png	300	são
4980-036/4980-036-02-07-14.png	602	um
8056-035/8056-035-03-01-08.png	876	de
1627-016/1627-016-01-01-14.png	197	di-
1674-063/1674-063-02-03-04.png	243	alienista
4936-010/4936-010-02-04-09.png	598	que
0234-026/0234-026-03-05-04.png	11	na
2738-050/2738-050-04-05-12.png	371	seus
6394-019/6394-019-01-03-11.png	647	arte
0252-044/0252-044-03-07-17.png	20	difi-
8254-023/8254-023-02-03-10.png	918	por
8056-035/8056-035-03-08-08.png	876	um
7785-017/7785-017-02-03-19.png	832	sua
4928-002/4928-002-03-09-01.png	593	do
7269-071/7269-071-02-04-08.png	742	de
0667-058/0667-058-04-06-16.png	79	nas
2113-063/2113-063-03-04-13.png	278	do
1637-026/1637-026-01-03-09.png	207	problemáticas
9158-042/9158-042-03-04-01.png	976	pital
4545-108/4545-108-03-08-10.png	515	não
2485-028/2485-028-04-06-09.png	331	da
2487-030/2487-030-03-01-07.png	332	pela
4313-009/4313-009-05-05-02.png	486	Por
1446-050/1446-050-01-05-07.png	162	que
7990-044/7990-044-02-05-07.png	873	torna-se
2109-059/2109-059-04-04-02.png	275	de
7981-035/7981-035-02-03-10.png	870	acesso
4466-029/4466-029-02-04-05.png	505	de
2738-050/2738-050-03-08-11.png	371	perpetuação
2610-027/2610-027-02-01-03.png	349	plano
0761-022/0761-022-02-10-05.png	96	do
1492-037/1492-037-04-05-09.png	181	ao
7348-050/7348-050-02-02-13.png	780	atu-
7873-049/7873-049-02-06-10.png	865	prega
8120-022/8120-022-04-04-05.png	882	projetos
4928-002/4928-002-04-04-02.png	593	de
4695-258/4695-258-04-05-06.png	554	de
0254-046/0254-046-03-06-09.png	21	ela
0232-024/0232-024-02-07-14.png	10	da
4463-026/4463-026-04-06-12.png	504	que
1683-072/1683-072-02-05-02.png	252	nas
7862-038/7862-038-03-01-10.png	854	pessoas
0645-036/0645-036-03-04-04.png	68	de
6478-008/6478-008-03-05-04.png	657	pela
3040-017/3040-017-02-04-06.png	391	seu
4673-236/4673-236-02-03-02.png	546	do
1647-036/1647-036-03-09-06.png	217	enfraquecer
7868-044/7868-044-04-02-16.png	860	Com
6478-008/6478-008-02-07-02.png	657	de
0991-017/0991-017-04-05-04.png	119	do
4124-042/4124-042-02-06-22.png	461	àquela
2605-022/2605-022-03-01-07.png	344	educacional
7576-032/7576-032-02-05-11.png	798	potencializa
7576-032/7576-032-02-02-07.png	798	os
4111-029/4111-029-02-07-13.png	448	fisicamente
6800-085/6800-085-02-07-12.png	667	junto
8443-037/8443-037-03-06-12.png	922	das
4775-020/4775-020-03-04-10.png	573	de
7439-088/7439-088-03-03-02.png	787	de
6404-029/6404-029-02-08-06.png	652	têm
6907-014/6907-014-04-06-01.png	671	do
0649-040/0649-040-03-02-08.png	70	ela
0761-022/0761-022-04-09-12.png	96	do
4097-015/4097-015-04-01-09.png	436	de
2189-046/2189-046-05-03-01.png	296	beleza
4097-015/4097-015-01-03-13.png	436	mentais
1483-028/1483-028-02-07-11.png	174	da
3636-006/3636-006-02-01-09.png	406	da
7012-025/7012-025-03-04-15.png	681	da
1629-018/1629-018-02-04-13.png	199	de
9134-018/9134-018-02-04-09.png	972	Guy
0693-084/0693-084-02-03-08.png	89	de
1680-069/1680-069-02-03-01.png	249	dos
7347-049/7347-049-04-06-03.png	779	de
8121-023/8121-023-04-03-07.png	883	manutenção
7866-042/7866-042-03-03-01.png	858	mente
7981-035/7981-035-04-08-05.png	870	ideal
1680-069/1680-069-01-03-09.png	249	necessário
7978-032/7978-032-02-02-07.png	869	juízo
2679-036/2679-036-05-02-07.png	370	ele
0649-040/0649-040-02-04-12.png	70	às
2632-018/2632-018-04-02-04.png	353	às
4672-235/4672-235-06-02-06.png	545	de
4775-020/4775-020-02-07-16.png	573	do
1625-014/1625-014-03-04-13.png	195	que
7869-045/7869-045-04-04-09.png	861	saúde
4111-029/4111-029-02-08-02.png	448	qual
1663-052/1663-052-02-02-12.png	232	relação
1427-031/1427-031-02-04-05.png	146	da
7591-047/7591-047-01-03-06.png	805	no
9158-042/9158-042-04-03-01.png	976	não
9197-030/9197-030-04-02-06.png	979	ao
4929-003/4929-003-02-03-01.png	594	os
4673-236/4673-236-02-01-12.png	546	de
4235-004/4235-004-03-06-06.png	463	vez
7134-075/7134-075-04-06-03.png	700	de
7291-093/7291-093-04-05-03.png	763	por
4524-087/4524-087-02-05-10.png	513	da
8902-029/8902-029-02-05-14.png	964	que
0586-033/0586-033-03-05-11.png	58	dos
1438-042/1438-042-01-05-09.png	156	pelo
7048-011/7048-011-04-04-13.png	686	de
7993-047/7993-047-04-01-05.png	874	associado
4577-140/4577-140-03-02-15.png	523	os
0830-026/0830-026-04-09-07.png	104	que
3673-043/3673-043-05-05-01.png	425	vo
7862-038/7862-038-01-04-13.png	854	mentais
3676-046/3676-046-05-04-10.png	427	as
1729-018/1729-018-02-07-10.png	258	em
7805-037/7805-037-03-06-03.png	846	que
6142-013/6142-013-03-06-11.png	640	pela
4767-012/4767-012-03-03-03.png	570	do
8759-047/8759-047-02-06-06.png	960	vida
3040-017/3040-017-03-09-08.png	391	ter
7279-081/7279-081-02-04-03.png	752	do
4321-017/4321-017-04-04-15.png	487	as
1498-043/1498-043-02-07-08.png	186	de
2606-023/2606-023-03-02-04.png	345	psiquiátricos
8182-032/8182-032-03-03-14.png	899	se
8443-037/8443-037-04-02-02.png	922	Para
8449-043/8449-043-02-05-17.png	924	as
7433-082/7433-082-04-06-14.png	785	do
4684-247/4684-247-01-02-10.png	550	na
7871-047/7871-047-01-02-08.png	863	representam
4718-281/4718-281-04-06-03.png	556	fim
1663-052/1663-052-02-03-01.png	232	na
7862-038/7862-038-04-07-04.png	854	de
3671-041/3671-041-05-01-06.png	423	de
1656-045/1656-045-04-03-15.png	226	estigma
2186-043/2186-043-01-01-13.png	293	as
1662-051/1662-051-02-07-07.png	231	encaixavam
4847-012/4847-012-03-04-12.png	582	se
1498-043/1498-043-03-06-08.png	186	do
1660-049/1660-049-03-07-05.png	229	auxílio
1661-050/1661-050-02-01-14.png	230	pelo
8191-041/8191-041-03-01-06.png	904	de
4931-005/4931-005-03-10-11.png	596	da
2339-046/2339-046-06-02-06.png	320	os
4586-149/4586-149-03-07-05.png	525	não
4246-015/4246-015-04-04-14.png	464	aos
0651-042/0651-042-04-01-15.png	71	com
6116-024/6116-024-04-10-06.png	636	do
0683-074/0683-074-02-03-02.png	85	de
1489-034/1489-034-01-04-08.png	178	do
1684-073/1684-073-01-01-04.png	253	novo
6140-011/6140-011-02-01-12.png	639	de
5263-010/5263-010-02-03-01.png	619	do
1642-031/1642-031-01-02-14.png	212	im-
8751-039/8751-039-04-06-16.png	956	psiquiátricos
7337-039/7337-039-03-03-08.png	769	de
4466-029/4466-029-04-02-17.png	505	não-
7858-034/7858-034-02-02-04.png	850	de
2970-013/2970-013-03-04-15.png	382	empresas
1684-073/1684-073-03-09-08.png	253	são
7875-051/7875-051-02-05-11.png	867	da
7875-051/7875-051-02-01-11.png	867	pública
8759-047/8759-047-02-02-08.png	960	Nesse
0560-007/0560-007-04-06-05.png	41	do
8243-012/8243-012-03-02-14.png	911	con-
0516-016/0516-016-03-06-15.png	32	feito
8459-053/8459-053-03-06-10.png	929	de
7260-062/7260-062-02-01-13.png	735	tange
4545-108/4545-108-05-02-06.png	515	XX
4448-011/4448-011-03-05-07.png	502	que
4554-117/4554-117-04-05-08.png	517	os
4673-236/4673-236-04-03-16.png	546	no
7576-032/7576-032-01-01-18.png	798	enxergava
7556-012/7556-012-02-07-04.png	788	ela
1651-040/1651-040-01-04-09.png	221	isto
7293-095/7293-095-02-04-06.png	765	por
7132-073/7132-073-01-04-14.png	698	da
2119-069/2119-069-02-08-08.png	280	no
7282-084/7282-084-02-02-09.png	755	na
7272-074/7272-074-03-03-11.png	745	no
7343-045/7343-045-02-03-05.png	775	das
8749-037/8749-037-04-01-14.png	955	está
1425-029/1425-029-01-01-04.png	145	no
7136-077/7136-077-02-06-18.png	702	um
1630-019/1630-019-01-03-14.png	200	pela
8186-036/8186-036-03-07-08.png	901	de
8222-013/8222-013-01-06-06.png	905	desse
0578-025/0578-025-01-03-17.png	54	por
7984-038/7984-038-04-07-10.png	871	fim
2248-048/2248-048-02-04-14.png	303	os
7156-097/7156-097-04-02-09.png	719	de
1487-032/1487-032-02-03-11.png	177	de
2120-070/2120-070-02-01-07.png	281	das
8757-045/8757-045-02-05-15.png	959	por
2970-013/2970-013-01-06-01.png	382	às
7162-103/7162-103-01-04-11.png	725	Nesse
0659-050/0659-050-03-02-20.png	75	se
7984-038/7984-038-01-03-15.png	871	perpetua
8749-037/8749-037-02-05-15.png	955	para
1656-045/1656-045-03-02-10.png	226	com
1661-050/1661-050-02-07-09.png	230	no
1625-014/1625-014-04-04-05.png	195	possibilitando
8751-039/8751-039-03-07-03.png	956	mentais
7862-038/7862-038-01-01-01.png	854	Euclídes
2487-030/2487-030-04-04-09.png	332	os
7587-043/7587-043-03-03-13.png	803	por
0765-026/0765-026-02-05-11.png	98	na
7136-077/7136-077-01-03-12.png	702	além
8057-036/8057-036-02-06-09.png	877	as
8757-045/8757-045-03-03-15.png	959	Arthur
7984-038/7984-038-02-06-06.png	871	do
3669-039/3669-039-05-07-12.png	421	em
2970-013/2970-013-02-04-08.png	382	de
7275-077/7275-077-01-04-14.png	748	da
7869-045/7869-045-04-02-10.png	861	ministério
1680-069/1680-069-01-03-04.png	249	também
1632-021/1632-021-01-07-12.png	202	reprime
4930-004/4930-004-01-03-01.png	595	dro
7049-012/7049-012-02-04-05.png	687	que
7154-095/7154-095-03-06-01.png	718	que
1666-055/1666-055-03-03-15.png	235	es-
7556-012/7556-012-02-02-10.png	788	entrave
7803-035/7803-035-03-05-11.png	844	de
1003-029/1003-029-01-01-12.png	128	aú-
1622-011/1622-011-02-07-10.png	192	modo
1673-062/1673-062-04-05-08.png	242	situações
0573-020/0573-020-02-02-10.png	51	de
5263-010/5263-010-04-02-09.png	619	os
1674-063/1674-063-02-06-04.png	243	viver
1624-013/1624-013-01-05-07.png	194	pessoas
2605-022/2605-022-01-04-13.png	344	ser
4296-009/4296-009-03-01-10.png	478	pela
1660-049/1660-049-02-02-09.png	229	comorbidades
0228-020/0228-020-03-05-01.png	8	dificuldade
7589-045/7589-045-01-04-01.png	804	ao
7129-070/7129-070-03-02-13.png	695	as
4259-028/4259-028-03-03-06.png	467	pelo
2970-013/2970-013-01-06-08.png	382	Sob
1604-043/1604-043-03-05-14.png	190	pa-
1755-019/1755-019-02-04-05.png	261	de
0583-030/0583-030-01-04-08.png	56	de
4299-012/4299-012-03-06-08.png	481	as
1621-010/1621-010-02-06-02.png	191	entes
4111-029/4111-029-04-05-14.png	448	deve
3649-019/3649-019-04-03-11.png	414	do
2780-036/2780-036-03-03-15.png	377	por
3670-040/3670-040-04-08-08.png	422	as
0516-016/0516-016-04-08-04.png	32	de
2491-034/2491-034-01-03-14.png	334	que
7798-030/7798-030-02-09-02.png	841	às
4611-174/4611-174-04-04-11.png	532	no
3679-049/3679-049-03-08-10.png	430	as
4789-008/4789-008-01-01-01.png	577	No
1643-032/1643-032-02-05-03.png	213	saúde
7263-065/7263-065-01-01-04.png	737	da
7164-105/7164-105-03-03-05.png	727	as
0583-030/0583-030-02-01-07.png	56	vez
7799-031/7799-031-01-02-06.png	842	No
2374-081/2374-081-03-03-16.png	329	com
1633-022/1633-022-01-02-07.png	203	da
4111-029/4111-029-02-06-08.png	448	volume
1126-021/1126-021-02-01-06.png	131	país
7858-034/7858-034-03-02-01.png	850	enças
7348-050/7348-050-03-06-05.png	780	que
0293-015/0293-015-04-04-01.png	25	na
4111-029/4111-029-03-05-08.png	448	auxílio
3666-036/3666-036-04-01-01.png	419	Os
2977-020/2977-020-03-04-05.png	389	perca
7290-092/7290-092-03-05-03.png	762	de
7591-047/7591-047-03-02-04.png	805	todo
0514-014/0514-014-02-04-11.png	31	do
1628-017/1628-017-02-09-14.png	198	dos
4623-186/4623-186-03-07-16.png	534	luta
8902-029/8902-029-03-05-09.png	964	as
8121-023/8121-023-02-04-03.png	883	regiões
1628-017/1628-017-02-07-10.png	198	em
2670-027/2670-027-04-02-16.png	366	os
4424-102/4424-102-02-02-05.png	498	ao
6115-023/6115-023-02-07-10.png	635	que
8121-023/8121-023-01-05-05.png	883	gerar
4488-051/4488-051-02-02-13.png	507	ele
1757-021/1757-021-03-08-10.png	263	questão
0998-024/0998-024-04-03-05.png	125	de
2679-036/2679-036-05-01-06.png	370	de
0830-026/0830-026-04-09-15.png	104	fosse
1662-051/1662-051-04-06-11.png	231	que
6476-006/6476-006-04-05-13.png	656	em
6907-014/6907-014-02-07-09.png	671	de
6439-029/6439-029-02-05-05.png	655	os
4111-029/4111-029-04-02-20.png	448	Saú-
7873-049/7873-049-03-03-17.png	865	Max
1663-052/1663-052-04-04-15.png	232	psi-
1432-036/1432-036-03-02-03.png	150	dá
8757-045/8757-045-01-05-08.png	959	alguns
8120-022/8120-022-01-04-01.png	882	se
4775-020/4775-020-02-05-09.png	573	que
2104-054/2104-054-04-04-15.png	270	se
8182-032/8182-032-03-03-21.png	899	da
8751-039/8751-039-03-04-15.png	956	diversas
8121-023/8121-023-03-09-01.png	883	sensação
6946-028/6946-028-02-02-05.png	680	do
7981-035/7981-035-01-05-09.png	870	vez
7131-072/7131-072-04-05-17.png	697	ci-
9154-038/9154-038-04-02-03.png	975	de
8619-067/8619-067-04-02-05.png	948	da
4610-173/4610-173-04-06-07.png	531	no
7978-032/7978-032-03-06-11.png	869	discurso
1768-032/1768-032-03-03-18.png	269	por
7164-105/7164-105-02-01-08.png	727	dos
4773-018/4773-018-03-04-06.png	572	do
7439-088/7439-088-03-04-06.png	787	qual
0564-011/0564-011-01-04-05.png	44	social
1683-072/1683-072-03-07-07.png	252	quebra
0565-012/0565-012-04-07-07.png	45	ter
0578-025/0578-025-03-03-11.png	54	para
8904-031/8904-031-02-02-14.png	965	esses
0651-042/0651-042-03-07-07.png	71	que
4681-244/4681-244-03-02-11.png	549	Hall
2106-056/2106-056-04-09-04.png	272	que
2977-020/2977-020-04-06-09.png	389	assim
1680-069/1680-069-03-03-03.png	249	saúde
7876-052/7876-052-02-06-11.png	868	contratação
0993-019/0993-019-03-05-18.png	121	da
7799-031/7799-031-02-06-02.png	842	de
7858-034/7858-034-03-06-02.png	850	políticas
1673-062/1673-062-04-01-10.png	242	mitigar
9207-040/9207-040-04-08-05.png	983	de
7873-049/7873-049-01-05-16.png	865	enfretamento
1728-017/1728-017-02-02-01.png	257	um
4998-054/4998-054-01-08-10.png	616	da
1498-043/1498-043-02-06-04.png	186	em
1666-055/1666-055-02-02-12.png	235	temas
4936-010/4936-010-04-05-10.png	598	de
4524-087/4524-087-04-01-09.png	513	do
7621-077/7621-077-01-01-13.png	820	foi
7692-058/7692-058-03-02-12.png	824	que
1680-069/1680-069-03-03-05.png	249	população
8896-023/8896-023-04-07-02.png	961	por
1677-066/1677-066-02-06-03.png	246	intolerantes
9310-013/9310-013-02-07-02.png	995	do
6144-015/6144-015-02-01-07.png	641	que
7337-039/7337-039-04-01-04.png	769	que
4298-011/4298-011-02-01-12.png	480	de
8190-040/8190-040-01-06-06.png	903	que
4695-258/4695-258-04-03-03.png	554	de
8625-073/8625-073-03-08-06.png	951	de
6439-029/6439-029-02-02-04.png	655	isso
4263-032/4263-032-03-01-01.png	469	Em
7272-074/7272-074-03-07-07.png	745	para
4124-042/4124-042-02-08-09.png	461	franquias
1654-043/1654-043-03-07-12.png	224	essa
2489-032/2489-032-01-01-12.png	333	as
1476-021/1476-021-03-02-16.png	169	prá-
3633-003/3633-003-03-07-03.png	405	ou
8453-047/8453-047-03-01-09.png	926	de
7993-047/7993-047-04-01-02.png	874	suma
1438-042/1438-042-04-05-06.png	156	só
7286-088/7286-088-04-04-03.png	759	os
1643-032/1643-032-03-03-12.png	213	dólares
2776-032/2776-032-02-08-07.png	375	pelos
7789-021/7789-021-04-02-03.png	835	ao
0583-030/0583-030-01-02-04.png	56	Ao
0669-060/0669-060-02-03-01.png	80	se
7336-038/7336-038-02-06-08.png	768	de
4929-003/4929-003-02-03-12.png	594	União
1129-024/1129-024-02-04-08.png	134	na
2245-045/2245-045-02-01-10.png	300	pela
7170-111/7170-111-02-04-10.png	729	que
6906-013/6906-013-03-07-05.png	670	há
0218-010/0218-010-01-03-05.png	3	que
0567-014/0567-014-01-03-02.png	47	de
7576-032/7576-032-01-02-14.png	798	sua
7131-072/7131-072-02-07-01.png	697	te
7159-100/7159-100-04-06-15.png	722	cur-
0699-090/0699-090-04-03-09.png	92	hoje
7591-047/7591-047-04-01-03.png	805	portanto
1729-018/1729-018-03-05-20.png	258	mais
6408-033/6408-033-03-01-09.png	654	que
1682-071/1682-071-04-02-07.png	251	construção
1660-049/1660-049-01-06-11.png	229	governamentais
9311-014/9311-014-05-07-09.png	996	de
0647-038/0647-038-03-05-10.png	69	nos
2977-020/2977-020-04-08-10.png	389	fenômeno
8120-022/8120-022-04-02-02.png	882	de
1673-062/1673-062-01-02-01.png	242	do
8459-053/8459-053-03-01-07.png	929	da
4111-029/4111-029-01-02-01.png	448	Estado
1642-031/1642-031-04-02-07.png	212	essas
0683-074/0683-074-04-09-09.png	85	de
8121-023/8121-023-03-06-04.png	883	que
1680-069/1680-069-04-05-07.png	249	para
2606-023/2606-023-01-05-04.png	345	doenças
7587-043/7587-043-04-05-01.png	803	cipal
7269-071/7269-071-03-07-05.png	742	do
4601-164/4601-164-03-07-17.png	529	se
7871-047/7871-047-03-06-11.png	863	estigma
1680-069/1680-069-02-01-03.png	249	válido
5263-010/5263-010-05-06-02.png	619	de
1660-049/1660-049-02-06-01.png	229	petua
4247-016/4247-016-04-08-12.png	465	no
8185-035/8185-035-04-02-06.png	900	da
2184-041/2184-041-04-01-10.png	291	às
2970-013/2970-013-04-05-05.png	382	renegado
1669-058/1669-058-04-01-06.png	238	associado
3637-007/3637-007-03-06-08.png	407	por
1651-040/1651-040-03-02-13.png	221	Nessa
0260-052/0260-052-01-04-11.png	24	de
2606-023/2606-023-03-06-13.png	345	pacien-
1662-051/1662-051-02-02-10.png	231	Durante
4929-003/4929-003-03-01-05.png	594	que
4791-010/4791-010-03-05-08.png	579	falta
4767-012/4767-012-02-03-13.png	570	Tal
1632-021/1632-021-03-06-06.png	202	como
1643-032/1643-032-02-03-12.png	213	saúde
1682-071/1682-071-04-03-09.png	251	União
7576-032/7576-032-03-04-06.png	798	na
4673-236/4673-236-03-07-14.png	546	que
1126-021/1126-021-03-02-09.png	131	de
1622-011/1622-011-04-03-15.png	192	cria
1624-013/1624-013-03-05-09.png	194	deprimidos
1621-010/1621-010-03-08-04.png	191	Saúde
7439-088/7439-088-01-02-06.png	787	no
1674-063/1674-063-04-07-07.png	243	doenças
1425-029/1425-029-04-01-10.png	145	do
2784-040/2784-040-04-09-12.png	379	que
2605-022/2605-022-03-03-07.png	344	que
4601-164/4601-164-02-04-06.png	529	ao
4677-240/4677-240-04-02-06.png	547	de
1726-015/1726-015-02-02-05.png	255	Em
1677-066/1677-066-02-07-04.png	246	contingente
0997-023/0997-023-03-08-01.png	124	de
7621-077/7621-077-04-03-14.png	820	tenha
7591-047/7591-047-02-06-12.png	805	espaço
7993-047/7993-047-04-03-22.png	874	dis-
7421-070/7421-070-03-04-01.png	782	do
7990-044/7990-044-04-05-01.png	873	de
1490-035/1490-035-04-01-09.png	179	dos
2113-063/2113-063-02-03-14.png	278	estigma
2249-049/2249-049-03-08-12.png	304	do
4312-008/4312-008-02-02-07.png	485	ela
2375-082/2375-082-04-04-02.png	330	da
1725-014/1725-014-02-03-06.png	254	do
8191-041/8191-041-02-02-02.png	904	das
7869-045/7869-045-02-06-13.png	861	Isto
2970-013/2970-013-03-07-08.png	382	podem
2245-045/2245-045-04-06-06.png	300	Para
0524-024/0524-024-04-08-04.png	36	às
7053-016/7053-016-02-04-03.png	690	se
4620-183/4620-183-02-06-04.png	533	da
7859-035/7859-035-02-06-13.png	851	lidera
1649-038/1649-038-01-04-14.png	219	às
1666-055/1666-055-04-01-01.png	235	Portanto
8751-039/8751-039-03-04-06.png	956	pensador
1654-043/1654-043-02-06-06.png	224	internas
8759-047/8759-047-03-01-11.png	960	seu
0555-002/0555-002-03-08-08.png	38	qual
1123-018/1123-018-04-01-06.png	129	da
5651-034/5651-034-02-04-10.png	624	uma
2112-062/2112-062-01-03-08.png	277	Da
2497-040/2497-040-04-06-11.png	337	do
1628-017/1628-017-04-04-03.png	198	ensinem
7151-092/7151-092-04-06-01.png	715	de
4765-010/4765-010-04-03-09.png	568	de
7160-101/7160-101-02-01-11.png	723	na
0415-013/0415-013-03-06-15.png	26	de
0433-031/0433-031-05-06-12.png	30	bem
4786-005/4786-005-01-03-09.png	576	um
8120-022/8120-022-01-03-05.png	882	do
1485-030/1485-030-01-02-11.png	176	tipo
2776-032/2776-032-03-06-09.png	375	não
4111-029/4111-029-03-08-08.png	448	esse
7990-044/7990-044-03-04-09.png	873	geral
7859-035/7859-035-01-05-06.png	851	mentais
0250-042/0250-042-04-06-14.png	19	de
6392-017/6392-017-03-09-19.png	646	do
2970-013/2970-013-03-06-08.png	382	da
3641-011/3641-011-03-01-11.png	410	de
0564-011/0564-011-04-05-10.png	44	do
7861-037/7861-037-01-01-11.png	853	as
2613-030/2613-030-02-02-14.png	352	referido
7138-079/7138-079-02-07-08.png	704	no
7866-042/7866-042-03-04-12.png	858	Por-
4934-008/4934-008-02-01-07.png	597	deve
4247-016/4247-016-03-03-17.png	465	um
2606-023/2606-023-04-01-01.png	345	Em
1626-015/1626-015-01-03-06.png	196	que
4356-034/4356-034-02-02-11.png	491	Por
7269-071/7269-071-02-09-14.png	742	saúde
4303-016/4303-016-03-03-03.png	482	de
7153-094/7153-094-01-03-09.png	717	se
7268-070/7268-070-02-08-04.png	741	em
2183-040/2183-040-01-02-06.png	290	os
1759-023/1759-023-02-06-02.png	264	algo
0240-032/0240-032-02-08-13.png	14	tem
7795-027/7795-027-02-03-03.png	839	do
7873-049/7873-049-04-01-07.png	865	as
7987-041/7987-041-04-02-04.png	872	do
4598-161/4598-161-04-05-10.png	528	no
7863-039/7863-039-03-05-01.png	855	tes
0699-090/0699-090-04-08-16.png	92	as
7858-034/7858-034-03-02-02.png	850	mentais
4990-046/4990-046-04-01-05.png	610	de
2186-043/2186-043-03-08-07.png	293	os
7154-095/7154-095-04-08-05.png	718	de
8120-022/8120-022-03-06-06.png	882	de
4995-051/4995-051-02-05-09.png	613	da
8516-010/8516-010-01-01-05.png	939	do
8120-022/8120-022-01-01-05.png	882	renomada
8120-022/8120-022-02-03-07.png	882	ter
0555-002/0555-002-02-04-03.png	38	por
8254-023/8254-023-01-07-05.png	918	do
2109-059/2109-059-02-05-09.png	275	de
2610-027/2610-027-03-05-06.png	349	inveja
1448-052/1448-052-03-06-15.png	164	do
0236-028/0236-028-04-01-08.png	12	da
1643-032/1643-032-02-09-02.png	213	consequência
2369-076/2369-076-04-07-15.png	327	da
1729-018/1729-018-04-06-04.png	258	para
7864-040/7864-040-03-02-08.png	856	aquilo
0763-024/0763-024-02-04-07.png	97	são
6907-014/6907-014-01-02-13.png	671	de
1651-040/1651-040-01-06-08.png	221	promoção
2780-036/2780-036-04-01-02.png	377	no
6690-040/6690-040-01-01-01.png	663	De
4586-149/4586-149-03-04-16.png	525	as
4718-281/4718-281-03-06-12.png	556	que
1643-032/1643-032-04-03-05.png	213	na
4293-006/4293-006-03-07-04.png	476	que
7807-039/7807-039-02-01-07.png	848	no
4934-008/4934-008-04-06-07.png	597	das
1666-055/1666-055-02-06-10.png	235	social
8902-029/8902-029-03-07-05.png	964	das
8751-039/8751-039-03-01-12.png	956	aqueles
0520-020/0520-020-03-07-06.png	34	na
4934-008/4934-008-02-05-12.png	597	das
1625-014/1625-014-04-06-04.png	195	de
4298-011/4298-011-02-02-11.png	480	que
4445-008/4445-008-03-02-12.png	501	ou
4235-004/4235-004-02-05-06.png	463	por
4299-012/4299-012-05-06-08.png	481	de
7336-038/7336-038-03-09-18.png	768	de
1637-026/1637-026-04-04-05.png	207	de
0761-022/0761-022-02-05-10.png	96	tal
3679-049/3679-049-02-02-14.png	430	os
1759-023/1759-023-03-05-02.png	264	há
7869-045/7869-045-03-04-16.png	861	embora
4111-029/4111-029-02-02-10.png	448	de
1654-043/1654-043-03-01-09.png	224	doenças
7621-077/7621-077-03-02-06.png	820	como
4259-028/4259-028-03-02-12.png	467	de
7564-020/7564-020-04-02-15.png	792	de
7272-074/7272-074-02-01-13.png	745	da
4620-183/4620-183-04-04-11.png	533	de
4294-007/4294-007-04-07-15.png	477	se
8120-022/8120-022-01-06-10.png	882	consequentes
2249-049/2249-049-02-04-10.png	304	ser
2246-046/2246-046-04-04-04.png	301	Por
8191-041/8191-041-02-05-01.png	904	Han
2669-026/2669-026-02-02-08.png	365	são
1431-035/1431-035-04-02-07.png	149	da
2248-048/2248-048-01-02-04.png	303	do
7576-032/7576-032-02-03-06.png	798	dos
8904-031/8904-031-02-02-10.png	965	que
0997-023/0997-023-03-03-03.png	124	que
7136-077/7136-077-01-01-17.png	702	viés
7864-040/7864-040-04-06-03.png	856	por
8521-015/8521-015-04-04-07.png	942	de
2245-045/2245-045-04-05-04.png	300	que
3671-041/3671-041-04-01-10.png	423	de
4775-020/4775-020-01-01-08.png	573	na
4930-004/4930-004-03-03-13.png	595	de
1492-037/1492-037-01-04-04.png	181	No
4650-213/4650-213-06-03-07.png	540	de
0228-020/0228-020-01-03-05.png	8	Há
7876-052/7876-052-02-08-09.png	868	psicológico
7278-080/7278-080-04-03-06.png	751	rede
8759-047/8759-047-04-06-08.png	960	espera-se
7859-035/7859-035-03-04-02.png	851	sua
4111-029/4111-029-02-02-14.png	448	se
8751-039/8751-039-01-01-06.png	956	refletir
1662-051/1662-051-01-03-01.png	231	vernou
8241-010/8241-010-04-05-15.png	909	dos
0763-024/0763-024-03-04-01.png	97	da
7132-073/7132-073-04-03-17.png	698	da
4124-042/4124-042-03-06-06.png	461	da
7177-118/7177-118-04-06-05.png	733	de
6478-008/6478-008-04-03-16.png	657	cum
2248-048/2248-048-03-08-13.png	303	para
7873-049/7873-049-01-08-07.png	865	doenças
1725-014/1725-014-04-03-09.png	254	por
4765-010/4765-010-04-06-03.png	568	de
7993-047/7993-047-03-04-04.png	874	entram
2669-026/2669-026-02-05-07.png	365	de
7862-038/7862-038-02-04-12.png	854	XIX
9154-038/9154-038-01-03-11.png	975	que
2679-036/2679-036-03-02-04.png	370	desse
2341-048/2341-048-04-03-12.png	321	se
0990-016/0990-016-04-06-11.png	118	por
7591-047/7591-047-02-03-06.png	805	raízes
3644-014/3644-014-03-07-07.png	411	ir
7993-047/7993-047-02-06-03.png	874	volta
1626-015/1626-015-02-07-14.png	196	casos
7601-057/7601-057-04-05-06.png	810	de
8190-040/8190-040-04-03-05.png	903	de
7556-012/7556-012-02-05-12.png	788	diz
7858-034/7858-034-03-08-07.png	850	obrigado
7794-026/7794-026-04-07-10.png	838	ao
4424-102/4424-102-01-06-06.png	498	dá
4718-281/4718-281-03-03-09.png	556	não
5648-031/5648-031-04-02-05.png	621	de
7286-088/7286-088-03-05-15.png	759	dos
8625-073/8625-073-01-07-07.png	951	de
7872-048/7872-048-03-06-02.png	864	para
8625-073/8625-073-01-05-02.png	951	de
4995-051/4995-051-04-04-07.png	613	no
7791-023/7791-023-04-03-14.png	836	por
1669-058/1669-058-04-01-10.png	238	na
2666-023/2666-023-03-01-09.png	363	da
4598-161/4598-161-03-07-06.png	528	que
4294-007/4294-007-04-02-09.png	477	no
7136-077/7136-077-03-07-04.png	702	ir
4352-030/4352-030-05-02-03.png	489	que
0252-044/0252-044-04-03-09.png	20	de
2970-013/2970-013-01-01-15.png	382	Mo-
7871-047/7871-047-02-02-13.png	863	negligenciamento
4718-281/4718-281-04-02-16.png	556	aos
4448-011/4448-011-05-05-02.png	502	ao
2606-023/2606-023-01-07-10.png	345	tratamento
7424-073/7424-073-03-08-04.png	783	ir
8759-047/8759-047-04-07-11.png	960	no
1666-055/1666-055-03-07-01.png	235	cindível
4568-131/4568-131-04-02-03.png	520	ao
2485-028/2485-028-02-03-13.png	331	de
2346-053/2346-053-04-03-08.png	324	de
4695-258/4695-258-03-01-08.png	554	de
8481-075/8481-075-04-02-16.png	936	jun-
1437-041/1437-041-04-08-04.png	155	de
2780-036/2780-036-03-06-17.png	377	de
8473-067/8473-067-01-05-06.png	934	os
1652-041/1652-041-02-04-04.png	222	eficiência
2610-027/2610-027-03-03-07.png	349	usado
0252-044/0252-044-04-03-18.png	20	de
4672-235/4672-235-06-01-06.png	545	as
4482-045/4482-045-02-07-11.png	506	do
1425-029/1425-029-02-08-12.png	145	na
8471-065/8471-065-04-03-08.png	933	de
6800-085/6800-085-04-01-13.png	667	fim
8749-037/8749-037-03-04-09.png	955	que
8896-023/8896-023-03-03-01.png	961	na
0226-018/0226-018-03-11-07.png	7	da
4773-018/4773-018-04-03-15.png	572	de
4754-317/4754-317-02-01-04.png	565	do
2605-022/2605-022-04-05-14.png	344	será
4943-017/4943-017-01-01-02.png	601	de
1654-043/1654-043-01-02-01.png	224	mulher
4623-186/4623-186-02-04-08.png	534	que
1637-026/1637-026-01-02-09.png	207	mesmos
1680-069/1680-069-02-06-06.png	249	relacionada
1725-014/1725-014-04-02-05.png	254	na
7601-057/7601-057-04-07-06.png	810	Federal
7613-069/7613-069-01-03-03.png	816	trouxe
4577-140/4577-140-03-05-18.png	523	as
3651-021/3651-021-04-07-01.png	416	jeto
4689-252/4689-252-04-01-02.png	553	dos
1669-058/1669-058-02-03-08.png	238	sociedade
7993-047/7993-047-03-05-21.png	874	ex-
7158-099/7158-099-01-03-12.png	721	que
9526-010/9526-010-02-03-02.png	999	que
1429-033/1429-033-04-07-13.png	147	das
7613-069/7613-069-03-05-07.png	816	efeito
4448-011/4448-011-04-08-03.png	502	ao
8224-015/8224-015-04-08-11.png	907	há
4677-240/4677-240-02-02-14.png	547	não
1498-043/1498-043-02-02-02.png	186	dos
7052-015/7052-015-02-09-09.png	689	ao
2128-078/2128-078-02-05-01.png	287	do
4111-029/4111-029-04-02-10.png	448	isso
2248-048/2248-048-01-01-08.png	303	de
7282-084/7282-084-02-04-12.png	755	ao
2106-056/2106-056-04-02-19.png	272	lei
7160-101/7160-101-01-06-06.png	723	em
7437-086/7437-086-02-03-08.png	786	os
6113-021/6113-021-04-01-17.png	633	falta
1448-052/1448-052-04-03-01.png	164	meio
6439-029/6439-029-03-02-06.png	655	ao
6390-015/6390-015-04-06-06.png	645	fim
0238-030/0238-030-03-05-09.png	13	de
4985-041/4985-041-05-01-12.png	605	ser
6478-008/6478-008-03-05-12.png	657	ela
7163-104/7163-104-04-04-12.png	726	meio
3637-007/3637-007-04-06-10.png	407	de
8516-010/8516-010-02-09-12.png	939	por
8060-039/8060-039-04-07-11.png	878	go-
1663-052/1663-052-01-02-05.png	232	existência
5824-022/5824-022-03-03-15.png	627	de
4247-016/4247-016-02-02-04.png	465	as
1647-036/1647-036-02-04-07.png	217	do
8902-029/8902-029-01-05-01.png	964	que
4111-029/4111-029-04-02-11.png	448	são
7993-047/7993-047-02-06-13.png	874	não
2374-081/2374-081-04-04-18.png	329	de
7692-058/7692-058-03-03-02.png	824	de
1755-019/1755-019-04-05-08.png	261	da
0777-038/0777-038-05-01-17.png	103	no
7978-032/7978-032-04-05-03.png	869	disso
7613-069/7613-069-03-05-01.png	816	de
7564-020/7564-020-04-06-07.png	792	construirem
0997-023/0997-023-03-02-15.png	124	área
8451-045/8451-045-03-01-10.png	925	de
2607-024/2607-024-04-06-01.png	346	acometido
7872-048/7872-048-02-06-08.png	864	ações
2738-050/2738-050-02-09-18.png	371	da
1129-024/1129-024-03-07-01.png	134	rar
8056-035/8056-035-01-03-04.png	876	de
0639-030/0639-030-02-01-04.png	65	de
8751-039/8751-039-03-07-05.png	956	sociedade
1647-036/1647-036-04-04-03.png	217	falas
7993-047/7993-047-02-01-10.png	874	dos
4910-075/4910-075-03-08-06.png	589	os
0695-086/0695-086-03-05-07.png	90	não
4097-015/4097-015-01-06-02.png	436	mentais
8249-018/8249-018-03-07-01.png	916	go
4767-012/4767-012-04-04-12.png	570	uma
7861-037/7861-037-02-04-06.png	853	vida
8120-022/8120-022-02-03-05.png	882	além
4494-057/4494-057-02-04-03.png	509	na
7861-037/7861-037-01-04-09.png	853	Com
6394-019/6394-019-02-06-09.png	647	às
4754-317/4754-317-02-04-07.png	565	de
7014-027/7014-027-03-03-12.png	682	de
2375-082/2375-082-01-03-14.png	330	já
0524-024/0524-024-03-01-14.png	36	pre-
8619-067/8619-067-04-01-08.png	948	ao
8517-011/8517-011-03-06-09.png	940	de
7283-085/7283-085-01-04-12.png	756	de
7421-070/7421-070-03-01-11.png	782	por-
2970-013/2970-013-02-04-10.png	382	restritas
2327-034/2327-034-02-01-11.png	313	de
0250-042/0250-042-02-04-06.png	19	os
7556-012/7556-012-04-03-13.png	788	que
6690-040/6690-040-03-03-03.png	663	que
7052-015/7052-015-04-06-05.png	689	ao
6139-010/6139-010-04-02-05.png	638	são
1680-069/1680-069-03-05-04.png	249	realizada
2782-038/2782-038-05-01-02.png	378	os
4111-029/4111-029-03-02-14.png	448	saúde
0573-020/0573-020-01-01-07.png	51	uma
6408-033/6408-033-02-03-04.png	654	pela
7804-036/7804-036-02-05-12.png	845	da
8120-022/8120-022-01-04-06.png	882	6º
2673-030/2673-030-04-02-01.png	368	ção
1625-014/1625-014-02-07-01.png	195	doença
8523-017/8523-017-01-05-01.png	944	ro
1637-026/1637-026-04-03-08.png	207	informativas
6439-029/6439-029-02-03-09.png	655	nas
3652-022/3652-022-03-08-05.png	417	de
4246-015/4246-015-01-01-05.png	464	seu
7863-039/7863-039-02-05-09.png	855	da
0693-084/0693-084-02-06-17.png	89	dessa
1449-053/1449-053-03-06-11.png	165	com
4673-236/4673-236-03-07-15.png	546	os
6390-015/6390-015-02-04-07.png	645	de
1638-027/1638-027-02-06-13.png	208	que
1628-017/1628-017-04-06-12.png	198	mediante
1476-021/1476-021-04-07-14.png	169	de
3649-019/3649-019-02-08-14.png	414	às
4931-005/4931-005-02-08-02.png	596	em
1474-019/1474-019-01-01-12.png	167	do
1625-014/1625-014-01-03-11.png	195	da
0592-039/0592-039-04-06-03.png	62	na
7984-038/7984-038-02-05-03.png	871	periferização
8469-063/8469-063-03-02-07.png	932	são
7159-100/7159-100-03-03-11.png	722	um
7589-045/7589-045-03-06-13.png	804	no
2605-022/2605-022-04-01-02.png	344	evidente
7576-032/7576-032-02-04-16.png	798	em
0761-022/0761-022-05-01-11.png	96	da
2637-023/2637-023-04-07-04.png	358	aos
8185-035/8185-035-03-01-14.png	900	Nesse
7863-039/7863-039-03-01-01.png	855	Outrossim
2252-052/2252-052-01-07-06.png	306	por
7131-072/7131-072-04-07-10.png	697	as
9306-009/9306-009-04-03-15.png	992	de
4247-016/4247-016-02-04-19.png	465	da
4765-010/4765-010-04-06-01.png	568	na
0991-017/0991-017-04-03-03.png	119	de
7867-043/7867-043-02-05-08.png	859	fundamentais
1683-072/1683-072-04-01-09.png	252	da
7424-073/7424-073-02-02-04.png	783	em
0651-042/0651-042-02-04-17.png	71	da
6913-020/6913-020-02-02-12.png	675	que
2331-038/2331-038-02-09-09.png	316	de
2970-013/2970-013-01-01-14.png	382	Arte
7794-026/7794-026-03-07-03.png	838	são
1628-017/1628-017-04-01-05.png	198	associada
4980-036/4980-036-03-06-12.png	602	dos
7341-043/7341-043-01-05-05.png	773	do
7267-069/7267-069-03-04-13.png	740	na
3639-009/3639-009-04-07-11.png	409	de
1629-018/1629-018-03-05-13.png	199	para
4298-011/4298-011-03-06-06.png	480	ou
1621-010/1621-010-02-09-11.png	191	problemática
1641-030/1641-030-03-06-06.png	211	particular
8248-017/8248-017-01-01-04.png	915	Os
7144-085/7144-085-04-03-04.png	710	pela
7978-032/7978-032-03-06-06.png	869	corpo
2666-023/2666-023-03-07-11.png	363	de
8186-036/8186-036-04-08-01.png	901	so
2513-056/2513-056-02-05-06.png	341	que
6110-018/6110-018-02-03-03.png	631	há
4111-029/4111-029-02-08-09.png	448	com
2248-048/2248-048-03-02-13.png	303	alguns
2613-030/2613-030-01-03-05.png	352	de
0571-018/0571-018-01-06-21.png	49	de
0573-020/0573-020-03-09-09.png	51	ser
4677-240/4677-240-02-06-20.png	547	se
7129-070/7129-070-03-02-07.png	695	são
7805-037/7805-037-02-02-10.png	846	do
7341-043/7341-043-02-03-03.png	773	par
7613-069/7613-069-03-07-08.png	816	sala
7433-082/7433-082-03-03-08.png	785	os
7601-057/7601-057-03-02-21.png	810	que
7978-032/7978-032-03-04-12.png	869	abordagem
8467-061/8467-061-02-01-01.png	931	Em
4294-007/4294-007-03-04-01.png	477	em
1757-021/1757-021-02-08-09.png	263	da
0216-008/0216-008-02-03-15.png	2	por
6140-011/6140-011-02-05-07.png	639	da
4292-005/4292-005-05-02-06.png	475	da
1642-031/1642-031-04-03-12.png	212	por
4111-029/4111-029-02-03-05.png	448	enfermidades
7282-084/7282-084-03-01-09.png	755	que
1654-043/1654-043-01-07-12.png	224	pouco
1621-010/1621-010-01-02-16.png	191	na
1680-069/1680-069-01-04-08.png	249	as
7692-058/7692-058-01-02-10.png	824	no
4766-011/4766-011-04-03-11.png	569	tange
1677-066/1677-066-04-02-16.png	246	formular
0218-010/0218-010-03-06-19.png	3	físi-
0683-074/0683-074-03-03-04.png	85	de
9207-040/9207-040-04-09-08.png	983	de
2246-046/2246-046-03-08-01.png	301	po
4259-028/4259-028-04-01-18.png	467	na
1626-015/1626-015-03-04-15.png	196	não
1683-072/1683-072-03-03-06.png	252	transtornos
4235-004/4235-004-03-01-07.png	463	da
1485-030/1485-030-02-06-06.png	176	os
6914-021/6914-021-02-02-08.png	676	de
1627-016/1627-016-04-07-05.png	197	eles
8485-079/8485-079-02-06-09.png	938	des-
8191-041/8191-041-02-02-12.png	904	Han
0573-020/0573-020-03-08-15.png	51	para
7868-044/7868-044-02-02-05.png	860	obra
6137-008/6137-008-02-01-16.png	637	no
7601-057/7601-057-04-07-07.png	810	de
6911-018/6911-018-01-02-01.png	673	os
5651-034/5651-034-04-06-02.png	624	em
8999-013/8999-013-03-04-09.png	968	da
0252-044/0252-044-03-10-13.png	20	com
8459-053/8459-053-02-08-09.png	929	em
2375-082/2375-082-03-05-01.png	330	de
2513-056/2513-056-02-08-17.png	341	os
1633-022/1633-022-02-03-08.png	203	seu
0567-014/0567-014-03-02-01.png	47	va
0250-042/0250-042-02-05-12.png	19	do
4292-005/4292-005-05-02-02.png	475	são
6484-014/6484-014-03-04-01.png	660	de
8191-041/8191-041-01-06-11.png	904	no
7282-084/7282-084-04-04-04.png	755	de
6110-018/6110-018-04-01-06.png	631	se
3670-040/3670-040-01-01-03.png	422	lei
1485-030/1485-030-02-02-11.png	176	No
4856-021/4856-021-05-06-05.png	583	em
0683-074/0683-074-04-06-12.png	85	de
4097-015/4097-015-02-03-09.png	436	Michael
7282-084/7282-084-03-02-18.png	755	sua
9154-038/9154-038-04-04-08.png	975	por
1656-045/1656-045-04-01-08.png	226	ao
4679-242/4679-242-02-05-10.png	548	do
8996-010/8996-010-04-04-01.png	966	do
4673-236/4673-236-02-03-11.png	546	ao
4554-117/4554-117-03-06-13.png	517	de
2327-034/2327-034-03-12-05.png	313	do
7794-026/7794-026-03-03-09.png	838	da
1469-014/1469-014-01-03-12.png	166	má
2610-027/2610-027-04-02-03.png	349	dever
7601-057/7601-057-02-01-01.png	810	Em
2776-032/2776-032-03-05-09.png	375	por
0667-058/0667-058-02-05-16.png	79	de
0830-026/0830-026-03-01-08.png	104	pela
6113-021/6113-021-01-03-12.png	633	que
7132-073/7132-073-03-06-02.png	698	faz
4412-090/4412-090-01-03-15.png	494	ao
3669-039/3669-039-04-05-05.png	421	que
2977-020/2977-020-04-10-02.png	389	na
6478-008/6478-008-04-01-02.png	657	cabe
8904-031/8904-031-01-02-15.png	965	portar
0990-016/0990-016-04-01-02.png	118	vista
8900-027/8900-027-04-06-10.png	963	que
4111-029/4111-029-02-02-13.png	448	que
8120-022/8120-022-01-03-11.png	882	Para
7277-079/7277-079-02-06-07.png	750	de
1487-032/1487-032-03-04-15.png	177	da
1659-048/1659-048-03-08-07.png	228	Desse
0555-002/0555-002-04-01-11.png	38	são
0574-021/0574-021-02-11-04.png	52	se
5822-020/5822-020-02-02-05.png	625	colonial
1666-055/1666-055-03-03-01.png	235	equilíbrio
0240-032/0240-032-03-02-12.png	14	de
7344-046/7344-046-02-03-06.png	776	por
1626-015/1626-015-02-03-05.png	196	do
8749-037/8749-037-03-07-11.png	955	tecido
1621-010/1621-010-04-02-14.png	191	Câmara
7872-048/7872-048-01-04-06.png	864	sociedade
2605-022/2605-022-03-06-04.png	344	relações
7868-044/7868-044-02-03-03.png	860	produtividade
7863-039/7863-039-03-02-01.png	855	de
4673-236/4673-236-01-03-14.png	546	opõe
0830-026/0830-026-05-02-16.png	104	tudo
1622-011/1622-011-01-03-10.png	192	expressionista
4929-003/4929-003-04-04-13.png	594	na
1662-051/1662-051-01-05-01.png	231	conceito
8625-073/8625-073-04-04-11.png	951	de
1136-031/1136-031-04-06-12.png	138	no
6402-027/6402-027-02-03-02.png	651	da
2605-022/2605-022-02-07-07.png	344	devem
4598-161/4598-161-03-05-10.png	528	ter
9158-042/9158-042-03-01-15.png	976	no
7277-079/7277-079-04-08-09.png	750	de
7135-076/7135-076-03-03-02.png	701	há
1669-058/1669-058-04-01-11.png	238	sociedade
6914-021/6914-021-04-04-07.png	676	lugar
7340-042/7340-042-02-01-14.png	772	men-
7170-111/7170-111-04-08-12.png	729	ao
2249-049/2249-049-02-06-12.png	304	seja
4775-020/4775-020-01-05-11.png	573	para
8749-037/8749-037-04-03-15.png	955	Saúde
8467-061/8467-061-02-08-05.png	931	no
7261-063/7261-063-04-07-06.png	736	ser
1680-069/1680-069-02-04-07.png	249	algum
3679-049/3679-049-04-08-06.png	430	da
1674-063/1674-063-04-06-11.png	243	ações
1646-035/1646-035-03-03-11.png	216	populacional
2970-013/2970-013-01-04-12.png	382	da
7613-069/7613-069-04-03-14.png	816	quantida
4775-020/4775-020-03-04-03.png	573	foi
2607-024/2607-024-01-04-07.png	346	direito
7424-073/7424-073-03-05-02.png	783	as
3641-011/3641-011-01-06-09.png	410	que
4424-102/4424-102-04-09-14.png	498	do
7601-057/7601-057-02-04-04.png	810	de
7876-052/7876-052-03-07-02.png	868	sinais
8516-010/8516-010-03-03-08.png	939	de
8459-053/8459-053-03-01-05.png	929	na
4982-038/4982-038-03-02-13.png	604	de
8463-057/8463-057-04-07-08.png	930	em
6915-022/6915-022-04-03-02.png	677	de
7872-048/7872-048-01-02-13.png	864	de
1669-058/1669-058-03-07-01.png	238	alidade
8625-073/8625-073-03-06-05.png	951	Um
7175-116/7175-116-04-02-06.png	732	do
7591-047/7591-047-03-08-10.png	805	não
8186-036/8186-036-02-01-01.png	901	Em
8619-067/8619-067-03-05-10.png	948	se
1680-069/1680-069-01-02-11.png	249	não
7564-020/7564-020-03-03-12.png	792	inclui
8443-037/8443-037-02-05-12.png	922	que
4518-081/4518-081-05-05-05.png	512	ele
7049-012/7049-012-04-05-14.png	687	de
0705-096/0705-096-04-04-10.png	94	da
7621-077/7621-077-04-06-04.png	820	por
7858-034/7858-034-03-04-10.png	850	manteve
2249-049/2249-049-01-05-06.png	304	em
7585-041/7585-041-01-04-08.png	802	parcela
4124-042/4124-042-01-01-03.png	461	susto
2372-079/2372-079-04-04-15.png	328	em
4259-028/4259-028-02-04-15.png	467	sobre
2605-022/2605-022-01-01-04.png	344	poeta
8747-035/8747-035-01-01-02.png	954	obra
7152-093/7152-093-03-01-12.png	716	uma
8749-037/8749-037-01-01-06.png	955	em
7587-043/7587-043-02-01-08.png	803	urbanização
0990-016/0990-016-01-04-04.png	118	da
4930-004/4930-004-03-01-04.png	595	de
3669-039/3669-039-05-04-07.png	421	ou
1662-051/1662-051-02-04-07.png	231	cada
6914-021/6914-021-04-03-02.png	676	por
2110-060/2110-060-04-03-03.png	276	de
0639-030/0639-030-01-02-13.png	65	as
7141-082/7141-082-04-02-11.png	707	da
7876-052/7876-052-03-06-14.png	868	ní-
0681-072/0681-072-02-01-12.png	84	uma
1449-053/1449-053-03-01-10.png	165	da
8523-017/8523-017-02-10-13.png	944	os
7156-097/7156-097-01-04-04.png	719	de
4783-002/4783-002-02-07-04.png	575	ele
0574-021/0574-021-03-06-14.png	52	do
1476-021/1476-021-02-02-14.png	169	ao
6116-024/6116-024-03-03-04.png	636	que
1637-026/1637-026-02-01-14.png	207	aversão
4111-029/4111-029-02-09-05.png	448	problema
4445-008/4445-008-03-02-08.png	501	de
1654-043/1654-043-03-06-08.png	224	milhões
7861-037/7861-037-02-07-03.png	853	de
0520-020/0520-020-02-04-10.png	34	época
7048-011/7048-011-04-03-01.png	686	de
4234-003/4234-003-03-03-09.png	462	que
7798-030/7798-030-04-06-05.png	841	da
1637-026/1637-026-02-06-18.png	207	acor
0765-026/0765-026-03-05-04.png	98	os
6402-027/6402-027-02-01-11.png	651	nos
1628-017/1628-017-02-05-12.png	198	sensação
1627-016/1627-016-03-03-07.png	197	já
0687-078/0687-078-03-03-06.png	86	de
1684-073/1684-073-01-01-12.png	253	separados
7437-086/7437-086-03-03-12.png	786	da
4936-010/4936-010-03-02-01.png	598	so
4790-009/4790-009-01-03-17.png	578	por
0258-050/0258-050-03-02-10.png	23	de
3670-040/3670-040-02-04-15.png	422	de
4743-306/4743-306-02-08-10.png	561	de
1651-040/1651-040-04-05-05.png	221	por
4931-005/4931-005-02-01-01.png	596	Em
1683-072/1683-072-03-05-08.png	252	Latina
0639-030/0639-030-02-01-13.png	65	das
7785-017/7785-017-02-06-10.png	832	dos
7589-045/7589-045-02-05-12.png	804	na
0520-020/0520-020-04-02-01.png	34	falta
7174-115/7174-115-02-01-12.png	731	de
7858-034/7858-034-04-01-10.png	850	Ministério
4931-005/4931-005-04-01-16.png	596	ao
1663-052/1663-052-01-01-11.png	232	conhecida
6394-019/6394-019-02-03-17.png	647	no
7437-086/7437-086-04-07-12.png	786	de
1601-040/1601-040-02-08-12.png	189	em
2335-042/2335-042-02-06-02.png	318	de
4790-009/4790-009-04-04-12.png	578	da
7437-086/7437-086-01-04-04.png	786	se
7871-047/7871-047-02-02-14.png	863	Cos-
4934-008/4934-008-01-03-13.png	597	per
8449-043/8449-043-02-05-01.png	924	gação
8747-035/8747-035-03-07-07.png	954	inscrita
7867-043/7867-043-02-09-11.png	859	que
7869-045/7869-045-04-05-08.png	861	propagandas
2252-052/2252-052-03-05-07.png	306	pela
4494-057/4494-057-04-06-01.png	509	pero
6113-021/6113-021-04-07-09.png	633	dos
4934-008/4934-008-02-07-16.png	597	por
8999-013/8999-013-03-05-13.png	968	es-
1674-063/1674-063-01-04-02.png	243	devido
1674-063/1674-063-03-07-04.png	243	sobre
4574-137/4574-137-01-01-06.png	522	do
1449-053/1449-053-02-04-01.png	165	sui
0520-020/0520-020-03-03-04.png	34	deve
1633-022/1633-022-04-04-11.png	203	de
2339-046/2339-046-02-09-12.png	320	se
7131-072/7131-072-04-07-14.png	697	ao
1677-066/1677-066-04-01-05.png	246	mitigar
0586-033/0586-033-03-05-13.png	58	em
0997-023/0997-023-02-01-06.png	124	papel
7724-090/7724-090-03-03-07.png	831	de
4577-140/4577-140-03-06-02.png	523	em
1449-053/1449-053-03-04-01.png	165	ção
7272-074/7272-074-01-01-01.png	745	No
6404-029/6404-029-04-09-01.png	652	ça
4427-105/4427-105-02-07-10.png	499	às
2108-058/2108-058-03-07-10.png	274	de
4910-075/4910-075-03-02-14.png	589	ide-
0260-052/0260-052-04-06-14.png	24	seus
9306-009/9306-009-01-03-14.png	992	Com
4646-209/4646-209-05-02-04.png	539	do
1437-041/1437-041-01-01-05.png	155	sete
8182-032/8182-032-03-05-04.png	899	No
7871-047/7871-047-03-04-11.png	863	Guy
1729-018/1729-018-01-07-03.png	258	mas
2248-048/2248-048-03-02-10.png	303	da
0647-038/0647-038-01-04-07.png	69	de
2372-079/2372-079-01-03-03.png	328	se
0240-032/0240-032-04-05-08.png	14	de
1469-014/1469-014-02-05-04.png	166	de
4412-090/4412-090-01-01-07.png	494	cânone
1763-027/1763-027-02-06-09.png	266	que
1483-028/1483-028-01-04-05.png	174	de
1498-043/1498-043-03-05-08.png	186	de
1677-066/1677-066-04-03-09.png	246	doenças
8898-025/8898-025-03-02-10.png	962	age
7601-057/7601-057-01-05-21.png	810	como
2632-018/2632-018-04-08-09.png	353	que
8185-035/8185-035-04-02-13.png	900	men-
7799-031/7799-031-04-08-14.png	842	os
7286-088/7286-088-03-08-09.png	759	para
2368-075/2368-075-02-02-14.png	326	da
1674-063/1674-063-04-04-02.png	243	doenças
6906-013/6906-013-02-04-12.png	670	com
4601-164/4601-164-02-05-13.png	529	ao
1483-028/1483-028-01-05-01.png	174	da
7984-038/7984-038-04-05-04.png	871	ser
7564-020/7564-020-04-02-12.png	792	políticas
8245-014/8245-014-04-04-03.png	913	nas
2491-034/2491-034-03-03-10.png	334	de
8747-035/8747-035-01-04-05.png	954	aborda
7286-088/7286-088-01-01-07.png	759	cela
6115-023/6115-023-04-03-03.png	635	que
4743-306/4743-306-01-04-06.png	561	que
1650-039/1650-039-01-01-19.png	220	Ao
3636-006/3636-006-03-04-13.png	406	de
2610-027/2610-027-01-03-07.png	349	pessoas
4998-054/4998-054-03-04-05.png	616	um
7152-093/7152-093-04-03-01.png	716	ção
1625-014/1625-014-02-06-12.png	195	esteriótipo
1673-062/1673-062-04-01-04.png	242	que
7053-016/7053-016-02-06-10.png	690	dos
4677-240/4677-240-02-08-07.png	547	são
0586-033/0586-033-01-04-04.png	58	seu
1729-018/1729-018-02-07-02.png	258	da
5263-010/5263-010-04-08-04.png	619	pois
3651-021/3651-021-03-01-13.png	416	dos
7859-035/7859-035-03-01-10.png	851	nos
2120-070/2120-070-03-07-17.png	281	de
5262-009/5262-009-03-04-20.png	618	que
8121-023/8121-023-01-01-14.png	883	di-
2113-063/2113-063-04-04-10.png	278	da
0228-020/0228-020-01-02-11.png	8	país
1490-035/1490-035-04-05-08.png	179	de
0252-044/0252-044-02-04-05.png	20	do
2738-050/2738-050-03-06-10.png	371	se
1654-043/1654-043-04-03-06.png	224	todos
0234-026/0234-026-04-05-15.png	11	da
7282-084/7282-084-02-01-15.png	755	com
4488-051/4488-051-05-02-01.png	507	da
8759-047/8759-047-04-09-02.png	960	estará
3652-022/3652-022-04-04-12.png	417	que
3637-007/3637-007-03-03-19.png	407	de
7858-034/7858-034-02-08-04.png	850	denunciada
8120-022/8120-022-02-02-08.png	882	Cultural
1666-055/1666-055-02-03-05.png	235	que
0244-036/0244-036-03-06-06.png	16	haja
2607-024/2607-024-04-04-09.png	346	transtornos
1666-055/1666-055-02-04-05.png	235	mentais
1662-051/1662-051-02-07-10.png	231	vigente
1661-050/1661-050-03-09-08.png	230	tratamento
1628-017/1628-017-01-01-19.png	198	relativos
1627-016/1627-016-02-07-10.png	197	busca
4235-004/4235-004-03-07-07.png	463	da
5824-022/5824-022-03-07-09.png	627	que
0216-008/0216-008-03-01-04.png	2	no
6690-040/6690-040-01-04-10.png	663	que
6906-013/6906-013-01-02-02.png	670	foi
1627-016/1627-016-03-01-10.png	197	deteriorada
1626-015/1626-015-02-05-03.png	196	igualmente
2124-074/2124-074-04-06-11.png	285	da
8453-047/8453-047-02-08-05.png	926	no
8517-011/8517-011-02-05-15.png	940	de
8121-023/8121-023-01-01-01.png	883	De
7872-048/7872-048-03-05-04.png	864	em
7871-047/7871-047-03-06-08.png	863	contexto
4990-046/4990-046-04-02-15.png	610	têm
7993-047/7993-047-01-05-03.png	874	característica
1621-010/1621-010-02-04-17.png	191	Estado
2119-069/2119-069-03-06-10.png	280	de
0990-016/0990-016-04-08-14.png	118	no
1441-045/1441-045-04-06-07.png	158	no
1448-052/1448-052-01-05-07.png	164	tal
7984-038/7984-038-03-05-17.png	871	País
1763-027/1763-027-01-01-08.png	266	as
0252-044/0252-044-02-02-04.png	20	dos
1489-034/1489-034-02-06-02.png	178	que
1622-011/1622-011-04-08-04.png	192	trilhará
2634-020/2634-020-03-04-04.png	355	de
4299-012/4299-012-03-07-15.png	481	os
1633-022/1633-022-04-03-06.png	203	novelas
1649-038/1649-038-02-03-09.png	219	que
1650-039/1650-039-01-04-07.png	220	tal
6914-021/6914-021-03-07-04.png	676	este
2183-040/2183-040-01-04-09.png	290	na
8120-022/8120-022-04-02-16.png	882	obrigatória
1437-041/1437-041-01-04-05.png	155	os
1621-010/1621-010-03-04-13.png	191	quem
1601-040/1601-040-04-07-02.png	189	de
0701-092/0701-092-02-07-11.png	93	por
3632-002/3632-002-01-08-01.png	404	ção
0775-036/0775-036-02-12-10.png	102	ter
7858-034/7858-034-04-01-12.png	850	saúde
6484-014/6484-014-02-06-01.png	660	por
7564-020/7564-020-02-08-09.png	792	Milton
4601-164/4601-164-05-03-14.png	529	não
7556-012/7556-012-03-07-03.png	788	fim
1757-021/1757-021-01-06-08.png	263	dos
5825-023/5825-023-05-03-11.png	628	que
1649-038/1649-038-03-04-05.png	219	dos
4695-258/4695-258-01-03-01.png	554	dia
4718-281/4718-281-01-02-01.png	556	de
4554-117/4554-117-04-03-11.png	517	por
0705-096/0705-096-04-04-14.png	94	âm-
1755-019/1755-019-03-08-09.png	261	no
1449-053/1449-053-03-01-15.png	165	não
8222-013/8222-013-03-06-10.png	905	de
1638-027/1638-027-03-06-07.png	208	divulgado
7556-012/7556-012-02-08-03.png	788	tornar
7798-030/7798-030-02-04-06.png	841	que
0514-014/0514-014-01-01-09.png	31	tem
8441-035/8441-035-01-02-14.png	921	do
1661-050/1661-050-04-05-01.png	230	ção
2970-013/2970-013-02-02-04.png	382	de
0560-007/0560-007-04-06-16.png	41	em
2634-020/2634-020-01-06-06.png	355	na
0592-039/0592-039-02-07-13.png	62	da
4936-010/4936-010-02-01-11.png	598	fator
7175-116/7175-116-03-06-16.png	732	de
8757-045/8757-045-03-02-14.png	959	afetam
6907-014/6907-014-02-09-21.png	671	isso
2369-076/2369-076-01-06-05.png	327	dos
4294-007/4294-007-03-09-09.png	477	guia
5651-034/5651-034-03-03-13.png	624	de
1729-018/1729-018-01-06-13.png	258	que
6110-018/6110-018-02-08-04.png	631	se
1643-032/1643-032-01-02-13.png	213	que
8447-041/8447-041-03-03-12.png	923	que
3670-040/3670-040-06-01-03.png	422	de
7564-020/7564-020-01-04-12.png	792	problemática
7591-047/7591-047-04-03-05.png	805	exemplo
0998-024/0998-024-02-02-01.png	125	as
7873-049/7873-049-01-04-09.png	865	presidente
0657-048/0657-048-03-05-14.png	74	já
7993-047/7993-047-04-04-16.png	874	os
1136-031/1136-031-02-05-07.png	138	que
7804-036/7804-036-03-01-14.png	845	de
7556-012/7556-012-03-03-01.png	788	elitização
7157-098/7157-098-03-03-04.png	720	Sob
0641-032/0641-032-03-05-09.png	66	das
7131-072/7131-072-04-06-16.png	697	de
4445-008/4445-008-04-07-02.png	501	do
2632-018/2632-018-04-05-05.png	353	por
1625-014/1625-014-03-05-01.png	195	2017
4748-311/4748-311-02-07-05.png	564	os
7260-062/7260-062-01-03-02.png	735	de
8749-037/8749-037-04-03-06.png	955	Federal
1647-036/1647-036-03-06-18.png	217	mo-
1446-050/1446-050-03-07-04.png	162	de
6800-085/6800-085-01-03-14.png	667	que
6402-027/6402-027-03-03-05.png	651	da
3650-020/3650-020-02-03-04.png	415	que
7589-045/7589-045-03-02-07.png	804	garante
6144-015/6144-015-01-04-09.png	641	se
1659-048/1659-048-04-02-15.png	228	do
7587-043/7587-043-03-01-11.png	803	enfrenta
7046-009/7046-009-01-05-17.png	685	fre-
2245-045/2245-045-01-03-05.png	300	dom
2129-079/2129-079-03-04-04.png	288	por
7576-032/7576-032-03-03-07.png	798	regiões
5651-034/5651-034-03-04-07.png	624	seu
7141-082/7141-082-04-03-04.png	707	de
4536-099/4536-099-02-01-08.png	514	no
8459-053/8459-053-01-08-03.png	929	ser
0520-020/0520-020-03-03-01.png	34	Muito
4610-173/4610-173-03-05-05.png	531	de
8443-037/8443-037-03-06-06.png	922	no
1474-019/1474-019-03-05-15.png	167	que
1621-010/1621-010-03-04-05.png	191	entendimento
8467-061/8467-061-04-04-09.png	931	na
7862-038/7862-038-01-05-12.png	854	intensificado
1684-073/1684-073-02-01-02.png	253	quando
7433-082/7433-082-03-04-12.png	785	ser
7804-036/7804-036-04-06-01.png	845	ao
2772-028/2772-028-04-03-14.png	373	que
4988-044/4988-044-02-02-08.png	608	os
7152-093/7152-093-02-06-06.png	716	em
1469-014/1469-014-03-04-04.png	166	os
2606-023/2606-023-01-03-11.png	345	XXI
7876-052/7876-052-01-03-04.png	868	confrontar
7861-037/7861-037-02-10-10.png	853	do
4247-016/4247-016-03-05-03.png	465	que
4775-020/4775-020-02-05-10.png	573	as
1763-027/1763-027-03-06-12.png	266	há
2130-080/2130-080-02-03-15.png	289	de
7981-035/7981-035-02-01-07.png	870	combater
1651-040/1651-040-04-04-12.png	221	nos
7348-050/7348-050-04-04-05.png	780	pela
4611-174/4611-174-04-07-10.png	532	do
7151-092/7151-092-03-02-04.png	715	do
4740-303/4740-303-01-02-12.png	560	que
0763-024/0763-024-02-05-09.png	97	de
2368-075/2368-075-04-03-02.png	326	por
1651-040/1651-040-03-01-06.png	221	vistos
1677-066/1677-066-04-03-02.png	246	plano
3636-006/3636-006-01-05-08.png	406	em
5823-021/5823-021-04-05-08.png	626	são
4773-018/4773-018-03-05-09.png	572	às
4783-002/4783-002-04-04-13.png	575	pelo
8249-018/8249-018-02-03-15.png	916	do
0699-090/0699-090-02-03-07.png	92	de
7136-077/7136-077-01-01-15.png	702	Sob
6408-033/6408-033-03-05-10.png	654	os
2738-050/2738-050-01-02-08.png	371	independente
4265-034/4265-034-03-04-02.png	470	no
4929-003/4929-003-01-05-05.png	594	falta
1651-040/1651-040-02-05-09.png	221	transtornos
2368-075/2368-075-01-06-04.png	326	de
6394-019/6394-019-04-07-07.png	647	por
2606-023/2606-023-02-01-08.png	345	em
0570-017/0570-017-04-03-09.png	48	de
8449-043/8449-043-01-02-06.png	924	seu
0564-011/0564-011-04-01-09.png	44	no
1661-050/1661-050-04-02-07.png	230	conteúdos
8469-063/8469-063-03-04-12.png	932	falta
7159-100/7159-100-02-01-01.png	722	Em
4930-004/4930-004-01-03-18.png	595	ela
1489-034/1489-034-04-04-09.png	178	de
1487-032/1487-032-03-03-06.png	177	de
6390-015/6390-015-02-08-01.png	645	ção
2634-020/2634-020-01-05-01.png	355	os
8243-012/8243-012-02-03-06.png	911	na
0238-030/0238-030-02-04-12.png	13	da
7132-073/7132-073-02-05-03.png	698	as
7159-100/7159-100-02-06-04.png	722	no
7862-038/7862-038-02-01-12.png	854	saúde
4494-057/4494-057-02-02-07.png	509	ao
8222-013/8222-013-02-01-16.png	905	fa-
0583-030/0583-030-02-05-13.png	56	imer-
7785-017/7785-017-03-07-13.png	832	fator
1662-051/1662-051-02-03-06.png	231	um
7858-034/7858-034-01-03-15.png	850	de
1128-023/1128-023-03-03-06.png	133	já
7556-012/7556-012-02-05-04.png	788	globalização
1214-021/1214-021-02-09-10.png	141	Logo
7156-097/7156-097-01-05-05.png	719	de
6390-015/6390-015-02-02-08.png	645	no
7585-041/7585-041-04-01-12.png	802	hiato
1633-022/1633-022-01-04-05.png	203	não
0260-052/0260-052-01-06-02.png	24	em
1642-031/1642-031-04-09-08.png	212	Dessa
1498-043/1498-043-02-04-03.png	186	de
2977-020/2977-020-03-04-03.png	389	tempo
1650-039/1650-039-04-01-02.png	220	verifica-se
7131-072/7131-072-04-07-07.png	697	aos
4298-011/4298-011-04-07-16.png	480	faz
4494-057/4494-057-02-06-02.png	509	de
6478-008/6478-008-01-03-18.png	657	viés
7591-047/7591-047-04-02-11.png	805	expandir
1601-040/1601-040-04-03-08.png	189	meio
0641-032/0641-032-02-06-10.png	66	de
0566-013/0566-013-01-06-01.png	46	do
1630-019/1630-019-02-01-05.png	200	notónio
2109-059/2109-059-02-02-05.png	275	tempo
4783-002/4783-002-02-09-09.png	575	que
1656-045/1656-045-01-01-16.png	226	analisar
1604-043/1604-043-03-07-14.png	190	ou
0567-014/0567-014-04-03-03.png	47	da
6914-021/6914-021-03-07-06.png	676	Para
7984-038/7984-038-03-03-07.png	871	enfraquecida
1674-063/1674-063-03-07-03.png	243	estabelecidos
6942-024/6942-024-03-08-10.png	678	ao
1729-018/1729-018-04-01-19.png	258	criar
4673-236/4673-236-01-06-13.png	546	em
4673-236/4673-236-01-03-05.png	546	da
7876-052/7876-052-04-02-02.png	868	incentivos
7136-077/7136-077-04-05-08.png	702	uma
1437-041/1437-041-01-01-11.png	155	de
7425-074/7425-074-03-02-10.png	784	de
7867-043/7867-043-03-02-07.png	859	para
0228-020/0228-020-03-07-03.png	8	por
2104-054/2104-054-02-05-05.png	270	de
2639-025/2639-025-03-08-08.png	360	de
7978-032/7978-032-04-02-15.png	869	país
8749-037/8749-037-04-05-07.png	955	as
4936-010/4936-010-04-05-04.png	598	deve
8904-031/8904-031-03-04-14.png	965	sua
5823-021/5823-021-03-09-04.png	626	nação
6478-008/6478-008-04-02-09.png	657	por
0579-026/0579-026-03-04-06.png	55	nas
7589-045/7589-045-04-04-09.png	804	estabelecimentos
2772-028/2772-028-03-03-06.png	373	daí
2334-041/2334-041-01-09-10.png	317	da
7336-038/7336-038-04-02-08.png	768	de
1627-016/1627-016-01-01-08.png	197	saúde
1633-022/1633-022-01-06-08.png	203	invisibilidade
0252-044/0252-044-02-07-06.png	20	útil
1641-030/1641-030-03-01-01.png	211	Ademais
0228-020/0228-020-01-06-12.png	8	de
7987-041/7987-041-04-02-09.png	872	de
1632-021/1632-021-03-06-13.png	202	importância
0765-026/0765-026-01-08-05.png	98	de
7269-071/7269-071-02-06-14.png	742	da
7340-042/7340-042-03-05-15.png	772	do-
1682-071/1682-071-03-06-03.png	251	fundamental
1215-022/1215-022-04-07-16.png	142	tais
7868-044/7868-044-02-01-08.png	860	do
8999-013/8999-013-03-03-01.png	968	sé
0226-018/0226-018-04-03-11.png	7	do
7799-031/7799-031-04-07-08.png	842	de
7156-097/7156-097-04-04-07.png	719	ser
4743-306/4743-306-02-05-19.png	561	de
1469-014/1469-014-02-07-01.png	166	tive
3679-049/3679-049-04-02-08.png	430	seu
1215-022/1215-022-03-08-05.png	142	da
7587-043/7587-043-04-05-07.png	803	públicos
9526-010/9526-010-03-09-03.png	999	de
7807-039/7807-039-03-05-13.png	848	aos
7785-017/7785-017-04-04-14.png	832	de
7012-025/7012-025-01-04-06.png	681	às
6439-029/6439-029-03-05-10.png	655	das
9158-042/9158-042-02-03-04.png	976	que
7867-043/7867-043-01-05-05.png	859	os
2613-030/2613-030-03-04-05.png	352	psicológicos
1622-011/1622-011-02-02-08.png	192	filósofo
1684-073/1684-073-03-07-05.png	253	baixa
2186-043/2186-043-03-02-11.png	293	um
2375-082/2375-082-02-02-18.png	330	e-
7863-039/7863-039-04-03-08.png	855	em
4673-236/4673-236-04-02-08.png	546	pela
4313-009/4313-009-03-07-12.png	486	mas
1485-030/1485-030-03-03-11.png	176	que
1489-034/1489-034-02-04-03.png	178	em
0555-002/0555-002-02-08-12.png	38	não
2106-056/2106-056-04-06-05.png	272	de
7154-095/7154-095-03-08-01.png	718	ção
7798-030/7798-030-01-03-15.png	841	das
4124-042/4124-042-04-08-19.png	461	da
1641-030/1641-030-04-05-05.png	211	Ministério
1474-019/1474-019-03-06-11.png	167	esse
7862-038/7862-038-02-04-15.png	854	Freud
1674-063/1674-063-02-07-04.png	243	social
7601-057/7601-057-01-05-11.png	810	infraestrutura
7576-032/7576-032-04-06-07.png	798	de
0516-016/0516-016-04-05-13.png	32	de
7556-012/7556-012-02-02-01.png	788	des
1651-040/1651-040-02-01-03.png	221	permanência
2738-050/2738-050-01-04-03.png	371	preconceito
7794-026/7794-026-02-09-01.png	838	são
1660-049/1660-049-02-09-01.png	229	Nesse
2606-023/2606-023-01-01-05.png	345	na
8439-033/8439-033-03-04-10.png	920	Por
4930-004/4930-004-01-05-13.png	595	para
4790-009/4790-009-01-03-07.png	578	desse
0667-058/0667-058-03-02-12.png	79	em
4900-065/4900-065-02-01-14.png	588	por
7174-115/7174-115-01-04-08.png	731	de
7589-045/7589-045-03-07-07.png	804	estatal
7807-039/7807-039-04-03-08.png	848	dos
4518-081/4518-081-04-01-11.png	512	da
6946-028/6946-028-03-06-05.png	680	tais
2123-073/2123-073-01-08-06.png	284	ser
1659-048/1659-048-02-09-06.png	228	de
4412-090/4412-090-01-04-02.png	494	visto
7859-035/7859-035-02-08-05.png	851	tal
6139-010/6139-010-02-01-15.png	638	ma-
6142-013/6142-013-03-03-06.png	640	fonte
7340-042/7340-042-02-06-15.png	772	Tal
4847-012/4847-012-05-01-07.png	582	de
7154-095/7154-095-01-03-15.png	718	que
4294-007/4294-007-05-02-09.png	477	de
0424-022/0424-022-02-07-07.png	28	na
7795-027/7795-027-01-01-15.png	839	de
8467-061/8467-061-03-01-15.png	931	preci-
7141-082/7141-082-02-07-13.png	707	de
2246-046/2246-046-03-05-14.png	301	entre
4929-003/4929-003-02-07-17.png	594	filme
7163-104/7163-104-04-03-16.png	726	com
4985-041/4985-041-03-09-08.png	605	não
5824-022/5824-022-02-04-05.png	627	que
6906-013/6906-013-01-04-06.png	670	não
3647-017/3647-017-04-07-08.png	412	de
2369-076/2369-076-04-02-13.png	327	que
4482-045/4482-045-02-05-07.png	506	na
7872-048/7872-048-02-01-10.png	864	de
8747-035/8747-035-02-02-07.png	954	problemas
4931-005/4931-005-03-02-08.png	596	da
1642-031/1642-031-01-01-03.png	212	filósofo
1663-052/1663-052-03-05-02.png	232	as
0244-036/0244-036-04-01-02.png	16	conseguinte
8120-022/8120-022-04-02-11.png	882	aquisição
7875-051/7875-051-02-04-05.png	867	saúde
1629-018/1629-018-04-04-13.png	199	que
2329-036/2329-036-04-09-11.png	314	que
1652-041/1652-041-01-04-02.png	222	excesso
1624-013/1624-013-03-01-10.png	194	Judith
1661-050/1661-050-01-03-12.png	230	no
2667-024/2667-024-04-03-08.png	364	de
8485-079/8485-079-04-02-04.png	938	ao
1627-016/1627-016-04-06-05.png	197	população
1647-036/1647-036-03-06-16.png	217	iniciou
0428-026/0428-026-01-10-09.png	29	do
1266-040/1266-040-01-04-07.png	143	às
6906-013/6906-013-03-02-10.png	670	de
4936-010/4936-010-03-05-06.png	598	as
1481-026/1481-026-04-05-10.png	172	de
2331-038/2331-038-03-09-08.png	316	os
1626-015/1626-015-02-08-11.png	196	forma
1624-013/1624-013-01-05-01.png	194	mente
1663-052/1663-052-04-05-11.png	232	de
8449-043/8449-043-04-02-01.png	924	ro
7875-051/7875-051-04-01-07.png	867	às
7866-042/7866-042-03-05-01.png	858	tanto
7621-077/7621-077-03-01-10.png	820	democratização
4247-016/4247-016-01-02-14.png	465	esse
1637-026/1637-026-01-05-07.png	207	Pirâmide
7862-038/7862-038-02-02-15.png	854	respeito
7587-043/7587-043-02-02-09.png	803	tecnológica
7981-035/7981-035-01-02-01.png	870	tes
7791-023/7791-023-03-03-04.png	836	que
2246-046/2246-046-01-01-10.png	301	de
7859-035/7859-035-01-01-08.png	851	no
5826-024/5826-024-05-03-03.png	629	essa
1651-040/1651-040-04-02-11.png	221	minimizar
8747-035/8747-035-03-05-03.png	954	produtivas
1663-052/1663-052-02-08-02.png	232	de
4294-007/4294-007-05-02-02.png	477	de
7585-041/7585-041-02-02-13.png	802	Sob
6137-008/6137-008-04-03-12.png	637	de
1651-040/1651-040-03-02-05.png	221	necessário
0583-030/0583-030-02-03-13.png	56	vi-
1633-022/1633-022-03-04-10.png	203	filósofa
4673-236/4673-236-03-03-05.png	546	que
8898-025/8898-025-02-03-13.png	962	da
8443-037/8443-037-01-02-04.png	922	era
7175-116/7175-116-04-06-13.png	732	com
2511-054/2511-054-04-07-12.png	340	ao
4298-011/4298-011-03-08-06.png	480	no
0216-008/0216-008-03-07-20.png	2	de
2776-032/2776-032-03-10-06.png	375	de
7795-027/7795-027-03-04-02.png	839	de
4754-317/4754-317-04-03-06.png	565	por
7858-034/7858-034-04-03-02.png	850	do
4518-081/4518-081-03-06-13.png	512	países
1682-071/1682-071-02-08-13.png	251	viés
9201-034/9201-034-03-03-08.png	981	de
2189-046/2189-046-05-03-09.png	296	de
7591-047/7591-047-04-02-12.png	805	tal
6137-008/6137-008-04-06-21.png	637	de
7875-051/7875-051-03-03-06.png	867	por
1757-021/1757-021-01-02-03.png	263	uma
7277-079/7277-079-01-02-12.png	750	das
1683-072/1683-072-03-06-04.png	252	Saúde
2679-036/2679-036-06-01-14.png	370	se
6478-008/6478-008-02-08-01.png	657	ra
1628-017/1628-017-04-03-04.png	198	distúrbios
0993-019/0993-019-01-04-01.png	121	há
7722-088/7722-088-02-08-02.png	830	na
1425-029/1425-029-01-03-13.png	145	vezes
0763-024/0763-024-03-08-06.png	97	de
1757-021/1757-021-03-05-02.png	263	social
6702-052/6702-052-01-04-11.png	665	no
7621-077/7621-077-04-01-04.png	820	evidente
0258-050/0258-050-03-10-03.png	23	da
0565-012/0565-012-04-03-06.png	45	em
7291-093/7291-093-04-02-04.png	763	da
1637-026/1637-026-04-02-07.png	207	Estado
4677-240/4677-240-01-05-08.png	547	por
7272-074/7272-074-02-06-10.png	745	da
1447-051/1447-051-03-01-02.png	163	por
0574-021/0574-021-04-04-02.png	52	por
8121-023/8121-023-03-04-04.png	883	alguma
1666-055/1666-055-02-04-12.png	235	longo
8120-022/8120-022-03-03-09.png	882	estudo
4408-086/4408-086-01-03-10.png	493	que
1656-045/1656-045-04-03-07.png	226	do
1666-055/1666-055-01-05-13.png	235	doenças
0524-024/0524-024-02-06-10.png	36	que
0228-020/0228-020-02-06-18.png	8	dig-
1646-035/1646-035-03-08-08.png	216	um
0516-016/0516-016-02-07-06.png	32	papel
1126-021/1126-021-04-05-04.png	131	no
7136-077/7136-077-02-02-18.png	702	Poder
1214-021/1214-021-02-03-10.png	141	da
4545-108/4545-108-03-10-13.png	515	longo
7163-104/7163-104-02-02-05.png	726	que
2778-034/2778-034-03-03-13.png	376	or-
1683-072/1683-072-02-05-04.png	252	criando
2109-059/2109-059-02-08-13.png	275	dos
2368-075/2368-075-03-02-02.png	326	na
7145-086/7145-086-04-03-12.png	711	de
6140-011/6140-011-02-03-07.png	639	ao
7348-050/7348-050-01-06-05.png	780	em
1660-049/1660-049-02-05-11.png	229	população
1626-015/1626-015-01-02-11.png	196	de
1729-018/1729-018-03-02-05.png	258	do
3673-043/3673-043-02-01-04.png	425	os
1663-052/1663-052-01-06-10.png	232	enfermidades
1680-069/1680-069-02-03-13.png	249	Nessa
2786-042/2786-042-04-07-09.png	380	da
0524-024/0524-024-02-06-11.png	36	falar
7049-012/7049-012-02-08-01.png	687	de
7862-038/7862-038-01-03-05.png	854	atual
8057-036/8057-036-04-06-04.png	877	das
1601-040/1601-040-02-02-10.png	189	que
5823-021/5823-021-03-05-06.png	626	de
0571-018/0571-018-01-06-16.png	49	de
8749-037/8749-037-04-08-01.png	955	pagandas
7868-044/7868-044-04-01-04.png	860	uma
4424-102/4424-102-04-04-06.png	498	de
7866-042/7866-042-04-03-07.png	858	Educação
7864-040/7864-040-03-04-04.png	856	escolas
0705-096/0705-096-01-04-05.png	94	de
9201-034/9201-034-04-02-07.png	981	de
1649-038/1649-038-04-06-02.png	219	por
7421-070/7421-070-02-06-13.png	782	da
7275-077/7275-077-01-04-15.png	748	fal-
4518-081/4518-081-03-05-14.png	512	eco
3682-052/3682-052-03-03-04.png	433	um
7859-035/7859-035-04-02-07.png	851	saúde
4783-002/4783-002-02-06-16.png	575	ele
4111-029/4111-029-04-04-17.png	448	estrutura
8120-022/8120-022-03-04-13.png	882	Fernand
4936-010/4936-010-02-03-17.png	598	Nesse
8522-016/8522-016-03-05-11.png	943	as
1633-022/1633-022-03-07-02.png	203	de
6394-019/6394-019-04-03-06.png	647	em
2784-040/2784-040-03-08-13.png	379	da
8751-039/8751-039-04-07-02.png	956	fito
4653-216/4653-216-03-01-10.png	541	se
8749-037/8749-037-03-07-12.png	955	social
2374-081/2374-081-01-06-21.png	329	para
3638-008/3638-008-02-06-04.png	408	de
1680-069/1680-069-03-02-07.png	249	em
4577-140/4577-140-04-03-06.png	523	da
0555-002/0555-002-02-04-05.png	38	na
1637-026/1637-026-02-03-10.png	207	eurocêntrica
1444-048/1444-048-03-03-14.png	160	de
1498-043/1498-043-03-02-02.png	186	do
4321-017/4321-017-03-05-02.png	487	que
7798-030/7798-030-03-08-09.png	841	das
7601-057/7601-057-03-07-15.png	810	um
4986-042/4986-042-03-04-02.png	606	da
7046-009/7046-009-04-05-14.png	685	por
4097-015/4097-015-02-08-01.png	436	SUS
0240-032/0240-032-03-01-08.png	14	por
1652-041/1652-041-02-10-01.png	222	os
8898-025/8898-025-04-05-07.png	962	pela
1654-043/1654-043-02-07-11.png	224	de
4448-011/4448-011-04-05-01.png	502	tro
7869-045/7869-045-02-05-12.png	861	ao
1660-049/1660-049-04-01-07.png	229	necessitam
2613-030/2613-030-04-02-04.png	352	lúdicas
4482-045/4482-045-02-07-14.png	506	dá
7343-045/7343-045-03-03-05.png	775	de
1650-039/1650-039-02-02-10.png	220	família
6137-008/6137-008-03-05-17.png	637	objetos
1646-035/1646-035-03-05-06.png	216	da
7346-048/7346-048-02-02-05.png	778	no
6946-028/6946-028-03-01-03.png	680	que
1646-035/1646-035-03-04-16.png	216	brasileiros
4558-121/4558-121-04-07-08.png	518	Logo
4624-187/4624-187-04-07-12.png	535	de
7791-023/7791-023-01-01-04.png	836	do
2246-046/2246-046-01-01-05.png	301	no
1002-028/1002-028-04-06-13.png	127	Só
4677-240/4677-240-01-02-14.png	547	da
1666-055/1666-055-04-03-04.png	235	abertos
7154-095/7154-095-03-08-12.png	718	no
8621-069/8621-069-03-02-11.png	950	de
7145-086/7145-086-04-03-01.png	711	rias
1650-039/1650-039-02-05-22.png	220	ce-
6140-011/6140-011-02-04-12.png	639	de
1669-058/1669-058-02-07-01.png	238	dade
7794-026/7794-026-01-04-06.png	838	de
7858-034/7858-034-03-07-12.png	850	enquanto
1661-050/1661-050-04-01-11.png	230	ao
1651-040/1651-040-02-06-07.png	221	frescura
7012-025/7012-025-03-05-16.png	681	de
1682-071/1682-071-03-05-03.png	251	os
7993-047/7993-047-04-03-01.png	874	so
1647-036/1647-036-03-04-09.png	217	que
7336-038/7336-038-03-01-09.png	768	dos
4929-003/4929-003-01-05-22.png	594	das
2368-075/2368-075-01-03-12.png	326	falta
8057-036/8057-036-04-02-12.png	877	da
8191-041/8191-041-03-07-15.png	904	ce-
7807-039/7807-039-04-03-05.png	848	da
4677-240/4677-240-02-06-12.png	547	do
8242-011/8242-011-04-01-05.png	910	conta
7049-012/7049-012-04-01-13.png	687	das
4418-096/4418-096-03-04-11.png	497	que
8467-061/8467-061-01-02-02.png	931	polo
4721-284/4721-284-03-04-07.png	558	de
4097-015/4097-015-01-03-10.png	436	tratamento
1661-050/1661-050-04-04-06.png	230	ao
7867-043/7867-043-04-04-09.png	859	para
1674-063/1674-063-02-05-09.png	243	comunidades
0641-032/0641-032-02-03-03.png	66	ao
1642-031/1642-031-01-07-05.png	212	problemática
1663-052/1663-052-02-04-11.png	232	nem
2491-034/2491-034-04-04-07.png	334	Em
8898-025/8898-025-04-04-03.png	962	Isso
4985-041/4985-041-04-04-12.png	605	são
8998-012/8998-012-01-06-14.png	967	ou-
7804-036/7804-036-02-08-09.png	845	do
1485-030/1485-030-02-02-18.png	176	pois
7556-012/7556-012-02-02-08.png	788	torna-se
1485-030/1485-030-02-03-13.png	176	aos
0777-038/0777-038-03-05-18.png	103	um
1731-020/1731-020-02-06-11.png	259	por
2106-056/2106-056-04-06-03.png	272	de
1621-010/1621-010-02-03-14.png	191	qualidade
0226-018/0226-018-03-08-09.png	7	de
6392-017/6392-017-04-05-17.png	646	além
2738-050/2738-050-01-03-02.png	371	que
4583-146/4583-146-03-07-05.png	524	do
7868-044/7868-044-01-04-09.png	860	campos
7873-049/7873-049-03-03-14.png	865	pensamento
7796-028/7796-028-02-02-05.png	840	pois
8516-010/8516-010-04-02-01.png	939	do
1677-066/1677-066-02-06-07.png	246	aos
1637-026/1637-026-04-06-11.png	207	sociais
7864-040/7864-040-01-06-08.png	856	políticos
5826-024/5826-024-03-06-05.png	629	dos
4412-090/4412-090-03-03-04.png	494	na
1427-031/1427-031-03-06-05.png	146	os
1759-023/1759-023-01-03-14.png	264	De
4847-012/4847-012-04-07-05.png	582	os
4356-034/4356-034-05-02-03.png	491	de
4767-012/4767-012-02-05-05.png	570	do
0777-038/0777-038-04-01-01.png	103	Em
7576-032/7576-032-01-04-08.png	798	país
2607-024/2607-024-02-08-01.png	346	ca
2738-050/2738-050-03-07-09.png	371	deficiência
7437-086/7437-086-04-04-07.png	786	de
4689-252/4689-252-04-01-09.png	553	da
7282-084/7282-084-03-03-12.png	755	ser
4356-034/4356-034-03-07-07.png	491	de
8757-045/8757-045-04-03-10.png	959	aspectos
8242-011/8242-011-04-06-07.png	910	na
7564-020/7564-020-03-05-03.png	792	que
7876-052/7876-052-03-04-09.png	868	devida
0516-016/0516-016-04-09-08.png	32	do
1628-017/1628-017-01-04-08.png	198	felicidade
2774-030/2774-030-04-02-04.png	374	ser
7587-043/7587-043-04-05-02.png	803	estadual
6112-020/6112-020-02-03-03.png	632	Pierre
7978-032/7978-032-04-06-03.png	869	de
1755-019/1755-019-02-02-11.png	261	viés
7722-088/7722-088-01-01-14.png	830	de
9307-010/9307-010-01-02-09.png	993	do
8246-015/8246-015-02-07-09.png	914	que
0424-022/0424-022-04-05-15.png	28	do
1682-071/1682-071-04-06-10.png	251	de
1650-039/1650-039-01-02-17.png	220	os
0428-026/0428-026-01-10-01.png	29	por
5822-020/5822-020-04-05-01.png	625	só
2491-034/2491-034-04-07-08.png	334	de
1729-018/1729-018-04-01-14.png	258	cabe
2129-079/2129-079-03-09-09.png	288	do
1628-017/1628-017-03-03-14.png	198	atualmente
7868-044/7868-044-02-01-06.png	860	as
7591-047/7591-047-04-05-05.png	805	lazer
0665-056/0665-056-01-05-01.png	78	de
8224-015/8224-015-01-02-15.png	907	Nesse
2613-030/2613-030-03-01-05.png	352	Teoria
7859-035/7859-035-02-06-14.png	851	com
8443-037/8443-037-02-02-05.png	922	que
7981-035/7981-035-04-01-05.png	870	são
1663-052/1663-052-03-06-10.png	232	compreendidas
2249-049/2249-049-04-01-13.png	304	às
8516-010/8516-010-02-02-10.png	939	de
2605-022/2605-022-02-04-02.png	344	Bauman
7049-012/7049-012-01-02-12.png	687	do
4934-008/4934-008-02-09-17.png	597	pode
4259-028/4259-028-03-06-08.png	467	de
8121-023/8121-023-03-05-11.png	883	cinema
7589-045/7589-045-01-03-14.png	804	no
2246-046/2246-046-04-03-21.png	301	que
2738-050/2738-050-02-01-04.png	371	com
4321-017/4321-017-04-03-01.png	487	tua
2374-081/2374-081-03-09-03.png	329	do
1431-035/1431-035-03-06-04.png	149	em
7702-068/7702-068-01-06-10.png	826	pela
0560-007/0560-007-04-03-02.png	41	de
7876-052/7876-052-04-02-05.png	868	área
0224-016/0224-016-02-07-04.png	6	em
2970-013/2970-013-02-01-10.png	382	Oswald
1659-048/1659-048-01-01-13.png	228	passo
7162-103/7162-103-02-06-05.png	725	que
2639-025/2639-025-04-03-09.png	360	com
4775-020/4775-020-03-04-05.png	573	pela
8467-061/8467-061-02-05-01.png	931	etc
8747-035/8747-035-02-03-14.png	954	os
1654-043/1654-043-04-01-09.png	224	as
7591-047/7591-047-04-04-01.png	805	logia
7177-118/7177-118-01-01-03.png	733	de
7987-041/7987-041-01-01-12.png	872	os
1729-018/1729-018-03-06-09.png	258	com
9306-009/9306-009-03-07-09.png	992	ser
0254-046/0254-046-02-02-14.png	21	ter
1755-019/1755-019-01-04-17.png	261	neces-
0584-031/0584-031-01-05-01.png	57	de
8469-063/8469-063-02-03-11.png	932	as
1002-028/1002-028-03-09-10.png	127	por
1481-026/1481-026-03-04-04.png	172	ao
7791-023/7791-023-03-06-13.png	836	quais
1441-045/1441-045-03-06-15.png	158	no
7421-070/7421-070-04-06-07.png	782	de
1642-031/1642-031-04-05-04.png	212	os
1622-011/1622-011-04-01-14.png	192	associado
1683-072/1683-072-03-10-02.png	252	realidade
4773-018/4773-018-01-04-14.png	572	não
7993-047/7993-047-04-02-19.png	874	de
7875-051/7875-051-03-04-10.png	867	contraditó-
9201-034/9201-034-03-01-13.png	981	ou
4980-036/4980-036-02-08-01.png	602	de
7869-045/7869-045-01-04-11.png	861	problema
0415-013/0415-013-01-03-12.png	26	se
1625-014/1625-014-04-08-13.png	195	Assim
7288-090/7288-090-02-03-13.png	761	fato
8254-023/8254-023-04-05-01.png	918	todo
2124-074/2124-074-04-05-03.png	285	por
7132-073/7132-073-02-04-02.png	698	da
4765-010/4765-010-04-02-14.png	568	da
0669-060/0669-060-01-05-15.png	80	às
4623-186/4623-186-02-06-04.png	534	de
0993-019/0993-019-01-05-07.png	121	que
7591-047/7591-047-02-04-08.png	805	informação
1669-058/1669-058-03-01-08.png	238	Por
5824-022/5824-022-04-02-17.png	627	as
6110-018/6110-018-02-05-17.png	631	João
4427-105/4427-105-03-01-12.png	499	de
5648-031/5648-031-02-03-10.png	621	em
4765-010/4765-010-04-04-16.png	568	de
1629-018/1629-018-03-05-14.png	199	di-
4773-018/4773-018-01-05-02.png	572	por
1643-032/1643-032-03-03-11.png	213	de
1755-019/1755-019-02-02-10.png	261	Nesse
8249-018/8249-018-03-04-19.png	916	socie-
4259-028/4259-028-02-07-12.png	467	de
8253-022/8253-022-03-01-13.png	917	as
7871-047/7871-047-01-03-03.png	863	real
4740-303/4740-303-02-01-11.png	560	de
4111-029/4111-029-04-05-15.png	448	fazer
4111-029/4111-029-03-02-07.png	448	em
4463-026/4463-026-05-01-08.png	504	que
7858-034/7858-034-04-03-01.png	850	Família
1684-073/1684-073-02-06-11.png	253	transtornos
2670-027/2670-027-02-05-17.png	366	de
0260-052/0260-052-03-08-09.png	24	dos
7052-015/7052-015-04-05-16.png	689	fa-
8619-067/8619-067-02-07-08.png	948	os
2186-043/2186-043-02-01-06.png	293	papel
7336-038/7336-038-03-09-12.png	768	que
7978-032/7978-032-02-01-06.png	869	que
8904-031/8904-031-03-04-05.png	965	de
7576-032/7576-032-01-04-04.png	798	no
7132-073/7132-073-01-03-01.png	698	fica
4623-186/4623-186-05-05-04.png	534	foi
7160-101/7160-101-04-04-16.png	723	pela
0645-036/0645-036-03-04-05.png	68	sua
1641-030/1641-030-04-04-19.png	211	presente
8182-032/8182-032-01-02-11.png	899	de
3040-017/3040-017-04-05-03.png	391	em
2491-034/2491-034-03-05-09.png	334	faz
1490-035/1490-035-04-05-14.png	179	fim
0592-039/0592-039-04-04-06.png	62	as
1632-021/1632-021-02-04-07.png	202	para
8121-023/8121-023-03-07-11.png	883	forma
8749-037/8749-037-04-06-06.png	955	ensino
4408-086/4408-086-02-04-13.png	493	bra-
7556-012/7556-012-02-01-04.png	788	que
2327-034/2327-034-02-05-01.png	313	ele
2634-020/2634-020-02-04-01.png	355	dos
7589-045/7589-045-02-01-11.png	804	exibição
7576-032/7576-032-03-05-01.png	798	dade
4111-029/4111-029-04-07-17.png	448	da
2738-050/2738-050-03-06-17.png	371	ensino
2317-024/2317-024-03-11-07.png	307	de
4720-283/4720-283-02-06-06.png	557	ao
2511-054/2511-054-01-03-05.png	340	não
6390-015/6390-015-04-06-13.png	645	Com
7621-077/7621-077-01-06-03.png	820	no
7791-023/7791-023-01-05-02.png	836	que
4427-105/4427-105-04-08-04.png	499	de
1628-017/1628-017-02-07-14.png	198	de
0588-035/0588-035-04-03-17.png	59	do
8759-047/8759-047-04-09-05.png	960	seu
1448-052/1448-052-04-05-07.png	164	mais
0667-058/0667-058-01-05-02.png	79	vez
4930-004/4930-004-03-07-05.png	595	uma
6408-033/6408-033-04-02-15.png	654	cine-
1266-040/1266-040-02-02-10.png	143	foi
0683-074/0683-074-04-07-13.png	85	de
3636-006/3636-006-04-02-12.png	406	haja
4856-021/4856-021-03-10-09.png	583	este
7587-043/7587-043-03-07-11.png	803	artes
0586-033/0586-033-01-02-08.png	58	ele
7868-044/7868-044-04-07-01.png	860	cionando
4934-008/4934-008-03-07-12.png	597	Logo
8459-053/8459-053-01-02-11.png	929	de
2605-022/2605-022-01-04-04.png	344	relação
8447-041/8447-041-01-02-04.png	923	de
1650-039/1650-039-03-06-02.png	220	na
0240-032/0240-032-01-01-13.png	14	os
1425-029/1425-029-01-03-09.png	145	por
7863-039/7863-039-03-02-04.png	855	Vida
0214-006/0214-006-02-01-08.png	1	de
7170-111/7170-111-03-08-01.png	729	visto
2784-040/2784-040-02-05-19.png	379	dá
0571-018/0571-018-04-08-16.png	49	ao
1624-013/1624-013-02-05-06.png	194	Dessa
7174-115/7174-115-01-03-13.png	731	do
1759-023/1759-023-02-04-12.png	264	pode
3636-006/3636-006-01-07-12.png	406	uma
7858-034/7858-034-02-07-03.png	850	saúde
2613-030/2613-030-02-01-06.png	352	problemas
1677-066/1677-066-04-07-02.png	246	da
4571-134/4571-134-04-05-03.png	521	em
1632-021/1632-021-01-04-01.png	202	supostamente
4577-140/4577-140-02-03-12.png	523	para
2119-069/2119-069-04-02-12.png	280	de
6392-017/6392-017-03-01-08.png	646	que
4463-026/4463-026-04-04-11.png	504	ser
0669-060/0669-060-01-06-06.png	80	ao
4936-010/4936-010-03-03-16.png	598	com
8453-047/8453-047-01-02-11.png	926	do
0238-030/0238-030-04-02-14.png	13	junto
1654-043/1654-043-03-06-13.png	224	da-
2497-040/2497-040-01-02-14.png	337	de
1682-071/1682-071-02-09-10.png	251	urgente
7862-038/7862-038-04-06-09.png	854	uso
4980-036/4980-036-04-03-13.png	602	que
8900-027/8900-027-03-03-07.png	963	se
4408-086/4408-086-04-01-04.png	493	fim
8120-022/8120-022-03-01-06.png	882	histórica
7794-026/7794-026-02-01-07.png	838	em
1652-041/1652-041-04-04-01.png	222	diante
6392-017/6392-017-02-03-06.png	646	tal
2497-040/2497-040-02-04-02.png	337	de
0657-048/0657-048-04-03-14.png	74	de
2106-056/2106-056-04-02-08.png	272	que
7872-048/7872-048-02-03-04.png	864	desordens
4929-003/4929-003-03-02-07.png	594	Marx
4746-309/4746-309-01-03-13.png	563	Bra-
7425-074/7425-074-04-07-11.png	784	dos
7162-103/7162-103-03-06-07.png	725	ao
0588-035/0588-035-04-05-06.png	59	do
4412-090/4412-090-04-08-04.png	494	do
1649-038/1649-038-01-01-10.png	219	Nausée
8443-037/8443-037-03-06-01.png	922	do
1766-030/1766-030-04-03-13.png	268	das
8749-037/8749-037-04-04-05.png	955	meio
2782-038/2782-038-02-04-09.png	378	se
7154-095/7154-095-04-04-05.png	718	de
1656-045/1656-045-02-06-16.png	226	indivíduos
6439-029/6439-029-04-05-08.png	655	de
1674-063/1674-063-02-01-12.png	243	para
0573-020/0573-020-03-09-04.png	51	com
2129-079/2129-079-04-03-14.png	288	que
2104-054/2104-054-03-05-18.png	270	no
4928-002/4928-002-03-09-13.png	593	se
2780-036/2780-036-03-04-11.png	377	da
6392-017/6392-017-04-02-01.png	646	ne
7872-048/7872-048-03-06-14.png	864	compromete
7587-043/7587-043-04-04-11.png	803	três
9154-038/9154-038-01-05-04.png	975	tão
7862-038/7862-038-04-04-02.png	854	nos
9158-042/9158-042-02-02-02.png	976	no
1660-049/1660-049-02-04-05.png	229	abordados
7145-086/7145-086-03-02-02.png	711	ao
3652-022/3652-022-02-05-20.png	417	esca-
0567-014/0567-014-03-09-07.png	47	do
4930-004/4930-004-02-03-10.png	595	Em
2249-049/2249-049-03-09-04.png	304	da
1604-043/1604-043-03-04-08.png	190	que
7589-045/7589-045-04-07-16.png	804	pri-
8121-023/8121-023-01-04-09.png	883	favorecidos
1633-022/1633-022-02-04-01.png	203	livro
0586-033/0586-033-03-07-13.png	58	um
4929-003/4929-003-03-05-08.png	594	dessa
0236-028/0236-028-04-03-18.png	12	do
1447-051/1447-051-03-07-18.png	163	os
7556-012/7556-012-04-02-01.png	788	atribuições
7866-042/7866-042-04-08-01.png	858	males
4884-049/4884-049-02-01-03.png	587	já
1003-029/1003-029-01-01-01.png	128	Na
7132-073/7132-073-03-03-18.png	698	arte
1666-055/1666-055-01-02-02.png	235	infância
4312-008/4312-008-03-03-06.png	485	um
1641-030/1641-030-04-08-17.png	211	ideologia
1674-063/1674-063-02-03-03.png	243	pelo
4936-010/4936-010-02-02-01.png	598	ao
8996-010/8996-010-04-01-01.png	966	Por
0224-016/0224-016-01-01-08.png	6	foi
1643-032/1643-032-01-02-02.png	213	um
7276-078/7276-078-02-05-14.png	749	pela
0761-022/0761-022-02-08-11.png	96	na
1656-045/1656-045-03-07-10.png	226	há
3042-019/3042-019-03-06-09.png	392	de
7156-097/7156-097-04-06-03.png	719	fim
5263-010/5263-010-04-03-12.png	619	as
2246-046/2246-046-03-01-03.png	301	dos
1654-043/1654-043-02-09-06.png	224	também
0566-013/0566-013-04-01-06.png	46	da
4111-029/4111-029-04-02-05.png	448	problemas
0993-019/0993-019-04-02-04.png	121	Para
4791-010/4791-010-04-01-06.png	579	que
0579-026/0579-026-04-06-11.png	55	que
1646-035/1646-035-03-08-17.png	216	uma
7160-101/7160-101-04-07-11.png	723	de
2786-042/2786-042-04-07-12.png	380	vez
6394-019/6394-019-04-02-05.png	647	ao
7987-041/7987-041-04-08-06.png	872	da
4767-012/4767-012-04-03-03.png	570	ao
7282-084/7282-084-04-03-04.png	755	com
1646-035/1646-035-02-02-15.png	216	questão
2186-043/2186-043-01-06-01.png	293	rar
0560-007/0560-007-01-01-01.png	41	No
4928-002/4928-002-03-04-09.png	593	que
2109-059/2109-059-04-02-13.png	275	que
1632-021/1632-021-04-03-04.png	202	nas
1684-073/1684-073-03-04-17.png	253	profissionais
4718-281/4718-281-01-04-11.png	556	que
7270-072/7270-072-02-01-01.png	743	De
7990-044/7990-044-02-05-11.png	873	aqueles
7866-042/7866-042-01-03-06.png	858	padecia
0567-014/0567-014-03-04-01.png	47	do
2322-029/2322-029-03-01-03.png	311	de
7621-077/7621-077-01-01-10.png	820	Horkheimer
6478-008/6478-008-03-01-09.png	657	pelas
1621-010/1621-010-02-02-06.png	191	visando
8463-057/8463-057-04-02-10.png	930	pelo
4765-010/4765-010-02-03-08.png	568	que
5648-031/5648-031-02-06-14.png	621	co-
4934-008/4934-008-01-02-20.png	597	no
7266-068/7266-068-02-02-09.png	739	Essa
7576-032/7576-032-02-04-17.png	798	cartaz
1469-014/1469-014-04-02-09.png	166	que
7990-044/7990-044-02-06-08.png	873	estabelecido
7981-035/7981-035-02-01-03.png	870	cenário
8621-069/8621-069-04-07-09.png	950	as
7348-050/7348-050-04-03-12.png	780	nas
7793-025/7793-025-01-05-05.png	837	os
1469-014/1469-014-03-05-14.png	166	como
8443-037/8443-037-03-08-14.png	922	de
1661-050/1661-050-02-04-13.png	230	social
4672-235/4672-235-03-05-01.png	545	dição
7012-025/7012-025-03-08-01.png	681	to
0763-024/0763-024-03-01-11.png	97	para
8751-039/8751-039-04-05-16.png	956	conscientizar
7867-043/7867-043-04-01-12.png	859	por
3652-022/3652-022-02-03-22.png	417	in-
6144-015/6144-015-03-04-10.png	641	tal
1485-030/1485-030-02-05-05.png	176	no
1437-041/1437-041-02-02-02.png	155	do
1469-014/1469-014-02-06-04.png	166	pelo
5822-020/5822-020-02-01-15.png	625	de
8516-010/8516-010-03-04-14.png	939	go-
8443-037/8443-037-02-08-07.png	922	que
1442-046/1442-046-01-04-12.png	159	às
1214-021/1214-021-04-04-06.png	141	nos
1651-040/1651-040-03-06-03.png	221	transtornos
7012-025/7012-025-03-03-07.png	681	um
2607-024/2607-024-02-02-04.png	346	vida
7873-049/7873-049-04-01-09.png	865	mentais
1628-017/1628-017-01-04-09.png	198	constante
2784-040/2784-040-02-01-06.png	379	dos
2252-052/2252-052-02-03-02.png	306	Dib
7138-079/7138-079-03-05-01.png	704	de
1650-039/1650-039-03-01-03.png	220	análise
7564-020/7564-020-02-02-04.png	792	cinematográfico
7978-032/7978-032-02-07-16.png	869	frescura
7876-052/7876-052-04-02-12.png	868	psicológico
6139-010/6139-010-03-06-03.png	638	que
2605-022/2605-022-04-03-04.png	344	país
4765-010/4765-010-02-01-09.png	568	que
7621-077/7621-077-02-03-10.png	820	privilegiada
7157-098/7157-098-04-01-04.png	720	os
4934-008/4934-008-02-02-20.png	597	da
7587-043/7587-043-01-03-13.png	803	amplia-
7591-047/7591-047-03-05-01.png	805	esta
7864-040/7864-040-01-05-11.png	856	recebendo
1624-013/1624-013-02-07-01.png	194	deixam
7862-038/7862-038-01-02-13.png	854	assustadora
4313-009/4313-009-03-02-15.png	486	de
4988-044/4988-044-02-03-06.png	608	que
4303-016/4303-016-03-06-05.png	482	de
1637-026/1637-026-04-01-03.png	207	conclui-se
4294-007/4294-007-03-09-04.png	477	pois
8896-023/8896-023-01-01-04.png	961	grito
7338-040/7338-040-04-03-11.png	770	da
4789-008/4789-008-02-05-04.png	577	do
1755-019/1755-019-03-04-12.png	261	sem
0695-086/0695-086-01-06-01.png	90	um
2246-046/2246-046-02-02-01.png	301	go
8439-033/8439-033-02-04-15.png	920	nas
1123-018/1123-018-03-01-07.png	129	da
3040-017/3040-017-03-02-12.png	391	Nes-
0236-028/0236-028-03-02-04.png	12	de
0693-084/0693-084-01-03-20.png	89	e-
0518-018/0518-018-02-06-05.png	33	de
2123-073/2123-073-02-02-04.png	284	no
8523-017/8523-017-02-01-11.png	944	da
7348-050/7348-050-04-03-05.png	780	da
7872-048/7872-048-04-01-07.png	864	preconceito
1481-026/1481-026-04-04-01.png	172	de
7576-032/7576-032-02-04-11.png	798	do
8749-037/8749-037-03-03-17.png	955	social
7052-015/7052-015-03-03-03.png	689	no
1002-028/1002-028-03-02-01.png	127	na
7152-093/7152-093-02-05-04.png	716	que
3637-007/3637-007-04-01-07.png	407	altos
4672-235/4672-235-02-04-14.png	545	as
7803-035/7803-035-04-06-09.png	844	que
7993-047/7993-047-02-05-17.png	874	contra
3669-039/3669-039-04-03-03.png	421	os
0555-002/0555-002-01-04-13.png	38	da
7866-042/7866-042-01-06-12.png	858	temos
8904-031/8904-031-02-01-13.png	965	de
0560-007/0560-007-03-03-16.png	41	ao
0669-060/0669-060-03-05-03.png	80	se
2246-046/2246-046-03-07-13.png	301	dos
2772-028/2772-028-03-02-02.png	373	ao
7587-043/7587-043-02-07-05.png	803	novo
1731-020/1731-020-02-06-01.png	259	vos
3651-021/3651-021-02-01-07.png	416	do
0659-050/0659-050-02-01-15.png	75	seu
2491-034/2491-034-03-06-18.png	334	da-
2485-028/2485-028-02-01-04.png	331	de
1638-027/1638-027-03-08-08.png	208	de
1134-029/1134-029-03-03-01.png	137	de
1638-027/1638-027-03-08-06.png	208	realidade
7990-044/7990-044-03-07-01.png	873	cia
7141-082/7141-082-02-04-12.png	707	pelo
1637-026/1637-026-01-07-10.png	207	sociedade
7279-081/7279-081-01-03-01.png	752	de
7141-082/7141-082-01-02-01.png	707	do
7276-078/7276-078-03-03-01.png	749	Tais
5824-022/5824-022-03-04-16.png	627	de
5823-021/5823-021-05-04-07.png	626	em
2780-036/2780-036-05-01-13.png	377	que
9526-010/9526-010-03-08-02.png	999	pela
1768-032/1768-032-01-03-02.png	269	da
8467-061/8467-061-02-08-02.png	931	de
0216-008/0216-008-03-06-15.png	2	Com
7867-043/7867-043-04-04-17.png	859	finalidade
4672-235/4672-235-05-03-03.png	545	as
4624-187/4624-187-02-03-12.png	535	os
8449-043/8449-043-03-05-02.png	924	do
1626-015/1626-015-01-01-15.png	196	de
4689-252/4689-252-02-03-14.png	553	qual
6112-020/6112-020-01-03-06.png	632	com
1638-027/1638-027-03-07-04.png	208	que
2607-024/2607-024-01-05-08.png	346	para
7265-067/7265-067-04-06-06.png	738	de
7132-073/7132-073-02-02-01.png	698	fere
7866-042/7866-042-02-01-08.png	858	ocorre
4775-020/4775-020-02-06-16.png	573	2019
1449-053/1449-053-01-04-11.png	165	os
1495-040/1495-040-03-03-06.png	184	na
8757-045/8757-045-01-05-11.png	959	esse
1642-031/1642-031-02-03-01.png	212	doenças
7859-035/7859-035-01-02-05.png	851	mentais
5262-009/5262-009-05-07-06.png	618	de
4929-003/4929-003-04-06-09.png	594	de
7275-077/7275-077-02-03-07.png	748	que
8179-029/8179-029-02-01-12.png	898	do
7867-043/7867-043-01-04-16.png	859	abordar
8439-033/8439-033-04-06-12.png	920	bem
6392-017/6392-017-03-08-15.png	646	em
7876-052/7876-052-03-03-10.png	868	dão
1726-015/1726-015-01-04-10.png	255	em
1647-036/1647-036-02-07-03.png	217	chancelam
7863-039/7863-039-03-07-02.png	855	psiquiátrico
2970-013/2970-013-02-08-11.png	382	abastadas
7424-073/7424-073-02-03-04.png	783	que
4765-010/4765-010-03-02-15.png	568	na
6406-031/6406-031-01-05-01.png	653	pois
4463-026/4463-026-05-05-06.png	504	as
1625-014/1625-014-03-06-08.png	195	se
4790-009/4790-009-03-09-10.png	578	por
4611-174/4611-174-03-04-01.png	532	isso
0258-050/0258-050-01-01-13.png	23	agir
6392-017/6392-017-01-02-07.png	646	de
1621-010/1621-010-01-06-14.png	191	no
2186-043/2186-043-01-06-04.png	293	da
7135-076/7135-076-04-03-01.png	701	pliar
3673-043/3673-043-04-03-02.png	425	de
7873-049/7873-049-02-07-04.png	865	cegueira
7990-044/7990-044-03-05-09.png	873	vez
8523-017/8523-017-04-01-12.png	944	de
1728-017/1728-017-04-03-05.png	257	da
4740-303/4740-303-02-03-07.png	560	se
2120-070/2120-070-04-07-12.png	281	as
1627-016/1627-016-04-02-05.png	197	das
8120-022/8120-022-02-02-17.png	882	em
1627-016/1627-016-02-07-04.png	197	estigmas
0433-031/0433-031-02-07-14.png	30	se
1489-034/1489-034-03-03-02.png	178	por
3633-003/3633-003-01-02-08.png	405	na
0659-050/0659-050-01-04-02.png	75	seu
5825-023/5825-023-04-04-13.png	628	ao
4748-311/4748-311-02-05-02.png	564	os
7175-116/7175-116-01-03-01.png	732	uso
4111-029/4111-029-03-07-06.png	448	no
2248-048/2248-048-02-01-14.png	303	que
7621-077/7621-077-01-02-12.png	820	filmes
1633-022/1633-022-03-04-08.png	203	ângulo
7131-072/7131-072-03-01-10.png	697	de
7993-047/7993-047-03-09-14.png	874	tentativa
7154-095/7154-095-02-02-10.png	718	na
5823-021/5823-021-03-05-08.png	626	que
4445-008/4445-008-04-11-01.png	501	que
9310-013/9310-013-02-04-02.png	995	que
8621-069/8621-069-04-03-04.png	950	que
8186-036/8186-036-02-02-04.png	901	de
0258-050/0258-050-03-07-04.png	23	ter
2489-032/2489-032-02-03-15.png	333	do
0998-024/0998-024-02-06-08.png	125	os
8120-022/8120-022-03-08-05.png	882	qual
7340-042/7340-042-03-06-06.png	772	no
4930-004/4930-004-01-05-01.png	595	cas
2738-050/2738-050-04-01-10.png	371	país
1677-066/1677-066-03-07-07.png	246	desses
1624-013/1624-013-01-04-08.png	194	um
1669-058/1669-058-04-02-12.png	238	de
0578-025/0578-025-03-05-10.png	54	em
1129-024/1129-024-02-02-08.png	134	se
6408-033/6408-033-03-05-09.png	654	são
1621-010/1621-010-02-04-15.png	191	parte
7981-035/7981-035-02-04-04.png	870	ocorre
7424-073/7424-073-02-02-09.png	783	de
7861-037/7861-037-03-02-11.png	853	tabu
1449-053/1449-053-03-06-17.png	165	ao
7556-012/7556-012-04-02-05.png	788	de
0514-014/0514-014-03-02-02.png	31	de
7868-044/7868-044-01-02-12.png	860	indivíduos
4929-003/4929-003-03-04-20.png	594	alto
3676-046/3676-046-06-02-02.png	427	ao
4845-010/4845-010-03-02-08.png	581	de
1680-069/1680-069-03-04-03.png	249	mental
2106-056/2106-056-02-06-12.png	272	que
0256-048/0256-048-03-06-02.png	22	ao
0573-020/0573-020-04-03-10.png	51	da
8443-037/8443-037-03-02-09.png	922	Sob
2606-023/2606-023-02-07-01.png	345	tente
7265-067/7265-067-01-05-14.png	738	qual
8625-073/8625-073-02-02-01.png	951	se
7876-052/7876-052-01-04-06.png	868	está
1759-023/1759-023-02-06-07.png	264	são
6113-021/6113-021-01-05-11.png	633	falta
4763-008/4763-008-03-08-04.png	567	de
7049-012/7049-012-03-04-09.png	687	país
0555-002/0555-002-03-04-18.png	38	de-
7984-038/7984-038-03-05-15.png	871	Magna
4790-009/4790-009-03-08-02.png	578	de
0572-019/0572-019-02-08-05.png	50	já
1656-045/1656-045-02-04-09.png	226	construíram
0830-026/0830-026-03-01-07.png	104	opte
0218-010/0218-010-04-01-11.png	3	de
2738-050/2738-050-03-06-07.png	371	possíveis
7867-043/7867-043-02-09-14.png	859	própria
1625-014/1625-014-02-03-10.png	195	para
2329-036/2329-036-03-13-08.png	314	de
9307-010/9307-010-03-04-11.png	993	Des-
7803-035/7803-035-03-04-09.png	844	tal
2249-049/2249-049-03-06-18.png	304	aju-
2511-054/2511-054-02-04-06.png	340	por
7601-057/7601-057-03-01-09.png	810	vão
7621-077/7621-077-02-01-10.png	820	da
7984-038/7984-038-03-05-10.png	871	os
2738-050/2738-050-02-02-10.png	371	foram
2607-024/2607-024-02-09-06.png	346	realidade
1637-026/1637-026-02-05-09.png	207	esfera
1446-050/1446-050-02-03-10.png	162	pelo
8751-039/8751-039-02-05-13.png	956	especializados
6907-014/6907-014-02-08-17.png	671	Isso
1684-073/1684-073-04-03-06.png	253	psíquico
7159-100/7159-100-04-07-13.png	722	de
8242-011/8242-011-03-02-03.png	910	ao
7585-041/7585-041-03-04-06.png	802	ao
5823-021/5823-021-03-08-02.png	626	são
0256-048/0256-048-04-01-09.png	22	ao
7868-044/7868-044-02-01-14.png	860	problema
7267-069/7267-069-01-06-05.png	740	de
4791-010/4791-010-01-03-05.png	579	de
1489-034/1489-034-03-05-04.png	178	que
8469-063/8469-063-03-02-06.png	932	que
1626-015/1626-015-01-02-08.png	196	ilustrado
7984-038/7984-038-04-05-03.png	871	deverá
0830-026/0830-026-04-03-10.png	104	que
0560-007/0560-007-02-03-12.png	41	por
9154-038/9154-038-02-07-15.png	975	da
4990-046/4990-046-02-04-15.png	610	do
8249-018/8249-018-02-05-09.png	916	Para
8449-043/8449-043-02-01-07.png	924	que
7337-039/7337-039-02-06-04.png	769	tal
7585-041/7585-041-01-04-15.png	802	se-
9526-010/9526-010-03-02-05.png	999	tal
2673-030/2673-030-03-05-09.png	368	de
7978-032/7978-032-04-01-02.png	869	suma
3649-019/3649-019-04-05-11.png	414	de
2515-058/2515-058-01-05-01.png	342	pelo
1621-010/1621-010-04-02-12.png	191	com
8751-039/8751-039-04-05-07.png	956	emissoras
1656-045/1656-045-03-05-02.png	226	ao
4929-003/4929-003-04-06-03.png	594	de
8516-010/8516-010-02-09-06.png	939	que
1768-032/1768-032-02-06-16.png	269	da
1630-019/1630-019-04-04-04.png	200	de
1476-021/1476-021-02-07-03.png	169	de
1674-063/1674-063-02-05-14.png	243	de
1659-048/1659-048-02-02-12.png	228	de
4299-012/4299-012-05-05-11.png	481	Rio
0669-060/0669-060-03-04-05.png	80	de
2610-027/2610-027-04-03-09.png	349	caminhos
4289-002/4289-002-03-05-05.png	472	que
6439-029/6439-029-04-05-03.png	655	vez
2106-056/2106-056-01-01-08.png	272	de
0645-036/0645-036-04-05-11.png	68	do
8248-017/8248-017-01-04-04.png	915	no
1437-041/1437-041-01-05-11.png	155	na
7993-047/7993-047-03-02-04.png	874	continuar
1757-021/1757-021-02-01-01.png	263	Em
7270-072/7270-072-03-02-01.png	743	tais
4111-029/4111-029-03-04-07.png	448	maneira
3636-006/3636-006-03-06-04.png	406	de
1003-029/1003-029-01-05-09.png	128	de
6439-029/6439-029-01-03-05.png	655	aos
7871-047/7871-047-01-04-11.png	863	imperioso
4790-009/4790-009-01-05-06.png	578	da
4111-029/4111-029-02-06-19.png	448	doen-
0293-015/0293-015-01-01-11.png	25	se
0240-032/0240-032-03-02-06.png	14	da
4997-053/4997-053-03-03-01.png	615	há
0761-022/0761-022-04-06-08.png	96	de
1638-027/1638-027-03-10-08.png	208	Florbela
2667-024/2667-024-02-02-05.png	364	dos
7132-073/7132-073-04-02-14.png	698	dos
4929-003/4929-003-03-09-06.png	594	gera
1633-022/1633-022-02-01-08.png	203	escritora
2346-053/2346-053-02-05-11.png	324	se
7868-044/7868-044-02-04-14.png	860	de
2633-019/2633-019-03-05-13.png	354	na
0566-013/0566-013-02-04-09.png	46	de
7260-062/7260-062-01-05-01.png	735	as
6390-015/6390-015-02-05-17.png	645	ao
8747-035/8747-035-02-04-08.png	954	um
1669-058/1669-058-02-06-14.png	238	seja
8441-035/8441-035-02-05-06.png	921	dos
7136-077/7136-077-04-04-18.png	702	as
1663-052/1663-052-03-07-13.png	232	potencializa
8467-061/8467-061-02-04-12.png	931	do
7267-069/7267-069-04-04-04.png	740	de
2369-076/2369-076-02-01-09.png	327	da
1476-021/1476-021-04-08-06.png	169	de
7156-097/7156-097-04-06-12.png	719	com
1647-036/1647-036-03-08-06.png	217	de
1627-016/1627-016-03-07-05.png	197	enraizada
4518-081/4518-081-03-07-02.png	512	que
4259-028/4259-028-03-02-05.png	467	meio
4847-012/4847-012-02-02-09.png	582	do
1652-041/1652-041-01-01-04.png	222	às
8747-035/8747-035-02-09-04.png	954	sociais
7993-047/7993-047-01-05-16.png	874	por
1660-049/1660-049-03-06-11.png	229	as
7265-067/7265-067-02-06-04.png	738	por
8759-047/8759-047-02-07-05.png	960	tratamento
2128-078/2128-078-01-03-09.png	287	do
1622-011/1622-011-03-04-07.png	192	real
1652-041/1652-041-04-04-07.png	222	Han
0997-023/0997-023-02-01-07.png	124	que
7613-069/7613-069-03-08-09.png	816	de
6390-015/6390-015-04-08-01.png	645	ções
7576-032/7576-032-04-04-12.png	798	meio
2106-056/2106-056-02-04-05.png	272	que
1643-032/1643-032-04-01-13.png	213	país
1425-029/1425-029-02-06-04.png	145	já
1656-045/1656-045-02-02-06.png	226	partir
7576-032/7576-032-03-06-13.png	798	de
2633-019/2633-019-04-01-03.png	354	que
0236-028/0236-028-02-01-04.png	12	que
9207-040/9207-040-03-06-08.png	983	de
7348-050/7348-050-02-01-01.png	780	Em
0990-016/0990-016-02-03-01.png	118	do
1622-011/1622-011-01-04-08.png	192	ao
2610-027/2610-027-02-07-09.png	349	Constituição
8751-039/8751-039-03-04-14.png	956	de
1666-055/1666-055-04-04-15.png	235	doen-
7807-039/7807-039-02-05-09.png	848	de
7869-045/7869-045-03-02-01.png	861	Público
4463-026/4463-026-04-07-01.png	504	ra
2109-059/2109-059-04-03-04.png	275	de
7151-092/7151-092-02-04-09.png	715	na
1677-066/1677-066-02-08-02.png	246	esclarecimento
1437-041/1437-041-02-04-09.png	155	de
4598-161/4598-161-05-02-16.png	528	na
2248-048/2248-048-02-07-09.png	303	que
7048-011/7048-011-01-02-10.png	686	de
1624-013/1624-013-04-05-01.png	194	tema
1725-014/1725-014-04-01-01.png	254	Em
7984-038/7984-038-02-03-16.png	871	De
7984-038/7984-038-02-01-16.png	871	de
8522-016/8522-016-02-05-04.png	943	de
1666-055/1666-055-03-04-17.png	235	quí-
4718-281/4718-281-01-06-05.png	556	na
7288-090/7288-090-01-01-13.png	761	as
1682-071/1682-071-03-04-10.png	251	doenças
8747-035/8747-035-02-05-06.png	954	infelicidades
0226-018/0226-018-01-01-11.png	7	ou
6110-018/6110-018-02-04-11.png	631	estes
4124-042/4124-042-03-07-21.png	461	de
0252-044/0252-044-03-03-10.png	20	na
2108-058/2108-058-02-06-08.png	274	No
1660-049/1660-049-01-01-11.png	229	Michel
8449-043/8449-043-02-08-01.png	924	to
1621-010/1621-010-01-04-04.png	191	uma
7876-052/7876-052-02-09-09.png	868	financeira
7867-043/7867-043-02-09-17.png	859	então
1659-048/1659-048-03-09-01.png	228	responsáveis
1630-019/1630-019-01-01-18.png	200	na
2511-054/2511-054-04-02-10.png	340	os
0573-020/0573-020-04-05-06.png	51	das
7175-116/7175-116-01-02-02.png	732	do
2124-074/2124-074-04-04-05.png	285	de
3641-011/3641-011-02-08-13.png	410	estão
7136-077/7136-077-04-05-01.png	702	las
4586-149/4586-149-03-04-11.png	525	da
6408-033/6408-033-01-05-02.png	654	já
8469-063/8469-063-02-08-04.png	932	da
2189-046/2189-046-02-03-15.png	296	em
1654-043/1654-043-04-03-09.png	224	aspectos
7425-074/7425-074-04-08-08.png	784	do
7859-035/7859-035-03-02-08.png	851	com
4354-032/4354-032-03-03-09.png	490	da
2109-059/2109-059-02-09-02.png	275	de
2605-022/2605-022-02-01-05.png	344	lícito
1643-032/1643-032-03-05-04.png	213	que
1763-027/1763-027-03-01-17.png	266	de
1628-017/1628-017-04-04-14.png	198	videos
7601-057/7601-057-02-03-02.png	810	De
4767-012/4767-012-02-07-11.png	570	de
7132-073/7132-073-03-04-08.png	698	tange
6394-019/6394-019-02-07-05.png	647	se
1652-041/1652-041-02-01-02.png	222	busca
7160-101/7160-101-04-06-14.png	723	as
6392-017/6392-017-04-05-18.png	646	de
7993-047/7993-047-02-05-08.png	874	quiza
4551-114/4551-114-04-07-09.png	516	do
2249-049/2249-049-02-03-10.png	304	um
7866-042/7866-042-01-05-06.png	858	devido
7158-099/7158-099-04-06-07.png	721	de
7807-039/7807-039-03-01-04.png	848	no
3638-008/3638-008-03-09-14.png	408	pelo
1652-041/1652-041-02-03-14.png	222	estimula
4985-041/4985-041-02-03-07.png	605	esse
4354-032/4354-032-04-03-13.png	490	mais
5822-020/5822-020-03-02-07.png	625	os
2186-043/2186-043-04-02-04.png	293	de
6406-031/6406-031-01-04-12.png	653	no
7136-077/7136-077-02-03-10.png	702	não
2738-050/2738-050-02-03-09.png	371	mais
7556-012/7556-012-03-06-11.png	788	esse
2108-058/2108-058-03-03-07.png	274	ou
7787-019/7787-019-02-03-13.png	833	um
6392-017/6392-017-02-07-16.png	646	pela
2113-063/2113-063-02-07-12.png	278	Por
0260-052/0260-052-04-03-05.png	24	toda
2323-030/2323-030-04-11-05.png	312	do
3638-008/3638-008-03-09-13.png	408	ou
4111-029/4111-029-04-08-01.png	448	seguinte
4936-010/4936-010-02-06-03.png	598	nos
7343-045/7343-045-03-06-03.png	775	ao
2104-054/2104-054-04-05-07.png	270	do
7284-086/7284-086-02-07-07.png	757	por
6137-008/6137-008-01-04-18.png	637	das
0641-032/0641-032-03-06-12.png	66	por
7866-042/7866-042-04-06-04.png	858	os
1646-035/1646-035-01-04-01.png	216	ao
5822-020/5822-020-03-05-10.png	625	dos
7260-062/7260-062-04-01-03.png	735	que
0433-031/0433-031-02-09-05.png	30	na
7266-068/7266-068-03-03-13.png	739	que
7866-042/7866-042-01-04-13.png	858	exponencial
1651-040/1651-040-02-05-14.png	221	naturaliza-
1647-036/1647-036-04-02-07.png	217	cursos
1638-027/1638-027-03-10-03.png	208	tal
1643-032/1643-032-04-02-14.png	213	doen-
4111-029/4111-029-04-03-03.png	448	criar
2104-054/2104-054-02-05-11.png	270	Em
0567-014/0567-014-02-07-14.png	47	que
4934-008/4934-008-02-01-18.png	597	um
2104-054/2104-054-02-02-04.png	270	no
1625-014/1625-014-04-01-11.png	195	socieda-
2673-030/2673-030-03-06-14.png	368	mo-
8121-023/8121-023-02-07-01.png	883	ricos
6392-017/6392-017-03-06-04.png	646	para
7993-047/7993-047-01-06-06.png	874	sociedade
8747-035/8747-035-03-03-12.png	954	promove
7174-115/7174-115-01-02-09.png	731	no
1684-073/1684-073-02-02-14.png	253	década
4313-009/4313-009-03-07-16.png	486	que
1628-017/1628-017-04-06-13.png	198	conteúdos
1633-022/1633-022-01-01-05.png	203	Alienista
7591-047/7591-047-02-04-13.png	805	região
9306-009/9306-009-02-04-13.png	992	essa
8481-075/8481-075-01-02-09.png	936	da
8120-022/8120-022-01-07-06.png	882	ser
4611-174/4611-174-05-04-07.png	532	ou
4929-003/4929-003-02-07-04.png	594	esfera
8749-037/8749-037-03-04-17.png	955	forma
6142-013/6142-013-04-02-03.png	640	que
7269-071/7269-071-04-03-02.png	742	ao
9311-014/9311-014-02-04-11.png	996	dos
6402-027/6402-027-03-08-03.png	651	de
1646-035/1646-035-01-02-03.png	216	período
4775-020/4775-020-02-07-03.png	573	Por
1446-050/1446-050-01-02-13.png	162	da
7791-023/7791-023-03-05-10.png	836	pelo
4743-306/4743-306-01-02-05.png	561	em
6906-013/6906-013-01-01-03.png	670	com
0693-084/0693-084-03-02-18.png	89	ou
4718-281/4718-281-01-06-11.png	556	no
5649-032/5649-032-03-04-11.png	622	em
7981-035/7981-035-03-01-05.png	870	sentimentos
8120-022/8120-022-03-05-05.png	882	desconhecimento
6484-014/6484-014-04-05-08.png	660	da
4111-029/4111-029-02-03-04.png	448	as
8056-035/8056-035-02-07-10.png	876	que
4773-018/4773-018-02-01-06.png	572	de
3670-040/3670-040-05-03-03.png	422	não
7344-046/7344-046-02-07-02.png	776	do
8459-053/8459-053-04-01-06.png	929	ser
4990-046/4990-046-02-02-06.png	610	do
0699-090/0699-090-03-05-01.png	92	de
1449-053/1449-053-04-03-02.png	165	por
4982-038/4982-038-03-06-05.png	604	no
1652-041/1652-041-01-05-13.png	222	tem-se
1677-066/1677-066-03-02-12.png	246	de
5826-024/5826-024-04-02-03.png	629	esse
4296-009/4296-009-03-09-03.png	478	se
4910-075/4910-075-02-05-08.png	589	se
1725-014/1725-014-03-02-12.png	254	se
6800-085/6800-085-02-04-07.png	667	ele
7277-079/7277-079-04-06-13.png	750	de
1427-031/1427-031-04-03-09.png	146	Por
4934-008/4934-008-02-04-05.png	597	que
2339-046/2339-046-05-02-11.png	320	às
7145-086/7145-086-02-08-03.png	711	de
1633-022/1633-022-03-02-10.png	203	forma
1650-039/1650-039-03-06-04.png	220	da
1444-048/1444-048-01-05-13.png	160	da
7868-044/7868-044-01-02-07.png	860	utilizado
0659-050/0659-050-01-01-06.png	75	da
0997-023/0997-023-02-06-15.png	124	já
7283-085/7283-085-02-05-09.png	756	de
7993-047/7993-047-03-02-13.png	874	filósofo
2605-022/2605-022-02-02-02.png	344	como
1215-022/1215-022-04-04-07.png	142	que
2129-079/2129-079-02-08-05.png	288	tal
1495-040/1495-040-03-05-06.png	184	os
7785-017/7785-017-04-07-01.png	832	da
1136-031/1136-031-04-07-08.png	138	foi
1625-014/1625-014-02-05-03.png	195	necessário
2633-019/2633-019-01-04-13.png	354	de
8751-039/8751-039-03-04-16.png	956	postagens
2120-070/2120-070-04-07-05.png	281	os
4646-209/4646-209-03-04-06.png	539	da
4791-010/4791-010-02-05-01.png	579	não
1666-055/1666-055-02-06-11.png	235	inibe
0226-018/0226-018-02-08-09.png	7	das
1726-015/1726-015-02-04-13.png	255	ser
2372-079/2372-079-02-07-11.png	328	com
4412-090/4412-090-02-08-05.png	494	ao
1637-026/1637-026-04-04-12.png	207	fim
6390-015/6390-015-04-06-11.png	645	dos
1625-014/1625-014-04-03-04.png	195	deve
7132-073/7132-073-02-01-15.png	698	se
4646-209/4646-209-03-03-11.png	539	de
1666-055/1666-055-03-02-02.png	235	de
5263-010/5263-010-04-06-13.png	619	se
1627-016/1627-016-03-02-01.png	197	frente
2189-046/2189-046-05-04-19.png	296	sobre
2513-056/2513-056-04-07-13.png	341	3°
2606-023/2606-023-03-03-11.png	345	Saúde
0514-014/0514-014-03-01-12.png	31	de
7981-035/7981-035-03-05-05.png	870	autor
1663-052/1663-052-03-01-07.png	232	mentais
1650-039/1650-039-01-02-19.png	220	de
7144-085/7144-085-02-07-14.png	710	es-
7049-012/7049-012-02-01-13.png	687	ao
7136-077/7136-077-03-06-17.png	702	em
1660-049/1660-049-03-06-07.png	229	sociais
8749-037/8749-037-04-01-02.png	955	do
1666-055/1666-055-02-05-04.png	235	esclarecimento
7858-034/7858-034-02-03-10.png	850	filósofo
1766-030/1766-030-02-03-19.png	268	iso-
7873-049/7873-049-02-09-02.png	865	foi
2245-045/2245-045-02-08-07.png	300	que
7170-111/7170-111-03-05-10.png	729	da
3669-039/3669-039-03-03-05.png	421	se
4424-102/4424-102-04-03-12.png	498	de
0651-042/0651-042-03-05-06.png	71	Em
1469-014/1469-014-02-02-12.png	166	não
2245-045/2245-045-04-06-11.png	300	que
7621-077/7621-077-02-04-12.png	820	Marx
1642-031/1642-031-02-03-04.png	212	sendo
2125-075/2125-075-01-07-03.png	286	ser
0520-020/0520-020-02-02-19.png	34	do
7585-041/7585-041-02-03-13.png	802	agrupam
6946-028/6946-028-03-03-12.png	680	em
2670-027/2670-027-04-01-01.png	366	No
2189-046/2189-046-02-03-11.png	296	além
8517-011/8517-011-02-06-05.png	940	no
7798-030/7798-030-02-02-06.png	841	as
7293-095/7293-095-04-06-03.png	765	do
7864-040/7864-040-02-07-02.png	856	seja
7869-045/7869-045-02-03-11.png	861	muitos
4299-012/4299-012-06-05-09.png	481	da
2323-030/2323-030-04-10-09.png	312	as
2106-056/2106-056-02-04-08.png	272	um
0566-013/0566-013-04-01-08.png	46	do
3639-009/3639-009-03-07-03.png	409	do
0236-028/0236-028-02-08-04.png	12	de
2977-020/2977-020-03-03-15.png	389	estar
2374-081/2374-081-01-06-23.png	329	ter
7795-027/7795-027-04-03-05.png	839	por
1628-017/1628-017-03-05-16.png	198	de
7564-020/7564-020-04-04-15.png	792	que
7163-104/7163-104-01-02-08.png	726	que
8471-065/8471-065-04-01-04.png	933	seja
7859-035/7859-035-01-01-11.png	851	que
1449-053/1449-053-04-06-09.png	165	de
1487-032/1487-032-04-07-03.png	177	de
8224-015/8224-015-03-08-04.png	907	no
2130-080/2130-080-02-04-10.png	289	de
4720-283/4720-283-03-03-11.png	557	filósofo
0579-026/0579-026-02-05-12.png	55	as
1656-045/1656-045-03-06-11.png	226	forma
7270-072/7270-072-02-04-01.png	743	no
4247-016/4247-016-04-03-05.png	465	ser
6907-014/6907-014-01-05-02.png	671	de
7293-095/7293-095-02-07-06.png	765	de
1647-036/1647-036-01-02-07.png	217	ocidental
1651-040/1651-040-03-04-07.png	221	ser
0260-052/0260-052-03-02-06.png	24	Tal
7859-035/7859-035-01-03-06.png	851	devido
0998-024/0998-024-01-04-11.png	125	de
1633-022/1633-022-03-09-05.png	203	dessas
4111-029/4111-029-01-02-12.png	448	governantes
8254-023/8254-023-02-01-15.png	918	do
4494-057/4494-057-02-04-09.png	509	da
1483-028/1483-028-01-02-06.png	174	de
7439-088/7439-088-03-03-16.png	787	pro-
0520-020/0520-020-02-07-05.png	34	época
4672-235/4672-235-02-06-01.png	545	são
8457-051/8457-051-01-01-12.png	928	de
2120-070/2120-070-03-02-04.png	281	de
8751-039/8751-039-02-07-09.png	956	qualidade
2774-030/2774-030-04-09-05.png	374	nas
0592-039/0592-039-04-03-08.png	62	de
7873-049/7873-049-02-01-15.png	865	tudo
5648-031/5648-031-03-07-06.png	621	em
7265-067/7265-067-02-01-07.png	738	do
7589-045/7589-045-02-02-14.png	804	populacional
5262-009/5262-009-03-02-15.png	618	os
2369-076/2369-076-01-01-07.png	327	do
0667-058/0667-058-01-01-09.png	79	da
7869-045/7869-045-02-01-09.png	861	por
1485-030/1485-030-02-03-16.png	176	dos
4856-021/4856-021-03-09-13.png	583	bom
0254-046/0254-046-02-02-18.png	21	cine-
5263-010/5263-010-02-01-12.png	619	de
0586-033/0586-033-04-02-07.png	58	que
7131-072/7131-072-02-03-10.png	697	de
8242-011/8242-011-04-02-02.png	910	faz-se
1637-026/1637-026-01-06-14.png	207	bra-
7724-090/7724-090-02-07-02.png	831	de
4677-240/4677-240-03-06-05.png	547	são
7987-041/7987-041-01-04-05.png	872	social
4536-099/4536-099-04-06-12.png	514	que
2248-048/2248-048-03-06-13.png	303	No
1757-021/1757-021-03-02-10.png	263	não
8441-035/8441-035-04-05-05.png	921	isso
7864-040/7864-040-04-08-09.png	856	de
2606-023/2606-023-03-06-10.png	345	precariedade
7276-078/7276-078-03-04-05.png	749	dos
1641-030/1641-030-01-03-02.png	211	na
4586-149/4586-149-04-02-08.png	525	ou
7859-035/7859-035-03-04-05.png	851	fruto
6145-016/6145-016-04-02-15.png	642	de
1726-015/1726-015-04-05-14.png	255	se
0567-014/0567-014-03-04-10.png	47	fere
7272-074/7272-074-03-04-10.png	745	de
7873-049/7873-049-04-03-19.png	865	Essa
7862-038/7862-038-02-05-06.png	854	surgiu
1627-016/1627-016-03-08-11.png	197	que
2246-046/2246-046-01-02-10.png	301	não
1650-039/1650-039-02-06-06.png	220	mentais
2331-038/2331-038-02-09-07.png	316	ao
0555-002/0555-002-03-09-03.png	38	as
7591-047/7591-047-01-01-13.png	805	de
1683-072/1683-072-04-03-12.png	252	públicas
2372-079/2372-079-04-04-07.png	328	do
0681-072/0681-072-03-04-16.png	84	de
3644-014/3644-014-01-04-02.png	411	de
7984-038/7984-038-02-02-02.png	871	da
7046-009/7046-009-02-05-03.png	685	ser
7136-077/7136-077-03-03-07.png	702	essa
8749-037/8749-037-01-01-17.png	955	ao
1626-015/1626-015-04-04-04.png	196	da
6390-015/6390-015-04-05-11.png	645	dos
2112-062/2112-062-04-03-15.png	277	do
1646-035/1646-035-03-04-01.png	216	respeito
0705-096/0705-096-04-04-04.png	94	de
7585-041/7585-041-02-04-15.png	802	residem
7787-019/7787-019-01-02-02.png	833	da
1128-023/1128-023-03-07-03.png	133	se
7344-046/7344-046-01-03-10.png	776	um
7793-025/7793-025-03-04-10.png	837	no
8749-037/8749-037-04-10-13.png	955	ficção
2606-023/2606-023-04-05-02.png	345	da
6390-015/6390-015-04-02-14.png	645	even-
8904-031/8904-031-01-04-05.png	965	uma
1214-021/1214-021-03-02-14.png	141	Sob
8121-023/8121-023-03-08-02.png	883	para
7858-034/7858-034-02-07-05.png	850	que
1448-052/1448-052-04-01-03.png	164	são
5826-024/5826-024-02-05-08.png	629	às
6145-016/6145-016-04-04-08.png	642	de
1656-045/1656-045-01-01-04.png	226	Alienista
0560-007/0560-007-01-02-12.png	41	povo
1629-018/1629-018-03-06-05.png	199	quais
4767-012/4767-012-03-08-18.png	570	do
8517-011/8517-011-01-03-14.png	940	há
1129-024/1129-024-04-01-01.png	134	Por
7791-023/7791-023-04-03-07.png	836	da
6478-008/6478-008-04-01-16.png	657	por
4748-311/4748-311-01-01-01.png	564	Na
6484-014/6484-014-03-07-09.png	660	por
8759-047/8759-047-04-09-03.png	960	cumprindo
4980-036/4980-036-01-08-07.png	602	com
0228-020/0228-020-03-01-04.png	8	de
6113-021/6113-021-02-08-11.png	633	de
1627-016/1627-016-03-02-11.png	197	exemplo
6142-013/6142-013-03-03-16.png	640	vez
4623-186/4623-186-02-05-01.png	534	as
7864-040/7864-040-02-05-03.png	856	conscientizar
1763-027/1763-027-04-07-10.png	266	que
2375-082/2375-082-04-05-03.png	330	de
0578-025/0578-025-02-06-15.png	54	os
0777-038/0777-038-02-03-15.png	103	de
6914-021/6914-021-03-03-14.png	676	na
4097-015/4097-015-04-02-03.png	436	doenças
7437-086/7437-086-01-07-11.png	786	das
6914-021/6914-021-03-08-09.png	676	do
1214-021/1214-021-01-03-15.png	141	que
6439-029/6439-029-04-03-06.png	655	ao
7993-047/7993-047-02-03-01.png	874	co
4910-075/4910-075-04-01-15.png	589	de
1656-045/1656-045-04-04-20.png	226	cons-
2977-020/2977-020-04-11-06.png	389	que
1656-045/1656-045-01-01-23.png	226	sob
7795-027/7795-027-02-03-12.png	839	pode
0659-050/0659-050-01-01-14.png	75	te
1649-038/1649-038-04-07-05.png	219	Além
0571-018/0571-018-02-03-09.png	49	em
1474-019/1474-019-03-03-04.png	167	do
4930-004/4930-004-02-02-15.png	595	de
1266-040/1266-040-02-04-14.png	143	mol-
1641-030/1641-030-04-04-02.png	211	as
7288-090/7288-090-02-01-05.png	761	que
4743-306/4743-306-02-04-01.png	561	no
1129-024/1129-024-02-07-12.png	134	do
7871-047/7871-047-03-02-05.png	863	doenças
1662-051/1662-051-01-01-08.png	231	chamada
8749-037/8749-037-02-03-17.png	955	a-
9197-030/9197-030-04-03-12.png	979	de
4293-006/4293-006-03-07-13.png	476	de
7862-038/7862-038-04-03-09.png	854	divulgação
7803-035/7803-035-01-03-14.png	844	em
0216-008/0216-008-03-07-24.png	2	que
1487-032/1487-032-03-03-02.png	177	do
2782-038/2782-038-05-02-08.png	378	os
7012-025/7012-025-04-04-07.png	681	de
6394-019/6394-019-04-07-03.png	647	por
1492-037/1492-037-02-02-16.png	181	de
1429-033/1429-033-03-06-03.png	147	de
3670-040/3670-040-04-07-06.png	422	um
0683-074/0683-074-03-01-08.png	85	de
4929-003/4929-003-01-05-17.png	594	do
0564-011/0564-011-03-02-02.png	44	sua
7556-012/7556-012-04-04-02.png	788	onde
1669-058/1669-058-02-03-12.png	238	pressuposto
7589-045/7589-045-01-05-17.png	804	no
1682-071/1682-071-01-06-09.png	251	ser
1656-045/1656-045-02-03-03.png	226	alicerçada
3652-022/3652-022-01-04-12.png	417	do
7170-111/7170-111-02-02-09.png	729	as
7868-044/7868-044-04-02-08.png	860	de
2970-013/2970-013-03-06-05.png	382	reflete
4494-057/4494-057-03-01-01.png	509	Em
3652-022/3652-022-02-01-18.png	417	dos
1474-019/1474-019-01-06-08.png	167	se
4673-236/4673-236-01-01-05.png	546	grego
2114-064/2114-064-04-04-09.png	279	do
7789-021/7789-021-04-04-03.png	835	em
0579-026/0579-026-03-04-02.png	55	se
1633-022/1633-022-02-03-11.png	203	Dentro
7433-082/7433-082-04-01-05.png	785	fatos
4643-206/4643-206-04-05-12.png	538	cur-
6112-020/6112-020-01-01-13.png	632	do
7177-118/7177-118-04-02-04.png	733	de
7053-016/7053-016-01-01-13.png	690	do
4111-029/4111-029-03-07-24.png	448	pessoas
7875-051/7875-051-02-01-01.png	867	Em
1643-032/1643-032-03-06-02.png	213	Brasil
1684-073/1684-073-04-03-21.png	253	Estado
7867-043/7867-043-02-01-11.png	859	direta
8469-063/8469-063-02-01-16.png	932	das
0560-007/0560-007-03-06-10.png	41	gerais
6140-011/6140-011-01-02-15.png	639	de
0554-001/0554-001-01-04-12.png	37	que
3672-042/3672-042-02-02-11.png	424	um
4298-011/4298-011-02-01-06.png	480	de
2123-073/2123-073-01-01-08.png	284	de
0681-072/0681-072-01-02-15.png	84	era
8751-039/8751-039-02-06-03.png	956	os
6115-023/6115-023-02-08-14.png	635	os
1492-037/1492-037-04-03-04.png	181	Isso
7993-047/7993-047-02-05-10.png	874	exemplo
5822-020/5822-020-05-02-09.png	625	integram
2738-050/2738-050-02-08-15.png	371	reflete
6914-021/6914-021-02-02-05.png	676	que
4412-090/4412-090-03-06-19.png	494	iden
1673-062/1673-062-03-07-14.png	242	empatia
7981-035/7981-035-04-04-10.png	870	pode
4554-117/4554-117-02-07-07.png	517	seu
6439-029/6439-029-03-04-17.png	655	sites
8749-037/8749-037-03-04-12.png	955	debate
4293-006/4293-006-05-04-12.png	476	seus
4292-005/4292-005-02-03-10.png	475	em
7859-035/7859-035-03-01-01.png	851	Em
2109-059/2109-059-02-02-08.png	275	da
4124-042/4124-042-02-08-04.png	461	conhecimento
1632-021/1632-021-01-06-05.png	202	uma
2605-022/2605-022-04-05-06.png	344	de
3644-014/3644-014-04-01-09.png	411	os
0830-026/0830-026-04-10-18.png	104	que
7134-075/7134-075-04-02-05.png	700	em
0763-024/0763-024-01-02-07.png	97	as
2605-022/2605-022-04-05-13.png	344	problema
0681-072/0681-072-03-02-05.png	84	De
4356-034/4356-034-02-07-06.png	491	as
7993-047/7993-047-02-02-20.png	874	como
7858-034/7858-034-02-04-01.png	850	que
0218-010/0218-010-03-07-04.png	3	por
6394-019/6394-019-01-02-12.png	647	as
2977-020/2977-020-03-01-10.png	389	pouco
4427-105/4427-105-02-07-02.png	499	financeiras
3682-052/3682-052-03-02-04.png	433	do
1123-018/1123-018-01-05-07.png	129	seus
7145-086/7145-086-04-04-03.png	711	em
4097-015/4097-015-03-05-15.png	436	urgên-
1755-019/1755-019-03-05-03.png	261	Por
0579-026/0579-026-04-04-02.png	55	da
1498-043/1498-043-01-06-10.png	186	ime-
4929-003/4929-003-03-04-22.png	594	que
6404-029/6404-029-02-02-09.png	652	ao
8521-015/8521-015-03-01-02.png	942	há
7158-099/7158-099-02-08-16.png	721	de
4791-010/4791-010-04-06-16.png	579	de
0693-084/0693-084-01-05-17.png	89	si-
1492-037/1492-037-02-05-05.png	181	de
6113-021/6113-021-03-02-05.png	633	de
2513-056/2513-056-03-01-13.png	341	que
8453-047/8453-047-03-05-05.png	926	de
1622-011/1622-011-01-03-12.png	192	Munch
7876-052/7876-052-02-05-07.png	868	governo
7796-028/7796-028-01-04-12.png	840	se
6946-028/6946-028-02-08-10.png	680	dos
6144-015/6144-015-04-07-02.png	641	as
1638-027/1638-027-02-05-13.png	208	vigência
1485-030/1485-030-04-03-09.png	176	que
7293-095/7293-095-04-03-04.png	765	as
8522-016/8522-016-01-04-02.png	943	as
7872-048/7872-048-02-05-07.png	864	Ora
0667-058/0667-058-03-03-03.png	79	dos
0993-019/0993-019-02-02-19.png	121	no
2610-027/2610-027-02-06-07.png	349	básicas
0216-008/0216-008-03-08-03.png	2	de
7795-027/7795-027-03-06-07.png	839	de
4598-161/4598-161-03-01-03.png	528	que
5826-024/5826-024-04-06-15.png	629	Dessa
0256-048/0256-048-03-06-15.png	22	de
7591-047/7591-047-04-05-01.png	805	regiões
2738-050/2738-050-02-06-05.png	371	na
2679-036/2679-036-05-01-14.png	370	foi
8747-035/8747-035-02-10-02.png	954	resultado
0641-032/0641-032-02-03-19.png	66	no
1625-014/1625-014-01-03-03.png	195	abrigo
8224-015/8224-015-03-07-13.png	907	de
1755-019/1755-019-02-02-19.png	261	Han
2108-058/2108-058-03-01-01.png	274	Em
2667-024/2667-024-04-05-04.png	364	de
1437-041/1437-041-04-10-15.png	155	de
5825-023/5825-023-03-07-04.png	628	em
7589-045/7589-045-01-06-05.png	804	da
0226-018/0226-018-03-08-12.png	7	os
8625-073/8625-073-01-03-17.png	951	ple-
1621-010/1621-010-03-08-17.png	191	quin-
7589-045/7589-045-03-02-06.png	804	qual
8245-014/8245-014-04-04-12.png	913	as
4943-017/4943-017-03-05-09.png	601	de
2374-081/2374-081-03-01-21.png	329	sua
1646-035/1646-035-03-01-06.png	216	que
7336-038/7336-038-03-03-07.png	768	pela
1641-030/1641-030-01-04-05.png	211	da
7722-088/7722-088-03-06-10.png	830	ao
2246-046/2246-046-02-02-03.png	301	que
1492-037/1492-037-04-03-13.png	181	com
1673-062/1673-062-01-01-12.png	242	do
2485-028/2485-028-03-03-10.png	331	de
7132-073/7132-073-03-06-14.png	698	suas
4583-146/4583-146-04-01-04.png	524	de
6690-040/6690-040-02-07-13.png	663	de
4583-146/4583-146-04-05-09.png	524	as
1498-043/1498-043-03-04-10.png	186	os
8898-025/8898-025-02-01-10.png	962	que
1624-013/1624-013-03-01-07.png	194	De
7439-088/7439-088-01-04-11.png	787	se
4408-086/4408-086-03-05-03.png	493	de
7425-074/7425-074-04-01-10.png	784	deve
1677-066/1677-066-01-05-06.png	246	sobretudo
2613-030/2613-030-02-08-11.png	352	dos
4247-016/4247-016-04-02-13.png	465	de
7153-094/7153-094-03-05-04.png	717	na
4299-012/4299-012-06-04-14.png	481	que
4352-030/4352-030-04-01-03.png	489	os
7585-041/7585-041-04-05-06.png	802	superar
7012-025/7012-025-02-06-08.png	681	há
8896-023/8896-023-03-03-17.png	961	da
7871-047/7871-047-04-01-02.png	863	nota-se
1683-072/1683-072-03-04-05.png	252	que
4990-046/4990-046-01-08-02.png	610	não
7601-057/7601-057-02-02-06.png	810	as
1659-048/1659-048-03-06-06.png	228	representatividade
0224-016/0224-016-03-06-09.png	6	por
4689-252/4689-252-03-08-05.png	553	às
1266-040/1266-040-03-02-04.png	143	fato
8896-023/8896-023-01-02-11.png	961	de
1633-022/1633-022-02-07-14.png	203	psicológicos
7875-051/7875-051-01-06-01.png	867	do
7785-017/7785-017-03-03-18.png	832	do
2125-075/2125-075-02-05-10.png	286	de
0659-050/0659-050-04-03-02.png	75	que
0995-021/0995-021-03-07-13.png	123	de-
7621-077/7621-077-02-04-10.png	820	filósofo
7591-047/7591-047-01-02-04.png	805	como
1449-053/1449-053-01-04-07.png	165	com
0236-028/0236-028-01-02-05.png	12	de
1646-035/1646-035-02-08-17.png	216	ele
1650-039/1650-039-01-05-04.png	220	do
3665-035/3665-035-03-09-02.png	418	se
2368-075/2368-075-02-01-04.png	326	vale
4298-011/4298-011-03-06-16.png	480	do
4247-016/4247-016-04-08-07.png	465	de
7869-045/7869-045-03-03-04.png	861	de
4773-018/4773-018-01-06-08.png	572	de
9134-018/9134-018-02-08-12.png	972	se-
8222-013/8222-013-01-05-09.png	905	da
1757-021/1757-021-02-08-16.png	263	órgão
0555-002/0555-002-04-02-17.png	38	poten-
4988-044/4988-044-04-01-16.png	608	pelo
8249-018/8249-018-02-04-06.png	916	inferir
2375-082/2375-082-04-01-12.png	330	do
7601-057/7601-057-04-02-11.png	810	Estado
7601-057/7601-057-02-03-19.png	810	por
4786-005/4786-005-01-04-12.png	576	no
0520-020/0520-020-02-11-01.png	34	mo
4424-102/4424-102-01-07-04.png	498	do
0415-013/0415-013-02-07-04.png	26	da
7152-093/7152-093-03-07-05.png	716	fim
6702-052/6702-052-02-04-08.png	665	de
8249-018/8249-018-02-01-18.png	916	qual
0584-031/0584-031-01-01-09.png	57	foi
0683-074/0683-074-02-06-15.png	85	Nesse
7424-073/7424-073-02-05-13.png	783	bem
7872-048/7872-048-02-08-12.png	864	milhões
1669-058/1669-058-02-02-12.png	238	de
1637-026/1637-026-04-04-04.png	207	pessoais
7153-094/7153-094-01-02-02.png	717	de
1633-022/1633-022-03-09-03.png	203	de
1448-052/1448-052-03-09-11.png	164	da
7136-077/7136-077-01-01-16.png	702	esse
6115-023/6115-023-04-02-09.png	635	são
4427-105/4427-105-02-06-05.png	499	pelo
8896-023/8896-023-01-01-05.png	961	do
7864-040/7864-040-03-06-08.png	856	Kant
4748-311/4748-311-01-02-12.png	564	drogas
0571-018/0571-018-02-06-07.png	49	que
4494-057/4494-057-03-01-14.png	509	esta
1624-013/1624-013-04-03-07.png	194	deve
1650-039/1650-039-03-04-17.png	220	Saúde
7873-049/7873-049-02-06-14.png	865	torna-se
7869-045/7869-045-01-02-10.png	861	análogo
0763-024/0763-024-03-08-03.png	97	Essa
1660-049/1660-049-04-01-03.png	229	que
1624-013/1624-013-01-03-13.png	194	completamente
2189-046/2189-046-03-05-12.png	296	gerar
7613-069/7613-069-03-01-10.png	816	do
1136-031/1136-031-03-06-12.png	138	foi
1650-039/1650-039-02-07-04.png	220	estigmas
1673-062/1673-062-02-06-11.png	242	discriminações
8996-010/8996-010-01-02-08.png	966	de
1632-021/1632-021-03-01-12.png	202	da
8254-023/8254-023-04-06-08.png	918	pela
0588-035/0588-035-01-03-15.png	59	que
0228-020/0228-020-03-03-18.png	8	do
7276-078/7276-078-01-06-11.png	749	às
1729-018/1729-018-04-05-09.png	258	de
4766-011/4766-011-04-01-05.png	569	de
1485-030/1485-030-04-08-02.png	176	de
1633-022/1633-022-02-05-08.png	203	popular
9199-032/9199-032-02-07-09.png	980	de
8900-027/8900-027-02-06-04.png	963	se
1683-072/1683-072-04-02-10.png	252	as
8516-010/8516-010-02-08-07.png	939	na
7340-042/7340-042-04-01-06.png	772	de
7343-045/7343-045-03-01-12.png	775	das
7046-009/7046-009-03-03-07.png	685	que
2120-070/2120-070-01-03-11.png	281	da
2669-026/2669-026-02-06-13.png	365	por
3040-017/3040-017-02-06-11.png	391	seu
2189-046/2189-046-03-02-16.png	296	de
0218-010/0218-010-04-07-01.png	3	de
0252-044/0252-044-02-08-06.png	20	da
7990-044/7990-044-02-03-14.png	873	as
7439-088/7439-088-02-08-05.png	787	ao
2114-064/2114-064-02-06-02.png	279	do
6112-020/6112-020-01-02-04.png	632	de
4488-051/4488-051-03-02-04.png	507	os
1666-055/1666-055-01-04-07.png	235	ficção
1660-049/1660-049-04-02-10.png	229	deve
7343-045/7343-045-03-02-10.png	775	viés
9201-034/9201-034-04-08-11.png	981	se
7984-038/7984-038-03-01-05.png	871	da
8191-041/8191-041-04-04-11.png	904	por
1633-022/1633-022-04-05-08.png	203	resultarão
7591-047/7591-047-02-06-08.png	805	dos
6390-015/6390-015-04-06-07.png	645	de
1126-021/1126-021-02-08-08.png	131	do
4996-052/4996-052-02-07-09.png	614	do
5825-023/5825-023-02-02-15.png	628	Esses
1652-041/1652-041-03-03-06.png	222	está
3639-009/3639-009-04-02-05.png	409	ao
2786-042/2786-042-02-05-06.png	380	um
1646-035/1646-035-04-02-12.png	216	Educação
7601-057/7601-057-01-04-13.png	810	democratização
5826-024/5826-024-03-06-03.png	629	na
7136-077/7136-077-02-02-20.png	702	cria
7987-041/7987-041-04-09-13.png	872	de
1651-040/1651-040-03-01-05.png	221	serem
7863-039/7863-039-03-06-10.png	855	no
2606-023/2606-023-02-05-12.png	345	no-
6390-015/6390-015-01-05-08.png	645	em
2130-080/2130-080-05-03-07.png	289	de
4265-034/4265-034-03-06-14.png	470	sex
0588-035/0588-035-04-03-02.png	59	que
8747-035/8747-035-02-01-06.png	954	que
4268-037/4268-037-03-04-13.png	471	de
7272-074/7272-074-02-07-07.png	745	que
8904-031/8904-031-04-02-05.png	965	de
7789-021/7789-021-04-01-04.png	835	os
8191-041/8191-041-03-03-11.png	904	de
7978-032/7978-032-04-05-12.png	869	quem
2248-048/2248-048-03-05-15.png	303	de
0250-042/0250-042-04-05-15.png	19	em
4789-008/4789-008-02-03-16.png	577	as
8246-015/8246-015-03-08-14.png	914	que
8443-037/8443-037-02-02-13.png	922	da
7978-032/7978-032-04-06-17.png	869	me-
2977-020/2977-020-03-10-12.png	389	do
2331-038/2331-038-02-10-10.png	316	de
0571-018/0571-018-04-07-10.png	49	das
0424-022/0424-022-04-02-09.png	28	agente
0586-033/0586-033-04-07-03.png	58	de
7803-035/7803-035-03-07-05.png	844	Tal
8224-015/8224-015-04-05-13.png	907	de
8185-035/8185-035-03-06-02.png	900	vez
1444-048/1444-048-03-08-03.png	160	de
9207-040/9207-040-03-03-09.png	983	não
8441-035/8441-035-03-06-01.png	921	ção
5648-031/5648-031-04-03-09.png	621	de
2113-063/2113-063-02-07-17.png	278	que
7722-088/7722-088-02-03-08.png	830	para
1646-035/1646-035-02-01-01.png	216	Em
6915-022/6915-022-04-09-02.png	677	só
7046-009/7046-009-04-03-03.png	685	de
1728-017/1728-017-03-01-05.png	257	do
1763-027/1763-027-03-03-17.png	266	com
4263-032/4263-032-01-05-06.png	469	por
8249-018/8249-018-01-02-09.png	916	ter
7601-057/7601-057-03-04-10.png	810	shoppings
4689-252/4689-252-03-07-02.png	553	de
4684-247/4684-247-01-04-13.png	550	co-
7587-043/7587-043-02-03-08.png	803	oferta
1683-072/1683-072-03-03-04.png	252	acerca
4900-065/4900-065-04-02-09.png	588	de
1637-026/1637-026-02-02-02.png	207	diferente
8249-018/8249-018-04-02-14.png	916	da
7724-090/7724-090-01-03-02.png	831	as
4679-242/4679-242-04-02-13.png	548	de
4748-311/4748-311-01-02-07.png	564	que
8751-039/8751-039-03-02-19.png	956	grupo
4247-016/4247-016-03-06-15.png	465	na
0588-035/0588-035-02-07-06.png	59	Desse
0574-021/0574-021-02-03-06.png	52	os
1659-048/1659-048-03-01-01.png	228	Além
7048-011/7048-011-02-08-16.png	686	de
6112-020/6112-020-03-03-07.png	632	os
4677-240/4677-240-02-06-14.png	547	Com
3650-020/3650-020-04-03-13.png	415	de
0555-002/0555-002-03-05-06.png	38	para
2497-040/2497-040-02-06-07.png	337	de
1632-021/1632-021-02-03-09.png	202	promove
7587-043/7587-043-04-03-03.png	803	as
0415-013/0415-013-01-01-10.png	26	teve
1127-022/1127-022-02-04-08.png	132	da
1729-018/1729-018-03-03-06.png	258	de
1656-045/1656-045-02-05-14.png	226	de
0218-010/0218-010-02-07-03.png	3	as
0997-023/0997-023-04-01-17.png	124	como
4482-045/4482-045-05-01-04.png	506	do
7875-051/7875-051-01-04-04.png	867	de
8225-016/8225-016-02-04-19.png	908	na
1628-017/1628-017-04-03-10.png	198	ao
0234-026/0234-026-01-07-04.png	11	seu
6392-017/6392-017-03-07-11.png	646	um
7134-075/7134-075-02-06-07.png	700	nos
1666-055/1666-055-04-02-10.png	235	Para
1633-022/1633-022-03-05-13.png	203	vida
4740-303/4740-303-04-02-03.png	560	de
4988-044/4988-044-02-06-08.png	608	de
1660-049/1660-049-01-04-02.png	229	De
8185-035/8185-035-03-03-06.png	900	fato
7805-037/7805-037-03-07-10.png	846	dos
0555-002/0555-002-03-08-25.png	38	fica
0578-025/0578-025-02-01-10.png	54	por
7277-079/7277-079-02-07-07.png	750	de
6942-024/6942-024-02-06-02.png	678	ao
4934-008/4934-008-01-05-01.png	597	ça
1641-030/1641-030-02-07-13.png	211	menospresar
7787-019/7787-019-02-02-06.png	833	Sob
8449-043/8449-043-02-09-02.png	924	do
4786-005/4786-005-03-02-12.png	576	que
2104-054/2104-054-05-08-11.png	270	seja
4985-041/4985-041-04-01-17.png	605	vez
4568-131/4568-131-04-07-14.png	520	sob
6907-014/6907-014-02-11-23.png	671	se
6139-010/6139-010-02-04-07.png	638	na
1755-019/1755-019-03-08-02.png	261	de
0560-007/0560-007-02-04-04.png	41	que
4293-006/4293-006-06-02-15.png	476	so-
4586-149/4586-149-02-04-11.png	525	de
2738-050/2738-050-03-06-03.png	371	deve
1134-029/1134-029-05-03-06.png	137	de
7338-040/7338-040-03-01-07.png	770	de
1626-015/1626-015-01-03-13.png	196	concebido
6116-024/6116-024-04-01-10.png	636	do
2607-024/2607-024-02-06-01.png	346	para
7052-015/7052-015-03-06-14.png	689	Tela
0695-086/0695-086-02-03-12.png	90	de
3127-008/3127-008-01-02-07.png	394	em
7284-086/7284-086-02-05-15.png	757	morais
7861-037/7861-037-03-03-06.png	853	em
1659-048/1659-048-02-02-11.png	228	acometidas
2606-023/2606-023-02-01-10.png	345	tratando
0415-013/0415-013-01-04-06.png	26	das
1684-073/1684-073-04-01-13.png	253	cabe
4718-281/4718-281-02-05-01.png	556	os
7591-047/7591-047-02-07-09.png	805	áreas
4767-012/4767-012-02-01-04.png	570	cabe
2606-023/2606-023-01-03-09.png	345	No
1651-040/1651-040-01-07-14.png	221	doenças
4554-117/4554-117-02-08-02.png	517	pela
7798-030/7798-030-03-05-08.png	841	de
5649-032/5649-032-03-04-07.png	622	todo
4910-075/4910-075-04-01-07.png	589	se
7160-101/7160-101-04-07-09.png	723	as
7978-032/7978-032-03-01-13.png	869	estigmatização
7587-043/7587-043-04-04-15.png	803	muni-
7702-068/7702-068-03-02-05.png	826	Sob
1624-013/1624-013-02-03-08.png	194	embasada
6392-017/6392-017-04-07-16.png	646	pela
7556-012/7556-012-01-03-06.png	788	isso
1632-021/1632-021-04-06-11.png	202	doenças
1684-073/1684-073-03-03-04.png	253	uma
0830-026/0830-026-04-03-08.png	104	as
1677-066/1677-066-03-03-07.png	246	tese
0645-036/0645-036-02-05-08.png	68	da
0560-007/0560-007-02-02-04.png	41	da
7795-027/7795-027-04-05-09.png	839	Em
6112-020/6112-020-02-05-14.png	632	so-
8481-075/8481-075-04-02-05.png	936	da
7046-009/7046-009-02-05-19.png	685	da
2372-079/2372-079-04-05-08.png	328	de
7437-086/7437-086-01-05-12.png	786	de
1481-026/1481-026-04-04-06.png	172	do
9158-042/9158-042-01-02-05.png	976	Em
0571-018/0571-018-02-04-17.png	49	ao
7576-032/7576-032-01-05-07.png	798	democratizado
1759-023/1759-023-01-04-05.png	264	no
4408-086/4408-086-04-05-02.png	493	de
7613-069/7613-069-03-06-07.png	816	país
7861-037/7861-037-02-01-12.png	853	co-
7145-086/7145-086-04-05-07.png	711	com
1674-063/1674-063-01-02-08.png	243	mental
7613-069/7613-069-03-06-01.png	816	frente
8222-013/8222-013-01-02-08.png	905	Na
1622-011/1622-011-02-05-18.png	192	aju-
1266-040/1266-040-03-04-08.png	143	fato
8898-025/8898-025-04-05-18.png	962	do
7859-035/7859-035-03-08-01.png	851	desconstrução
8182-032/8182-032-04-02-16.png	899	de
0214-006/0214-006-03-07-13.png	1	do
7803-035/7803-035-04-01-13.png	844	Poder
8900-027/8900-027-01-03-10.png	963	tal
0651-042/0651-042-03-02-01.png	71	um
8190-040/8190-040-04-01-16.png	903	Posto
1652-041/1652-041-03-01-11.png	222	aceitar
7796-028/7796-028-04-05-11.png	840	pela
7268-070/7268-070-04-03-07.png	741	as
1674-063/1674-063-03-06-02.png	243	Tal
1642-031/1642-031-04-09-01.png	212	de
7796-028/7796-028-04-07-14.png	840	que
7867-043/7867-043-02-03-17.png	859	científico
4721-284/4721-284-01-05-03.png	558	os
7862-038/7862-038-03-01-03.png	854	mais
2327-034/2327-034-04-12-11.png	313	já
0254-046/0254-046-02-05-14.png	21	os
4767-012/4767-012-04-01-05.png	570	que
1492-037/1492-037-04-04-13.png	181	que
1621-010/1621-010-04-06-08.png	191	sejam
6115-023/6115-023-03-02-18.png	635	forma
5649-032/5649-032-04-04-07.png	622	tal
0564-011/0564-011-04-03-14.png	44	dos
2184-041/2184-041-01-07-04.png	291	de
4998-054/4998-054-03-05-04.png	616	do
2610-027/2610-027-03-07-02.png	349	transtornos
7862-038/7862-038-04-01-06.png	854	saúde
1662-051/1662-051-04-01-10.png	231	SUS
7175-116/7175-116-03-03-10.png	732	dos
8459-053/8459-053-03-03-12.png	929	tal
1437-041/1437-041-03-07-10.png	155	de
0244-036/0244-036-03-01-13.png	16	as
8253-022/8253-022-01-03-10.png	917	vez
4611-174/4611-174-04-08-02.png	532	da
0683-074/0683-074-03-02-17.png	85	al-
2183-040/2183-040-03-03-09.png	290	se
8057-036/8057-036-01-04-11.png	877	às
7136-077/7136-077-04-05-19.png	702	de
8625-073/8625-073-01-06-13.png	951	que
0695-086/0695-086-01-06-12.png	90	sua
0651-042/0651-042-02-07-16.png	71	um
0693-084/0693-084-02-09-09.png	89	uma
8471-065/8471-065-04-03-12.png	933	de
7591-047/7591-047-04-04-03.png	805	de
0699-090/0699-090-04-08-10.png	92	Logo
4611-174/4611-174-04-08-11.png	532	elite
4934-008/4934-008-04-02-05.png	597	seja
8904-031/8904-031-01-05-05.png	965	aos
6439-029/6439-029-03-06-02.png	655	das
1669-058/1669-058-01-03-16.png	238	distante
6112-020/6112-020-02-06-12.png	632	Tal
4754-317/4754-317-04-01-03.png	565	que
3632-002/3632-002-03-02-10.png	404	as
8619-067/8619-067-03-02-12.png	948	ser
7871-047/7871-047-03-01-03.png	863	ressaltar
9307-010/9307-010-04-03-01.png	993	no
7053-016/7053-016-01-02-02.png	690	que
7621-077/7621-077-01-03-05.png	820	contingente
1683-072/1683-072-01-02-05.png	252	representam
4247-016/4247-016-02-02-15.png	465	na
0428-026/0428-026-03-06-10.png	29	de
4583-146/4583-146-02-06-03.png	524	seja
0228-020/0228-020-01-02-17.png	8	em
8471-065/8471-065-02-02-16.png	933	sé-
6408-033/6408-033-01-04-07.png	654	foi
7862-038/7862-038-02-08-05.png	854	frescura
4354-032/4354-032-02-07-03.png	490	que
1629-018/1629-018-01-04-08.png	199	um
1483-028/1483-028-04-02-12.png	174	por
2246-046/2246-046-04-03-03.png	301	de
2104-054/2104-054-02-01-06.png	270	da
0645-036/0645-036-02-03-10.png	68	dez
1755-019/1755-019-03-06-12.png	261	tais
1683-072/1683-072-02-06-02.png	252	Jurgen
4720-283/4720-283-01-06-09.png	557	estigmatizadas
2613-030/2613-030-02-06-05.png	352	do
1763-027/1763-027-02-05-09.png	266	são
2245-045/2245-045-01-01-15.png	300	ti-
0560-007/0560-007-03-05-20.png	41	hoje
6116-024/6116-024-02-03-05.png	636	do
1656-045/1656-045-01-05-13.png	226	psíquico
7805-037/7805-037-03-02-07.png	846	Lei
2607-024/2607-024-02-03-01.png	346	precariedade
7267-069/7267-069-01-01-16.png	740	com
2610-027/2610-027-01-07-04.png	349	preciso
0564-011/0564-011-01-01-06.png	44	Por
7978-032/7978-032-04-03-10.png	869	são
1682-071/1682-071-03-04-04.png	251	cultura
0555-002/0555-002-04-04-05.png	38	ser
4246-015/4246-015-04-02-12.png	464	da
1427-031/1427-031-01-01-13.png	146	oci-
7791-023/7791-023-01-06-03.png	836	só
2327-034/2327-034-03-17-07.png	313	Ou
1663-052/1663-052-01-04-03.png	232	pessoas
7987-041/7987-041-02-02-10.png	872	Isso
4765-010/4765-010-02-04-05.png	568	que
8463-057/8463-057-01-06-09.png	930	informação
7160-101/7160-101-04-07-06.png	723	fim
7798-030/7798-030-03-01-12.png	841	uma
2124-074/2124-074-04-04-07.png	285	os
7993-047/7993-047-02-01-16.png	874	ferramentas
7163-104/7163-104-03-03-07.png	726	sua
1674-063/1674-063-01-06-02.png	243	preconceito
7876-052/7876-052-02-02-03.png	868	problemas
1666-055/1666-055-01-05-10.png	235	tabu
4265-034/4265-034-03-04-11.png	470	do
9311-014/9311-014-03-07-05.png	996	de
7876-052/7876-052-03-04-02.png	868	bem
4247-016/4247-016-04-01-07.png	465	para
1663-052/1663-052-04-01-09.png	232	em
7591-047/7591-047-03-03-10.png	805	as
1649-038/1649-038-04-07-11.png	219	os
6390-015/6390-015-02-06-13.png	645	por
1633-022/1633-022-03-09-09.png	203	corpo
4268-037/4268-037-01-01-04.png	471	da
4554-117/4554-117-03-06-08.png	517	se
1626-015/1626-015-03-07-10.png	196	estigma
2610-027/2610-027-04-04-11.png	349	um
2505-048/2505-048-01-01-08.png	338	de
6911-018/6911-018-03-08-10.png	673	em
8467-061/8467-061-01-04-09.png	931	ao
2605-022/2605-022-01-03-02.png	344	ao
4263-032/4263-032-03-01-14.png	469	frase
8517-011/8517-011-03-01-11.png	940	do
7439-088/7439-088-04-04-09.png	787	de
2323-030/2323-030-03-09-13.png	312	ele
0571-018/0571-018-01-01-04.png	49	do
4111-029/4111-029-04-08-10.png	448	curativos
2374-081/2374-081-03-05-19.png	329	de
1449-053/1449-053-02-03-04.png	165	os
7795-027/7795-027-04-05-03.png	839	ao
7576-032/7576-032-03-02-12.png	798	interior
8453-047/8453-047-03-07-14.png	926	que
1646-035/1646-035-03-06-09.png	216	só
8222-013/8222-013-04-04-07.png	905	as
8467-061/8467-061-02-05-09.png	931	um
7052-015/7052-015-01-02-03.png	689	no
4097-015/4097-015-02-01-13.png	436	forma
1650-039/1650-039-04-02-17.png	220	da
2606-023/2606-023-03-07-08.png	345	de
1763-027/1763-027-02-03-14.png	266	em
6408-033/6408-033-02-02-08.png	654	Esse
7154-095/7154-095-01-03-14.png	718	vez
7144-085/7144-085-04-01-09.png	710	da
7863-039/7863-039-01-05-11.png	855	da
7859-035/7859-035-01-02-03.png	851	de
7863-039/7863-039-02-04-09.png	855	adversas
7601-057/7601-057-04-01-19.png	810	de
2772-028/2772-028-04-04-04.png	373	de
0583-030/0583-030-03-07-12.png	56	ser
1624-013/1624-013-03-02-05.png	194	precárias
5263-010/5263-010-05-02-01.png	619	dos
1637-026/1637-026-04-03-11.png	207	do
2252-052/2252-052-03-06-14.png	306	saúde
4677-240/4677-240-03-06-14.png	547	de
4931-005/4931-005-02-02-16.png	596	do
4321-017/4321-017-02-02-06.png	487	de
7135-076/7135-076-04-04-04.png	701	Lei
1755-019/1755-019-04-01-10.png	261	com
1469-014/1469-014-04-04-03.png	166	fim
8248-017/8248-017-02-05-05.png	915	os
1682-071/1682-071-01-03-07.png	251	observa
1650-039/1650-039-02-02-03.png	220	exemplificação
0514-014/0514-014-02-05-11.png	31	da
0586-033/0586-033-03-06-12.png	58	em
7134-075/7134-075-01-02-10.png	700	pelo
6404-029/6404-029-01-02-10.png	652	em
7132-073/7132-073-03-06-18.png	698	for-
7621-077/7621-077-04-03-11.png	820	toda
1632-021/1632-021-04-03-06.png	202	por
0649-040/0649-040-02-07-13.png	70	os
4234-003/4234-003-03-06-04.png	462	que
7261-063/7261-063-01-05-03.png	736	as
1669-058/1669-058-01-04-10.png	238	minimizariam
7174-115/7174-115-03-02-09.png	731	do
1628-017/1628-017-02-07-01.png	198	pelos
7871-047/7871-047-04-03-12.png	863	divulgação
1432-036/1432-036-04-02-07.png	150	por
7803-035/7803-035-03-05-07.png	844	que
7868-044/7868-044-04-01-08.png	860	da
7863-039/7863-039-01-01-07.png	855	escritor
7156-097/7156-097-02-02-12.png	719	Por
4743-306/4743-306-04-03-14.png	561	meio
0659-050/0659-050-04-05-01.png	75	de
6476-006/6476-006-04-02-09.png	656	de
7286-088/7286-088-03-01-13.png	759	um
2368-075/2368-075-02-02-10.png	326	Isso
0993-019/0993-019-03-01-10.png	121	do
7053-016/7053-016-03-02-05.png	690	de
2776-032/2776-032-02-05-12.png	375	os
1656-045/1656-045-04-01-05.png	226	das
1650-039/1650-039-02-01-19.png	220	país
8749-037/8749-037-04-06-13.png	955	influência
1214-021/1214-021-03-06-07.png	141	de
1726-015/1726-015-03-06-01.png	255	de
2346-053/2346-053-06-07-02.png	324	de
7425-074/7425-074-04-05-01.png	784	ções
8749-037/8749-037-02-01-13.png	955	social
1632-021/1632-021-04-02-13.png	202	que
4445-008/4445-008-04-09-09.png	501	da
8759-047/8759-047-04-01-10.png	960	melhora
4577-140/4577-140-03-04-10.png	523	Tal
2368-075/2368-075-01-01-14.png	326	do
2772-028/2772-028-02-06-06.png	373	está
3682-052/3682-052-02-06-05.png	433	ele
7866-042/7866-042-04-02-06.png	858	dos
7160-101/7160-101-04-06-09.png	723	de
7866-042/7866-042-01-06-11.png	858	caótico
4790-009/4790-009-02-02-02.png	578	ao
7261-063/7261-063-03-01-09.png	736	dos
1638-027/1638-027-02-09-03.png	208	mentirosa
8447-041/8447-041-03-01-07.png	923	de
6112-020/6112-020-01-07-08.png	632	da
1680-069/1680-069-04-04-09.png	249	lutar
6142-013/6142-013-04-02-06.png	640	da
4321-017/4321-017-05-04-05.png	487	ele
1673-062/1673-062-03-03-11.png	242	em
7145-086/7145-086-02-08-07.png	711	que
4448-011/4448-011-04-03-05.png	502	da
8902-029/8902-029-01-05-09.png	964	que
7585-041/7585-041-04-01-01.png	802	Torna-se
0657-048/0657-048-03-06-11.png	74	se
4900-065/4900-065-02-01-01.png	588	No
7278-080/7278-080-01-02-03.png	751	de
6113-021/6113-021-04-04-12.png	633	dos
7702-068/7702-068-04-03-01.png	826	Logo
1650-039/1650-039-04-08-02.png	220	locais
2970-013/2970-013-02-01-02.png	382	pode-se
0220-012/0220-012-03-04-14.png	4	há
7864-040/7864-040-02-07-06.png	856	tomar
4997-053/4997-053-01-05-07.png	615	de
8759-047/8759-047-04-09-01.png	960	trica
4583-146/4583-146-04-02-04.png	524	do
2511-054/2511-054-04-05-12.png	340	nas
7260-062/7260-062-03-08-10.png	735	de
0586-033/0586-033-04-05-08.png	58	em
2738-050/2738-050-01-03-14.png	371	uma
0424-022/0424-022-02-09-01.png	28	ele
7984-038/7984-038-03-04-10.png	871	potencial
1628-017/1628-017-03-03-08.png	198	com
1266-040/1266-040-03-04-01.png	143	ca
4418-096/4418-096-03-03-01.png	497	de
7270-072/7270-072-03-01-05.png	743	de
0564-011/0564-011-04-03-07.png	44	seu
2606-023/2606-023-02-04-10.png	345	queimada
7157-098/7157-098-03-03-10.png	720	da
7439-088/7439-088-01-02-02.png	787	dos
7869-045/7869-045-04-07-03.png	861	buscam
1641-030/1641-030-04-06-11.png	211	de
1768-032/1768-032-01-04-11.png	269	da
6907-014/6907-014-04-06-11.png	671	de
0524-024/0524-024-03-05-07.png	36	tem
7587-043/7587-043-04-02-10.png	803	acessos
6913-020/6913-020-01-07-04.png	675	isso
0647-038/0647-038-01-04-15.png	69	de
8747-035/8747-035-03-07-01.png	954	cionalidade
9199-032/9199-032-01-04-13.png	980	tal
1674-063/1674-063-02-04-09.png	243	que
0657-048/0657-048-03-01-11.png	74	no
4928-002/4928-002-03-05-02.png	593	de
7267-069/7267-069-02-08-14.png	740	para
0775-036/0775-036-03-07-02.png	102	de
8253-022/8253-022-03-03-02.png	917	dever
7589-045/7589-045-01-04-11.png	804	criação
2738-050/2738-050-03-05-15.png	371	que
7337-039/7337-039-01-06-03.png	769	de
1621-010/1621-010-02-08-13.png	191	Logo
4673-236/4673-236-01-05-06.png	546	em
0216-008/0216-008-02-07-11.png	2	está
2110-060/2110-060-02-01-08.png	276	do
8751-039/8751-039-02-06-13.png	956	no
0995-021/0995-021-01-04-06.png	123	se
0669-060/0669-060-03-01-05.png	80	tal
0571-018/0571-018-03-05-07.png	49	as
7981-035/7981-035-03-02-03.png	870	relação
6110-018/6110-018-02-09-03.png	631	deste
7867-043/7867-043-02-01-10.png	859	influência
4352-030/4352-030-04-03-08.png	489	as
1732-021/1732-021-03-08-02.png	260	do
7151-092/7151-092-04-03-07.png	715	de
8751-039/8751-039-04-07-03.png	956	de
0578-025/0578-025-04-02-05.png	54	dos
2970-013/2970-013-02-07-09.png	382	que
0224-016/0224-016-02-03-04.png	6	aos
7984-038/7984-038-01-02-15.png	871	de
8471-065/8471-065-03-07-03.png	933	de
7158-099/7158-099-02-02-06.png	721	qu
7858-034/7858-034-02-08-03.png	850	social
7799-031/7799-031-02-03-12.png	842	dos
4247-016/4247-016-04-01-03.png	465	que
7859-035/7859-035-01-03-11.png	851	brasileiro
2186-043/2186-043-04-06-11.png	293	não
0588-035/0588-035-04-06-07.png	59	por
8747-035/8747-035-02-03-02.png	954	destinados
1266-040/1266-040-04-02-02.png	143	no
0667-058/0667-058-03-07-09.png	79	no
8473-067/8473-067-04-01-07.png	934	às
2633-019/2633-019-03-07-10.png	354	que
6390-015/6390-015-01-04-16.png	645	de
1651-040/1651-040-02-07-16.png	221	que
5651-034/5651-034-02-01-08.png	624	ao
1485-030/1485-030-04-02-05.png	176	de
1624-013/1624-013-04-06-11.png	194	de
3672-042/3672-042-02-03-05.png	424	que
7267-069/7267-069-04-06-09.png	740	os
8517-011/8517-011-02-06-18.png	940	do
8521-015/8521-015-03-05-12.png	942	só
3679-049/3679-049-03-07-15.png	430	de
7981-035/7981-035-02-06-12.png	870	na
7981-035/7981-035-02-03-12.png	870	atendimento
0570-017/0570-017-04-02-11.png	48	deve
0220-012/0220-012-02-03-17.png	4	do
1659-048/1659-048-01-02-12.png	228	de
7152-093/7152-093-04-08-06.png	716	que
7589-045/7589-045-04-02-12.png	804	prática
6392-017/6392-017-03-04-13.png	646	uma
7591-047/7591-047-01-05-04.png	805	tais
1680-069/1680-069-03-03-12.png	249	ao
4677-240/4677-240-02-05-15.png	547	que
4313-009/4313-009-04-04-10.png	486	da
7868-044/7868-044-01-06-10.png	860	potencializador
1487-032/1487-032-04-04-01.png	177	ção
3641-011/3641-011-02-08-07.png	410	de
1621-010/1621-010-04-04-08.png	191	plano
8246-015/8246-015-03-06-12.png	914	da
7556-012/7556-012-02-01-01.png	788	Convém
8120-022/8120-022-03-06-14.png	882	de
1656-045/1656-045-02-08-12.png	226	indivíduos
1266-040/1266-040-04-03-11.png	143	de
7275-077/7275-077-01-01-13.png	748	país
1632-021/1632-021-03-02-09.png	202	pacientes
1499-044/1499-044-04-04-11.png	187	de
2670-027/2670-027-05-02-03.png	366	ele
0564-011/0564-011-04-06-22.png	44	aber
1656-045/1656-045-03-09-01.png	226	também
2339-046/2339-046-05-07-10.png	320	tal
1725-014/1725-014-02-02-14.png	254	mili-
7613-069/7613-069-02-06-14.png	816	terão
6116-024/6116-024-03-04-10.png	636	no
7978-032/7978-032-02-01-04.png	869	que
1633-022/1633-022-04-03-05.png	203	em
2248-048/2248-048-01-04-09.png	303	isso
4766-011/4766-011-04-07-14.png	569	de
0573-020/0573-020-02-05-07.png	51	que
0560-007/0560-007-02-07-13.png	41	são
6478-008/6478-008-03-02-02.png	657	de
7861-037/7861-037-03-02-06.png	853	das
0240-032/0240-032-02-02-09.png	14	das
4448-011/4448-011-04-08-06.png	502	si
6142-013/6142-013-02-08-09.png	640	os
0214-006/0214-006-04-04-11.png	1	de
7278-080/7278-080-01-05-04.png	751	um
3636-006/3636-006-02-03-08.png	406	que
2106-056/2106-056-01-02-03.png	272	No
7576-032/7576-032-01-01-05.png	798	fim
7338-040/7338-040-01-07-09.png	770	de
1128-023/1128-023-04-04-03.png	133	se
1437-041/1437-041-01-01-18.png	155	por
8751-039/8751-039-02-03-02.png	956	dos
7981-035/7981-035-01-06-07.png	870	uma
8900-027/8900-027-03-06-09.png	963	as
1128-023/1128-023-01-08-09.png	133	de
3649-019/3649-019-04-02-04.png	414	ao
7138-079/7138-079-04-04-04.png	704	de
2605-022/2605-022-02-04-09.png	344	pelas
7978-032/7978-032-03-02-06.png	869	sentido
0555-002/0555-002-02-03-13.png	38	que
7284-086/7284-086-03-02-02.png	757	de
7282-084/7282-084-02-05-19.png	755	como
2977-020/2977-020-04-03-04.png	389	pertence
2112-062/2112-062-01-01-05.png	277	de
1662-051/1662-051-03-06-07.png	231	linguagem
7869-045/7869-045-04-01-06.png	861	que
1729-018/1729-018-04-04-18.png	258	da
4294-007/4294-007-03-05-17.png	477	de
7271-073/7271-073-03-07-16.png	744	vez
0761-022/0761-022-02-06-01.png	96	de
1214-021/1214-021-04-05-15.png	141	de
7793-025/7793-025-02-04-11.png	837	do
1652-041/1652-041-02-09-09.png	222	mentais
2104-054/2104-054-04-01-04.png	270	por
6439-029/6439-029-04-02-15.png	655	nas
6392-017/6392-017-01-01-15.png	646	qual
1652-041/1652-041-04-02-10.png	222	doenças
7589-045/7589-045-02-03-10.png	804	Nordeste
8443-037/8443-037-03-06-18.png	922	não
7589-045/7589-045-03-01-02.png	804	então
6137-008/6137-008-02-04-14.png	637	de
7261-063/7261-063-03-06-08.png	736	de
0564-011/0564-011-03-07-05.png	44	setor
2613-030/2613-030-04-03-09.png	352	efeitos
0593-040/0593-040-01-01-04.png	63	de
4554-117/4554-117-05-05-06.png	517	de
3669-039/3669-039-05-05-01.png	421	tal
1683-072/1683-072-02-07-10.png	252	prática
2784-040/2784-040-03-09-02.png	379	em
7862-038/7862-038-01-06-01.png	854	tização
4623-186/4623-186-02-03-14.png	534	esse
1432-036/1432-036-04-04-01.png	150	ção
1487-032/1487-032-02-06-05.png	177	de
1621-010/1621-010-01-03-07.png	191	todos
1652-041/1652-041-03-06-03.png	222	afasta
2605-022/2605-022-01-07-03.png	344	agravantes
1427-031/1427-031-02-01-06.png	146	as
7861-037/7861-037-03-04-07.png	853	frescura
2252-052/2252-052-03-03-02.png	306	de
4577-140/4577-140-05-01-10.png	523	que
6144-015/6144-015-04-02-11.png	641	de
4672-235/4672-235-02-05-01.png	545	tais
0669-060/0669-060-04-05-06.png	80	na
1659-048/1659-048-04-03-07.png	228	projeto
1441-045/1441-045-04-07-01.png	158	ra
4293-006/4293-006-04-02-09.png	476	que
8751-039/8751-039-03-03-05.png	956	na
7284-086/7284-086-04-06-07.png	757	de
8255-024/8255-024-03-07-01.png	919	em
4980-036/4980-036-03-04-04.png	602	que
4247-016/4247-016-04-03-13.png	465	com
0683-074/0683-074-03-06-05.png	85	do
0593-040/0593-040-02-07-10.png	63	de
7145-086/7145-086-03-04-12.png	711	os
1624-013/1624-013-01-07-12.png	194	pouca
4623-186/4623-186-04-01-09.png	534	de
8759-047/8759-047-03-04-10.png	960	Ministério
1663-052/1663-052-02-05-11.png	232	fatídico
2977-020/2977-020-04-07-02.png	389	com
1427-031/1427-031-04-01-08.png	146	pelas
6914-021/6914-021-01-07-10.png	676	da
4943-017/4943-017-03-01-14.png	601	capi-
0667-058/0667-058-02-07-21.png	79	per-
6137-008/6137-008-04-03-03.png	637	de
1661-050/1661-050-03-06-12.png	230	que
2666-023/2666-023-04-05-11.png	363	or-
2977-020/2977-020-04-08-12.png	389	eram
2670-027/2670-027-05-03-01.png	366	do
0997-023/0997-023-02-10-04.png	124	da
1674-063/1674-063-03-02-14.png	243	não
9197-030/9197-030-04-01-12.png	979	des-
1683-072/1683-072-02-02-07.png	252	Dessa
1766-030/1766-030-03-08-01.png	268	de
2673-030/2673-030-02-03-08.png	368	de
7145-086/7145-086-02-04-02.png	711	na
0588-035/0588-035-01-04-05.png	59	se
7861-037/7861-037-04-03-10.png	853	os
8242-011/8242-011-01-02-12.png	910	do
7993-047/7993-047-02-06-11.png	874	essa
2106-056/2106-056-02-02-10.png	272	uma
4427-105/4427-105-04-04-11.png	499	viabilizar
7601-057/7601-057-03-05-08.png	810	com
7862-038/7862-038-02-05-17.png	854	tra-
7048-011/7048-011-04-04-15.png	686	as
0220-012/0220-012-02-02-04.png	4	ao
7421-070/7421-070-04-05-08.png	782	de
4294-007/4294-007-02-05-12.png	477	já
0641-032/0641-032-03-07-07.png	66	com
7987-041/7987-041-04-08-10.png	872	se
0236-028/0236-028-02-01-08.png	12	papel
2121-071/2121-071-02-07-03.png	282	efeito
1625-014/1625-014-04-04-07.png	195	camadas
7576-032/7576-032-01-05-14.png	798	nos
8246-015/8246-015-03-08-09.png	914	por
8246-015/8246-015-02-03-15.png	914	que
4466-029/4466-029-03-02-04.png	505	de
7868-044/7868-044-03-02-15.png	860	de
4765-010/4765-010-03-01-12.png	568	de
7343-045/7343-045-02-06-02.png	775	as
2634-020/2634-020-02-05-01.png	355	não
1759-023/1759-023-03-05-13.png	264	faz-se
7993-047/7993-047-03-05-07.png	874	sociedade
6113-021/6113-021-03-08-09.png	633	por
7587-043/7587-043-01-03-06.png	803	essência
2513-056/2513-056-01-04-03.png	341	dos
1215-022/1215-022-02-07-12.png	142	atos
0659-050/0659-050-02-05-08.png	75	da
7862-038/7862-038-03-05-06.png	854	cotidiano
0252-044/0252-044-03-05-13.png	20	ela
1128-023/1128-023-02-04-02.png	133	de
1643-032/1643-032-02-03-04.png	213	decorre
4586-149/4586-149-02-07-07.png	525	de
5824-022/5824-022-04-03-03.png	627	do
0254-046/0254-046-04-01-07.png	21	no
2120-070/2120-070-04-03-02.png	281	de
7601-057/7601-057-03-02-17.png	810	respeito
2634-020/2634-020-03-06-08.png	355	de
4412-090/4412-090-04-08-22.png	494	Por
0641-032/0641-032-03-03-09.png	66	esse
8245-014/8245-014-02-01-16.png	913	se
9306-009/9306-009-01-01-17.png	992	das
1768-032/1768-032-04-07-05.png	269	de
1622-011/1622-011-04-07-13.png	192	vidas
2505-048/2505-048-04-08-10.png	338	os
4574-137/4574-137-05-04-01.png	522	do
7170-111/7170-111-03-01-08.png	729	um
2109-059/2109-059-03-07-01.png	275	guir
0293-015/0293-015-02-02-14.png	25	de
2104-054/2104-054-05-06-06.png	270	de
0588-035/0588-035-04-03-15.png	59	por
4681-244/4681-244-03-06-09.png	549	de
7141-082/7141-082-02-02-09.png	707	de
2977-020/2977-020-03-05-01.png	389	ses
4775-020/4775-020-02-03-18.png	573	dessa
4929-003/4929-003-02-03-10.png	594	ações
5262-009/5262-009-05-05-01.png	618	no
4111-029/4111-029-03-02-12.png	448	governamentais
2776-032/2776-032-03-06-13.png	375	país
0997-023/0997-023-04-03-08.png	124	Tal
4408-086/4408-086-01-04-07.png	493	de
4767-012/4767-012-03-01-06.png	570	que
7876-052/7876-052-02-01-08.png	868	como
7993-047/7993-047-04-06-01.png	874	te
4298-011/4298-011-05-03-07.png	480	que
4303-016/4303-016-02-03-01.png	482	de
2515-058/2515-058-04-03-02.png	342	de
4246-015/4246-015-01-02-13.png	464	dos
1642-031/1642-031-04-02-03.png	212	Brasil
4111-029/4111-029-04-03-07.png	448	combate
0236-028/0236-028-03-01-10.png	12	no
7145-086/7145-086-01-05-06.png	711	por
8243-012/8243-012-02-06-03.png	911	sem
4668-231/4668-231-04-05-01.png	543	tal
2184-041/2184-041-02-04-14.png	291	por
9201-034/9201-034-04-08-08.png	981	pela
8459-053/8459-053-02-02-02.png	929	ao
4740-303/4740-303-02-04-07.png	560	do
4354-032/4354-032-04-01-07.png	490	de
4412-090/4412-090-02-01-17.png	494	mitiga
6404-029/6404-029-04-07-01.png	652	to
7990-044/7990-044-01-04-01.png	873	Atualmente
2120-070/2120-070-01-07-13.png	281	do
1432-036/1432-036-01-01-12.png	150	é-
4296-009/4296-009-05-01-11.png	478	de
1662-051/1662-051-02-07-05.png	231	não
1628-017/1628-017-03-02-08.png	198	os
4289-002/4289-002-05-06-08.png	472	de
2374-081/2374-081-04-02-17.png	329	de
2511-054/2511-054-02-01-06.png	340	que
1627-016/1627-016-02-04-01.png	197	dial
7048-011/7048-011-03-05-01.png	686	fa
4321-017/4321-017-02-08-09.png	487	que
7134-075/7134-075-02-08-03.png	700	que
2106-056/2106-056-04-01-16.png	272	de
0236-028/0236-028-02-04-07.png	12	de
4684-247/4684-247-03-04-12.png	550	úni-
4097-015/4097-015-01-02-12.png	436	Fora
0520-020/0520-020-02-07-06.png	34	já
2772-028/2772-028-05-04-02.png	373	se
4718-281/4718-281-02-06-13.png	556	tal
7132-073/7132-073-02-08-17.png	698	dos
1652-041/1652-041-03-05-09.png	222	esse
4574-137/4574-137-02-02-09.png	522	de
7793-025/7793-025-04-04-11.png	837	de
7798-030/7798-030-03-06-01.png	841	no
7268-070/7268-070-02-08-09.png	741	do
4681-244/4681-244-01-04-05.png	549	de
2248-048/2248-048-02-06-13.png	303	Em
0695-086/0695-086-04-03-12.png	90	que
1677-066/1677-066-03-02-03.png	246	aspecto
4247-016/4247-016-02-06-21.png	465	todos
2610-027/2610-027-03-02-06.png	349	francês
7177-118/7177-118-04-02-09.png	733	por
0216-008/0216-008-03-01-07.png	2	de
1659-048/1659-048-01-02-07.png	228	ao
1638-027/1638-027-02-06-07.png	208	do
7862-038/7862-038-02-05-02.png	854	do
7601-057/7601-057-03-06-06.png	810	tais
8759-047/8759-047-04-01-04.png	960	medida
6116-024/6116-024-01-03-15.png	636	as
0667-058/0667-058-02-07-06.png	79	um
6140-011/6140-011-01-06-12.png	639	que
0657-048/0657-048-04-01-01.png	74	Em
7564-020/7564-020-02-03-15.png	792	de
1663-052/1663-052-02-03-14.png	232	um
2109-059/2109-059-01-03-10.png	275	para
7793-025/7793-025-04-04-08.png	837	de
2189-046/2189-046-03-01-11.png	296	vida
4791-010/4791-010-03-03-08.png	579	viés
7871-047/7871-047-04-09-08.png	863	escolar
8471-065/8471-065-03-03-12.png	933	as
0588-035/0588-035-01-05-13.png	59	não
0669-060/0669-060-01-06-04.png	80	de
1652-041/1652-041-02-10-03.png	222	em
2375-082/2375-082-01-01-03.png	330	os
2186-043/2186-043-01-02-13.png	293	uma
4936-010/4936-010-03-03-07.png	598	do
7601-057/7601-057-01-05-10.png	810	na
2515-058/2515-058-03-08-15.png	342	foi
2605-022/2605-022-03-05-12.png	344	importância
0555-002/0555-002-04-04-10.png	38	aulas
5822-020/5822-020-04-02-12.png	625	sua
8120-022/8120-022-04-02-03.png	882	atores
0250-042/0250-042-02-05-14.png	19	no
1682-071/1682-071-01-01-04.png	251	de
0593-040/0593-040-01-04-08.png	63	na
7283-085/7283-085-04-05-05.png	756	da
2606-023/2606-023-03-02-10.png	345	existente
2120-070/2120-070-04-01-13.png	281	deve
8254-023/8254-023-03-06-18.png	918	de
6907-014/6907-014-04-01-11.png	671	que
7866-042/7866-042-02-07-10.png	858	fim
1682-071/1682-071-01-04-06.png	251	na
7862-038/7862-038-03-08-04.png	854	virtual
1656-045/1656-045-01-04-04.png	226	ótica
7873-049/7873-049-01-03-19.png	865	forma
7267-069/7267-069-01-04-07.png	740	com
2109-059/2109-059-01-04-14.png	275	pressa
0218-010/0218-010-01-04-17.png	3	do
1624-013/1624-013-04-04-12.png	194	especialistas
7793-025/7793-025-02-03-11.png	837	da
2318-025/2318-025-04-13-03.png	308	do
6946-028/6946-028-03-08-14.png	680	sua
7284-086/7284-086-01-04-14.png	757	viés
2666-023/2666-023-02-06-07.png	363	de
0238-030/0238-030-02-05-19.png	13	pre-
7134-075/7134-075-01-05-15.png	700	no
8759-047/8759-047-02-02-06.png	960	atendimento
1627-016/1627-016-03-05-09.png	197	do
0218-010/0218-010-04-01-14.png	3	Logo
8467-061/8467-061-04-05-08.png	931	das
8751-039/8751-039-04-02-03.png	956	urge
7154-095/7154-095-03-07-04.png	718	um
4987-043/4987-043-02-05-08.png	607	ser
7282-084/7282-084-04-04-03.png	755	fim
1674-063/1674-063-04-02-15.png	243	às
8222-013/8222-013-03-08-01.png	905	que
7556-012/7556-012-04-03-09.png	788	contrato
2335-042/2335-042-03-18-01.png	318	da
1669-058/1669-058-01-03-06.png	238	que
1674-063/1674-063-02-07-14.png	243	bem-estar
1627-016/1627-016-04-03-09.png	197	para
1429-033/1429-033-04-02-15.png	147	Logo
7873-049/7873-049-03-07-01.png	865	va
4292-005/4292-005-05-04-14.png	475	ela
8245-014/8245-014-03-05-07.png	913	Em
7129-070/7129-070-03-07-03.png	695	de
8757-045/8757-045-04-02-10.png	959	as
7144-085/7144-085-03-06-07.png	710	de
2374-081/2374-081-03-04-17.png	329	se
1656-045/1656-045-01-05-08.png	226	seja
2970-013/2970-013-04-05-04.png	382	cultura
8191-041/8191-041-04-04-02.png	904	de
0555-002/0555-002-03-07-05.png	38	ao
7012-025/7012-025-04-04-03.png	681	de
3665-035/3665-035-02-05-09.png	418	Em
4568-131/4568-131-04-01-13.png	520	ao
9199-032/9199-032-02-01-13.png	980	na
7862-038/7862-038-04-03-10.png	854	de
4783-002/4783-002-02-02-14.png	575	de
1646-035/1646-035-02-05-16.png	216	filósofo
4845-010/4845-010-05-02-08.png	581	do
1677-066/1677-066-02-03-14.png	246	número
7807-039/7807-039-02-07-06.png	848	da
1661-050/1661-050-04-03-16.png	230	futura
9201-034/9201-034-04-06-10.png	981	por
7872-048/7872-048-04-05-10.png	864	de
1643-032/1643-032-02-06-03.png	213	economicamente
6402-027/6402-027-02-02-11.png	651	na
7794-026/7794-026-03-06-13.png	838	que
0572-019/0572-019-02-02-08.png	50	um
8999-013/8999-013-03-08-10.png	968	do
0681-072/0681-072-01-04-07.png	84	os
7159-100/7159-100-03-04-08.png	722	de
2125-075/2125-075-02-03-05.png	286	do
2112-062/2112-062-01-02-12.png	277	que
1625-014/1625-014-01-05-01.png	195	da
1662-051/1662-051-04-03-07.png	231	promover
7268-070/7268-070-02-06-14.png	741	os
0651-042/0651-042-02-05-17.png	71	que
4268-037/4268-037-02-07-10.png	471	de
0232-024/0232-024-02-05-07.png	10	de
1002-028/1002-028-04-02-14.png	127	Es-
2130-080/2130-080-05-03-05.png	289	da
6145-016/6145-016-03-04-16.png	642	dos
2970-013/2970-013-02-08-02.png	382	nas
4988-044/4988-044-02-03-05.png	608	vez
7164-105/7164-105-05-02-01.png	727	fator
7875-051/7875-051-02-05-03.png	867	distantes
4303-016/4303-016-02-07-05.png	482	que
7564-020/7564-020-04-04-09.png	792	filmes
4943-017/4943-017-03-02-11.png	601	de
8521-015/8521-015-04-02-11.png	942	em
4766-011/4766-011-04-06-02.png	569	nas
7293-095/7293-095-02-01-12.png	765	essa
3652-022/3652-022-01-02-17.png	417	era
0293-015/0293-015-04-06-05.png	25	de
7724-090/7724-090-04-03-11.png	831	da
0555-002/0555-002-01-02-02.png	38	por
0993-019/0993-019-01-05-04.png	121	No
2121-071/2121-071-01-03-01.png	282	dos
2605-022/2605-022-01-04-06.png	344	tema
2679-036/2679-036-04-05-02.png	370	dos
2129-079/2129-079-04-01-06.png	288	às
3682-052/3682-052-02-04-11.png	433	vez
5823-021/5823-021-02-04-01.png	626	ria
0573-020/0573-020-02-07-10.png	51	um
0238-030/0238-030-02-06-08.png	13	de
0216-008/0216-008-02-07-16.png	2	da
7591-047/7591-047-03-08-03.png	805	obtiveram
1621-010/1621-010-02-08-04.png	191	busca
1641-030/1641-030-03-09-05.png	211	que
1624-013/1624-013-02-02-12.png	194	contribuição
0236-028/0236-028-02-07-18.png	12	ser
0997-023/0997-023-02-11-16.png	124	de
7267-069/7267-069-03-03-12.png	740	por
8121-023/8121-023-04-04-06.png	883	de
1002-028/1002-028-01-05-04.png	127	as
8443-037/8443-037-04-03-09.png	922	de
8747-035/8747-035-02-06-04.png	954	não
1632-021/1632-021-03-02-06.png	202	ele
7799-031/7799-031-02-08-05.png	842	do
4299-012/4299-012-06-04-09.png	481	para
4466-029/4466-029-03-05-09.png	505	No
6144-015/6144-015-02-02-16.png	641	de
0560-007/0560-007-02-02-07.png	41	deva
7799-031/7799-031-02-09-06.png	842	no
7872-048/7872-048-04-02-04.png	864	que
7564-020/7564-020-03-04-04.png	792	Sul
7876-052/7876-052-02-05-05.png	868	que
8757-045/8757-045-03-06-04.png	959	tendência
1630-019/1630-019-01-02-06.png	200	ao
4408-086/4408-086-01-01-07.png	493	arte
7587-043/7587-043-04-03-02.png	803	tal
8900-027/8900-027-02-03-10.png	963	que
1476-021/1476-021-03-04-09.png	169	os
7267-069/7267-069-04-06-04.png	740	de
7796-028/7796-028-02-07-04.png	840	as
2189-046/2189-046-03-04-09.png	296	que
0293-015/0293-015-03-07-05.png	25	se
9140-024/9140-024-03-05-09.png	973	de
4292-005/4292-005-03-03-12.png	475	nas
4929-003/4929-003-02-06-06.png	594	do
4790-009/4790-009-04-01-15.png	578	fa-
0990-016/0990-016-02-01-07.png	118	do
1449-053/1449-053-04-07-06.png	165	por
0705-096/0705-096-03-01-01.png	94	Por
7156-097/7156-097-02-07-14.png	719	das
4412-090/4412-090-03-02-04.png	494	país
1643-032/1643-032-02-01-08.png	213	quantidade
8485-079/8485-079-02-05-03.png	938	não
8254-023/8254-023-03-05-15.png	918	da
1487-032/1487-032-01-04-05.png	177	de
2613-030/2613-030-02-06-01.png	352	comportamentos
4577-140/4577-140-02-06-04.png	523	de
8249-018/8249-018-01-04-11.png	916	de
4791-010/4791-010-01-06-05.png	579	da
7981-035/7981-035-01-01-01.png	870	Durante
7279-081/7279-081-01-01-01.png	752	No
1628-017/1628-017-02-04-09.png	198	quando
7692-058/7692-058-03-01-05.png	824	que
1214-021/1214-021-04-02-05.png	141	da
1652-041/1652-041-01-03-17.png	222	pe-
1621-010/1621-010-02-03-04.png	191	Norberto
1649-038/1649-038-02-06-02.png	219	que
6142-013/6142-013-02-01-16.png	640	os
2123-073/2123-073-04-01-13.png	284	de
7868-044/7868-044-02-05-04.png	860	pejorativa
6914-021/6914-021-04-04-16.png	676	ati-
4246-015/4246-015-02-01-08.png	464	não
4601-164/4601-164-03-10-07.png	529	dizer
6408-033/6408-033-03-05-02.png	654	da
7439-088/7439-088-04-05-17.png	787	cabe
0667-058/0667-058-04-02-13.png	79	de
7260-062/7260-062-02-06-04.png	735	da
0514-014/0514-014-03-06-10.png	31	não
7873-049/7873-049-02-02-01.png	865	foge
8190-040/8190-040-02-05-19.png	903	as
1650-039/1650-039-03-03-18.png	220	de
1427-031/1427-031-01-03-06.png	146	Por
4997-053/4997-053-03-06-08.png	615	por
2613-030/2613-030-02-01-01.png	352	Vale
8451-045/8451-045-03-01-12.png	925	ne-
1654-043/1654-043-04-05-02.png	224	internet
0761-022/0761-022-04-07-03.png	96	do
2970-013/2970-013-02-03-03.png	382	1808
7287-089/7287-089-02-01-09.png	760	do
8186-036/8186-036-01-02-02.png	901	há
6115-023/6115-023-02-07-13.png	635	de
4482-045/4482-045-02-02-11.png	506	de
8471-065/8471-065-02-04-06.png	933	as
1674-063/1674-063-04-03-02.png	243	mentais
9203-036/9203-036-02-04-01.png	982	se
8120-022/8120-022-03-04-03.png	882	refere
4610-173/4610-173-02-02-02.png	531	que
5822-020/5822-020-05-02-07.png	625	que
7052-015/7052-015-04-03-08.png	689	em
7591-047/7591-047-03-03-15.png	805	novas
7589-045/7589-045-03-02-10.png	804	livre
1474-019/1474-019-04-03-01.png	167	meio
7136-077/7136-077-01-01-18.png	702	com-
3670-040/3670-040-03-01-09.png	422	há
4097-015/4097-015-04-01-02.png	436	urge
4545-108/4545-108-04-05-16.png	515	tempo
2489-032/2489-032-04-01-15.png	333	às
4482-045/4482-045-04-02-14.png	506	na
4412-090/4412-090-03-07-05.png	494	os
4740-303/4740-303-03-01-09.png	560	da
8900-027/8900-027-04-04-10.png	963	as
2129-079/2129-079-03-04-06.png	288	de
6484-014/6484-014-02-06-07.png	660	pelas
8751-039/8751-039-03-03-03.png	956	fenômeno
7576-032/7576-032-02-02-19.png	798	ação
1650-039/1650-039-02-04-10.png	220	de
4930-004/4930-004-03-07-14.png	595	obra
3670-040/3670-040-04-04-05.png	422	ao
8900-027/8900-027-02-06-17.png	963	no
7867-043/7867-043-04-03-11.png	859	as
2639-025/2639-025-02-06-06.png	360	sua
8254-023/8254-023-01-01-10.png	918	se
1444-048/1444-048-03-08-17.png	160	dos
1123-018/1123-018-01-09-09.png	129	no
4598-161/4598-161-03-07-02.png	528	até
4786-005/4786-005-03-03-09.png	576	de
1646-035/1646-035-02-08-04.png	216	vez
1677-066/1677-066-04-06-05.png	246	será
4936-010/4936-010-03-01-15.png	598	país
6404-029/6404-029-02-01-12.png	652	de
7163-104/7163-104-02-03-11.png	726	do
7724-090/7724-090-01-06-08.png	831	de
7014-027/7014-027-03-02-13.png	682	do
4847-012/4847-012-02-05-06.png	582	tal
5649-032/5649-032-02-04-05.png	622	do
4783-002/4783-002-01-01-12.png	575	Esse
0238-030/0238-030-04-06-03.png	13	da
0765-026/0765-026-03-04-04.png	98	de
4294-007/4294-007-03-01-01.png	477	Sob
7145-086/7145-086-04-03-15.png	711	de
6116-024/6116-024-03-02-16.png	636	nos
2613-030/2613-030-02-06-07.png	352	em
8459-053/8459-053-02-03-07.png	929	Esse
4720-283/4720-283-02-04-15.png	557	da
4623-186/4623-186-05-02-09.png	534	ao
2780-036/2780-036-03-06-09.png	377	das
0578-025/0578-025-02-01-08.png	54	dos
5651-034/5651-034-05-03-15.png	624	Pois
1766-030/1766-030-03-02-11.png	268	da
7587-043/7587-043-03-05-04.png	803	implementado
4111-029/4111-029-04-04-15.png	448	criar
7269-071/7269-071-03-08-12.png	742	do
1630-019/1630-019-02-03-07.png	200	ser
4111-029/4111-029-03-07-05.png	448	socioeconômico
7272-074/7272-074-03-09-10.png	745	das
7875-051/7875-051-04-04-10.png	867	Maior
2497-040/2497-040-02-04-07.png	337	um
1651-040/1651-040-04-04-05.png	221	de
1651-040/1651-040-02-07-18.png	221	culmi-
1763-027/1763-027-03-06-08.png	266	de
7981-035/7981-035-03-04-13.png	870	Assim
4936-010/4936-010-02-02-18.png	598	pela
7794-026/7794-026-01-04-07.png	838	sua
1650-039/1650-039-01-01-16.png	220	de
1650-039/1650-039-03-05-04.png	220	Por
1656-045/1656-045-03-02-19.png	226	com
1601-040/1601-040-03-01-05.png	189	que
1728-017/1728-017-04-05-13.png	257	do
2487-030/2487-030-02-01-09.png	332	pela
7336-038/7336-038-03-08-02.png	768	dos
0579-026/0579-026-04-04-10.png	55	nas
7692-058/7692-058-03-04-13.png	824	Nes-
9526-010/9526-010-02-05-12.png	999	que
1660-049/1660-049-04-05-05.png	229	oferta
3649-019/3649-019-02-06-09.png	414	para
2780-036/2780-036-02-04-06.png	377	dos
2606-023/2606-023-04-06-09.png	345	evitar
2246-046/2246-046-01-05-15.png	301	além
7576-032/7576-032-03-03-05.png	798	políticos
6145-016/6145-016-02-08-02.png	642	às
0584-031/0584-031-01-02-15.png	57	que
3671-041/3671-041-04-01-06.png	423	não
0705-096/0705-096-02-04-06.png	94	das
6906-013/6906-013-02-03-16.png	670	que
4767-012/4767-012-03-07-07.png	570	de
7152-093/7152-093-04-03-13.png	716	que
6113-021/6113-021-01-01-16.png	633	de
7556-012/7556-012-02-04-01.png	788	interioranos
7796-028/7796-028-04-03-01.png	840	de
7984-038/7984-038-04-02-15.png	871	de
0514-014/0514-014-03-04-06.png	31	um
0234-026/0234-026-03-02-11.png	11	de
1666-055/1666-055-01-04-14.png	235	na
7587-043/7587-043-02-05-07.png	803	ao
8190-040/8190-040-02-03-12.png	903	ao
8121-023/8121-023-02-04-10.png	883	Diante
1682-071/1682-071-01-07-10.png	251	alcançada
1641-030/1641-030-02-08-10.png	211	da
7601-057/7601-057-02-06-01.png	810	des
9207-040/9207-040-02-04-07.png	983	por
1652-041/1652-041-02-01-06.png	222	agrava
1441-045/1441-045-04-03-04.png	158	do
7277-079/7277-079-04-05-16.png	750	ati-
3641-011/3641-011-02-08-15.png	410	em
4259-028/4259-028-04-08-07.png	467	que
6392-017/6392-017-02-02-11.png	646	sua
1680-069/1680-069-04-01-02.png	249	com
1641-030/1641-030-01-02-07.png	211	da
7156-097/7156-097-02-03-12.png	719	os
4673-236/4673-236-04-03-17.png	546	in-
2130-080/2130-080-03-06-02.png	289	do
0424-022/0424-022-01-04-05.png	28	da
8121-023/8121-023-02-06-05.png	883	ingressos
4767-012/4767-012-01-02-03.png	570	se
8190-040/8190-040-04-04-08.png	903	ser
1680-069/1680-069-01-02-13.png	249	restrita
1650-039/1650-039-03-01-02.png	220	segunda
0520-020/0520-020-02-12-13.png	34	acaba
8999-013/8999-013-01-02-07.png	968	Se
1647-036/1647-036-02-02-07.png	217	perspectiva
7868-044/7868-044-02-02-14.png	860	inferir
2130-080/2130-080-02-06-13.png	289	da
7145-086/7145-086-02-01-05.png	711	que
4668-231/4668-231-01-01-15.png	543	ser
0579-026/0579-026-01-03-07.png	55	da
7340-042/7340-042-02-06-02.png	772	ao
7163-104/7163-104-01-06-17.png	726	me-
0571-018/0571-018-03-03-15.png	49	que
4247-016/4247-016-02-05-09.png	465	de
4910-075/4910-075-02-09-04.png	589	que
0234-026/0234-026-03-03-03.png	11	pela
6145-016/6145-016-01-05-09.png	642	no
1755-019/1755-019-03-01-07.png	261	do
2780-036/2780-036-03-04-09.png	377	de
7613-069/7613-069-01-02-13.png	816	humanos
9306-009/9306-009-03-05-14.png	992	Sob
7269-071/7269-071-04-04-08.png	742	às
7873-049/7873-049-02-01-01.png	865	Primeiramente
5648-031/5648-031-04-06-09.png	621	ao
2121-071/2121-071-03-08-08.png	282	vista
4235-004/4235-004-03-08-12.png	463	de
4298-011/4298-011-02-05-06.png	480	que
7282-084/7282-084-04-03-12.png	755	por
7564-020/7564-020-02-05-14.png	792	tecno-
1626-015/1626-015-02-09-16.png	196	temática
0415-013/0415-013-02-08-04.png	26	se
1495-040/1495-040-03-02-06.png	184	de
2977-020/2977-020-03-04-14.png	389	clas-
1490-035/1490-035-02-07-09.png	179	que
6907-014/6907-014-04-02-13.png	671	de
4990-046/4990-046-02-07-05.png	610	da
4783-002/4783-002-04-03-09.png	575	do
4790-009/4790-009-01-03-10.png	578	cada
1662-051/1662-051-02-04-04.png	231	diferenças
4931-005/4931-005-04-06-02.png	596	em
9310-013/9310-013-01-05-10.png	995	de
1629-018/1629-018-04-05-06.png	199	plataformas
7052-015/7052-015-04-02-03.png	689	às
2248-048/2248-048-01-06-16.png	303	ví-
7134-075/7134-075-02-01-04.png	700	ao
7613-069/7613-069-03-06-04.png	816	de
2606-023/2606-023-03-04-07.png	345	Produto
2613-030/2613-030-03-02-15.png	352	pensamento
0651-042/0651-042-04-02-16.png	71	que
8469-063/8469-063-01-03-03.png	932	de
8121-023/8121-023-03-06-13.png	883	que
4721-284/4721-284-01-02-07.png	558	de
7984-038/7984-038-04-02-03.png	871	sob
5262-009/5262-009-03-02-16.png	618	jogos
8751-039/8751-039-04-02-07.png	956	público
7872-048/7872-048-01-05-07.png	864	deriva
6439-029/6439-029-04-03-17.png	655	de
8517-011/8517-011-04-02-02.png	940	no
7053-016/7053-016-03-02-02.png	690	de
4681-244/4681-244-03-01-04.png	549	do
4124-042/4124-042-02-01-05.png	461	gentrificação
7131-072/7131-072-01-03-19.png	697	im-
1660-049/1660-049-01-05-06.png	229	busca
8471-065/8471-065-01-02-08.png	933	esse
6144-015/6144-015-01-02-12.png	641	de
7859-035/7859-035-03-07-05.png	851	falta
1469-014/1469-014-04-01-03.png	166	que
1626-015/1626-015-01-04-16.png	196	perpetua
7862-038/7862-038-03-03-13.png	854	ou
1431-035/1431-035-04-01-10.png	149	de
0830-026/0830-026-04-06-04.png	104	dor
0641-032/0641-032-02-01-14.png	66	com
7587-043/7587-043-04-03-05.png	803	devem
7338-040/7338-040-02-08-06.png	770	de
1627-016/1627-016-01-03-12.png	197	população
7576-032/7576-032-02-03-18.png	798	prisma
1442-046/1442-046-04-07-11.png	159	de
6905-012/6905-012-03-01-11.png	669	de
1684-073/1684-073-01-04-01.png	253	cidadão
2738-050/2738-050-04-03-10.png	371	conteúdo
4856-021/4856-021-03-01-01.png	583	De
8521-015/8521-015-03-03-04.png	942	de
2106-056/2106-056-02-05-10.png	272	em
4884-049/4884-049-04-08-05.png	587	do
1666-055/1666-055-03-04-15.png	235	um
1650-039/1650-039-04-02-07.png	220	discutir
8121-023/8121-023-02-08-11.png	883	atividade
8747-035/8747-035-04-01-11.png	954	associado
4986-042/4986-042-01-03-06.png	606	de
0415-013/0415-013-04-04-01.png	26	os
0555-002/0555-002-03-07-08.png	38	foi
1652-041/1652-041-01-06-18.png	222	estigmati-
7864-040/7864-040-04-05-10.png	856	diagnosticados
7873-049/7873-049-02-01-03.png	865	importante
6946-028/6946-028-01-02-04.png	680	os
7876-052/7876-052-02-02-04.png	868	relacionados
1766-030/1766-030-04-06-15.png	268	por
1650-039/1650-039-04-06-03.png	220	doenças
7587-043/7587-043-04-05-05.png	803	como
1680-069/1680-069-01-05-04.png	249	são
3644-014/3644-014-02-07-11.png	411	em
1642-031/1642-031-04-02-02.png	212	no
6942-024/6942-024-04-07-13.png	678	que
5826-024/5826-024-02-03-08.png	629	para
4299-012/4299-012-03-06-10.png	481	da
4943-017/4943-017-02-06-03.png	601	da
1123-018/1123-018-02-08-12.png	129	dos
1129-024/1129-024-05-04-07.png	134	no
1669-058/1669-058-03-09-02.png	238	de
1621-010/1621-010-04-06-11.png	191	do
3670-040/3670-040-03-04-08.png	422	ao
7863-039/7863-039-03-04-08.png	855	Zumbis
8457-051/8457-051-04-03-08.png	928	ela
7873-049/7873-049-04-04-05.png	865	na
2106-056/2106-056-04-07-15.png	272	na
1495-040/1495-040-04-04-16.png	184	cul-
8457-051/8457-051-04-03-01.png	928	de
7269-071/7269-071-04-05-06.png	742	de
7871-047/7871-047-03-04-12.png	863	Debord
1732-021/1732-021-02-07-01.png	260	do
4296-009/4296-009-04-04-10.png	478	de
2679-036/2679-036-01-01-05.png	370	de
8185-035/8185-035-03-03-02.png	900	de
7993-047/7993-047-01-03-09.png	874	insalubridade
6946-028/6946-028-04-05-12.png	680	de
7556-012/7556-012-04-06-13.png	788	que
8619-067/8619-067-04-01-06.png	948	do
6408-033/6408-033-01-05-05.png	654	se
4558-121/4558-121-04-08-14.png	518	falta
6110-018/6110-018-02-07-18.png	631	de
8242-011/8242-011-03-06-13.png	910	já
2511-054/2511-054-01-03-02.png	340	que
1641-030/1641-030-04-07-06.png	211	efeito
1725-014/1725-014-04-03-10.png	254	todo
2786-042/2786-042-05-04-10.png	380	na
7589-045/7589-045-04-03-12.png	804	sistema
7046-009/7046-009-02-07-07.png	685	se
6484-014/6484-014-01-06-03.png	660	as
1641-030/1641-030-03-04-08.png	211	um
1649-038/1649-038-03-06-05.png	219	com
4111-029/4111-029-03-05-18.png	448	que
1628-017/1628-017-03-04-13.png	198	de
0564-011/0564-011-03-08-12.png	44	um
1490-035/1490-035-04-03-14.png	179	aos
7796-028/7796-028-01-04-13.png	840	faz
0830-026/0830-026-02-04-14.png	104	opta
6439-029/6439-029-02-03-13.png	655	com
1444-048/1444-048-04-01-03.png	160	que
0639-030/0639-030-02-07-06.png	65	no
2487-030/2487-030-02-05-11.png	332	em
9197-030/9197-030-03-04-14.png	979	da
4775-020/4775-020-03-02-17.png	573	ser
1489-034/1489-034-01-01-11.png	178	até
7347-049/7347-049-02-08-09.png	779	da
1651-040/1651-040-03-04-04.png	221	fraqueza
7156-097/7156-097-01-02-05.png	719	do
2335-042/2335-042-02-05-11.png	318	de
6390-015/6390-015-02-04-09.png	645	de
1266-040/1266-040-04-01-08.png	143	às
2610-027/2610-027-02-04-03.png	349	função
1654-043/1654-043-03-04-06.png	224	aquilo
7164-105/7164-105-04-01-08.png	727	de
7858-034/7858-034-03-04-09.png	850	mas
0236-028/0236-028-03-03-09.png	12	arte
7601-057/7601-057-04-04-15.png	810	distantes
7145-086/7145-086-02-06-16.png	711	longe
7858-034/7858-034-03-03-03.png	850	sociólogo
2607-024/2607-024-02-07-02.png	346	reproduz
1759-023/1759-023-01-02-13.png	264	de
7862-038/7862-038-03-08-10.png	854	aos
7589-045/7589-045-02-06-05.png	804	de
4598-161/4598-161-04-04-04.png	528	ao
4466-029/4466-029-03-04-13.png	505	do
1601-040/1601-040-02-04-11.png	189	vez
0645-036/0645-036-04-05-01.png	68	sil
7576-032/7576-032-04-07-12.png	798	de
1627-016/1627-016-02-05-10.png	197	Ou
1129-024/1129-024-03-01-14.png	134	se
4312-008/4312-008-04-08-05.png	485	que
3633-003/3633-003-02-03-03.png	405	se
6142-013/6142-013-03-03-07.png	640	de
2970-013/2970-013-02-07-15.png	382	exibição
2246-046/2246-046-01-01-13.png	301	que
7873-049/7873-049-01-06-06.png	865	buscar
3671-041/3671-041-05-03-09.png	423	da
8516-010/8516-010-02-03-12.png	939	que
2780-036/2780-036-02-06-05.png	377	da
0765-026/0765-026-02-04-07.png	98	pode
0236-028/0236-028-02-07-11.png	12	da
4124-042/4124-042-02-02-17.png	461	Revolta
7872-048/7872-048-02-07-03.png	864	preconceito
7621-077/7621-077-01-05-02.png	820	monetário
7048-011/7048-011-02-05-08.png	686	do
8483-077/8483-077-01-03-01.png	937	po
0571-018/0571-018-02-03-16.png	49	deve
2184-041/2184-041-01-04-07.png	291	de
4775-020/4775-020-03-08-10.png	573	sua
7987-041/7987-041-01-02-03.png	872	desconstruída
7159-100/7159-100-02-04-10.png	722	do
4111-029/4111-029-02-04-21.png	448	mas
1649-038/1649-038-03-04-13.png	219	todos
7867-043/7867-043-01-01-16.png	859	aja
7984-038/7984-038-02-03-06.png	871	usuários
3644-014/3644-014-04-08-03.png	411	em
7346-048/7346-048-03-06-03.png	778	No
7871-047/7871-047-02-04-11.png	863	físico
7785-017/7785-017-01-03-08.png	832	obra
2112-062/2112-062-01-03-12.png	277	dá
0669-060/0669-060-03-04-12.png	80	da
0695-086/0695-086-01-08-03.png	90	por
7873-049/7873-049-01-02-01.png	865	Getúlio
6140-011/6140-011-04-06-10.png	639	da
1659-048/1659-048-02-06-09.png	228	tendem
7990-044/7990-044-03-05-02.png	873	brasileiro
0645-036/0645-036-01-05-12.png	68	no
0705-096/0705-096-03-03-11.png	94	no
0260-052/0260-052-02-01-07.png	24	de
2186-043/2186-043-01-01-10.png	293	ser
0579-026/0579-026-03-05-07.png	55	que
8249-018/8249-018-04-04-13.png	916	feitas
1674-063/1674-063-01-02-14.png	243	importância
7052-015/7052-015-03-01-09.png	689	na
8463-057/8463-057-02-04-04.png	930	da
2249-049/2249-049-03-02-03.png	304	que
1669-058/1669-058-02-07-03.png	238	no
2780-036/2780-036-03-02-11.png	377	da
4928-002/4928-002-04-05-15.png	593	em
5825-023/5825-023-04-02-05.png	628	no
2784-040/2784-040-04-08-01.png	379	bém
7587-043/7587-043-03-07-03.png	803	de
7868-044/7868-044-02-05-10.png	860	que
8182-032/8182-032-02-05-18.png	899	pe-
2632-018/2632-018-03-04-05.png	353	as
7160-101/7160-101-04-01-10.png	723	de
7049-012/7049-012-01-01-03.png	687	da
7868-044/7868-044-02-05-12.png	860	alguém
1622-011/1622-011-01-01-02.png	192	se
1662-051/1662-051-04-07-02.png	231	tenham
1449-053/1449-053-02-05-01.png	165	nal
1621-010/1621-010-02-05-09.png	191	lógica
0997-023/0997-023-03-08-02.png	124	filmes
1625-014/1625-014-02-03-05.png	195	de
7424-073/7424-073-02-06-12.png	783	con-
1485-030/1485-030-03-01-07.png	176	da
2489-032/2489-032-04-03-05.png	333	por
4985-041/4985-041-02-08-05.png	605	não
7858-034/7858-034-03-01-12.png	850	de
5826-024/5826-024-02-04-05.png	629	seja
0226-018/0226-018-04-03-09.png	7	do
0564-011/0564-011-02-05-12.png	44	que
7803-035/7803-035-02-06-08.png	844	já
1641-030/1641-030-03-09-14.png	211	índices
8249-018/8249-018-04-03-14.png	916	com
7993-047/7993-047-02-06-10.png	874	entanto
4643-206/4643-206-05-03-08.png	538	de
1683-072/1683-072-04-01-06.png	252	Federal
4766-011/4766-011-02-03-13.png	569	de
2246-046/2246-046-04-01-12.png	301	do
0775-036/0775-036-02-08-01.png	102	que
0565-012/0565-012-03-02-04.png	45	do
1661-050/1661-050-04-04-11.png	230	programas
6113-021/6113-021-03-07-10.png	633	de
1683-072/1683-072-02-07-15.png	252	que
2374-081/2374-081-02-04-04.png	329	do
7132-073/7132-073-01-02-01.png	698	dutor
1624-013/1624-013-02-02-04.png	194	negativa
4767-012/4767-012-03-01-08.png	570	dos
7990-044/7990-044-03-03-04.png	873	italiano
8191-041/8191-041-03-04-16.png	904	de
7144-085/7144-085-02-01-07.png	710	de
2123-073/2123-073-01-06-12.png	284	um
8449-043/8449-043-01-03-11.png	924	de
2318-025/2318-025-04-10-09.png	308	as
7162-103/7162-103-01-05-01.png	725	os
1650-039/1650-039-04-08-12.png	220	geral
8749-037/8749-037-01-06-08.png	955	escolar
7141-082/7141-082-01-04-13.png	707	do
7425-074/7425-074-04-04-04.png	784	do
8457-051/8457-051-03-01-11.png	928	que
1213-020/1213-020-04-04-09.png	140	de
2487-030/2487-030-02-08-04.png	332	de
0260-052/0260-052-01-03-02.png	24	tal
4672-235/4672-235-03-05-11.png	545	por
7175-116/7175-116-04-04-06.png	732	de
3650-020/3650-020-03-05-03.png	415	os
7140-081/7140-081-03-04-05.png	706	no
1626-015/1626-015-03-06-14.png	196	mental
1637-026/1637-026-02-01-09.png	207	brasileiro
7868-044/7868-044-02-09-01.png	860	de
1677-066/1677-066-04-04-11.png	246	etária
7131-072/7131-072-01-01-14.png	697	no
1669-058/1669-058-04-01-07.png	238	às
7866-042/7866-042-03-03-04.png	858	estigmatização
7141-082/7141-082-01-05-04.png	707	no
2613-030/2613-030-02-08-12.png	352	cuidados
4424-102/4424-102-04-04-12.png	498	que
0260-052/0260-052-02-02-05.png	24	com
7601-057/7601-057-04-09-01.png	810	Destarte
4124-042/4124-042-04-01-12.png	461	às
1684-073/1684-073-03-03-16.png	253	as
2607-024/2607-024-03-06-05.png	346	patológica
7014-027/7014-027-03-06-06.png	682	vez
2977-020/2977-020-04-03-09.png	389	refere-se
2104-054/2104-054-05-01-16.png	270	na
7981-035/7981-035-04-07-04.png	870	acompanhamento
2485-028/2485-028-04-07-06.png	331	que
1674-063/1674-063-03-03-10.png	243	sim
1669-058/1669-058-02-08-05.png	238	ser
8749-037/8749-037-03-06-17.png	955	do-
7154-095/7154-095-01-03-17.png	718	acesso
8182-032/8182-032-01-02-18.png	899	Da
0236-028/0236-028-01-01-16.png	12	de
1485-030/1485-030-02-02-15.png	176	não
1651-040/1651-040-02-08-09.png	221	uma
2605-022/2605-022-03-07-08.png	344	permitir
7152-093/7152-093-02-06-11.png	716	do
1680-069/1680-069-03-07-01.png	249	mal
0560-007/0560-007-03-06-09.png	41	as
2339-046/2339-046-05-08-12.png	320	não
3637-007/3637-007-04-04-06.png	407	às
2513-056/2513-056-02-05-07.png	341	os
2605-022/2605-022-03-06-05.png	344	de
4679-242/4679-242-03-01-08.png	548	do
4299-012/4299-012-03-03-16.png	481	eventos
7439-088/7439-088-03-07-12.png	787	de
6906-013/6906-013-02-02-11.png	670	de
9311-014/9311-014-05-02-04.png	996	de
7145-086/7145-086-03-07-06.png	711	na
1654-043/1654-043-02-05-06.png	224	Espetáculo
7556-012/7556-012-02-05-06.png	788	do
5262-009/5262-009-03-05-03.png	618	de
2114-064/2114-064-02-02-01.png	279	um
2119-069/2119-069-02-05-12.png	280	por
7990-044/7990-044-03-04-12.png	873	Contudo
1662-051/1662-051-04-02-07.png	231	em
0555-002/0555-002-02-09-01.png	38	os
1621-010/1621-010-04-05-05.png	191	médicos
1649-038/1649-038-03-06-14.png	219	enfren-
4488-051/4488-051-04-05-15.png	507	ou
8056-035/8056-035-02-03-13.png	876	g1
4111-029/4111-029-02-02-01.png	448	dá
1663-052/1663-052-03-02-13.png	232	pois
8056-035/8056-035-04-05-03.png	876	que
7175-116/7175-116-03-04-04.png	732	ese
1663-052/1663-052-02-03-15.png	232	grave
4427-105/4427-105-01-03-14.png	499	falas
4856-021/4856-021-02-04-01.png	583	do
4928-002/4928-002-03-07-13.png	593	no
4583-146/4583-146-02-02-12.png	524	por
0256-048/0256-048-04-02-16.png	22	de
0560-007/0560-007-02-06-14.png	41	uma
0224-016/0224-016-04-01-10.png	6	de
2977-020/2977-020-05-01-04.png	389	de
2120-070/2120-070-02-02-03.png	281	na
0830-026/0830-026-05-02-22.png	104	dor
6911-018/6911-018-04-07-17.png	673	ao
4928-002/4928-002-04-03-05.png	593	deve
3676-046/3676-046-05-05-12.png	427	foi
1628-017/1628-017-03-02-04.png	198	Esse
8749-037/8749-037-03-03-12.png	955	ridicularizações
7270-072/7270-072-02-06-04.png	743	não
3637-007/3637-007-01-03-12.png	407	da
4754-317/4754-317-01-02-13.png	565	da
7336-038/7336-038-02-08-05.png	768	de
2368-075/2368-075-04-02-06.png	326	de
7153-094/7153-094-01-04-09.png	717	de
2634-020/2634-020-04-06-08.png	355	do
1123-018/1123-018-01-06-09.png	129	de
8121-023/8121-023-01-01-03.png	883	com
8459-053/8459-053-01-08-08.png	929	de
7863-039/7863-039-01-04-08.png	855	mentais
1432-036/1432-036-04-02-04.png	150	das
9201-034/9201-034-01-05-06.png	981	uma
6115-023/6115-023-01-02-14.png	635	às
8190-040/8190-040-01-03-14.png	903	os
7049-012/7049-012-03-06-14.png	687	em
3127-008/3127-008-01-05-13.png	394	no
8619-067/8619-067-03-07-09.png	948	do
7866-042/7866-042-02-05-01.png	858	tificada
0997-023/0997-023-04-05-14.png	124	de
1766-030/1766-030-01-05-05.png	268	na
1654-043/1654-043-03-04-10.png	224	amplamente
8517-011/8517-011-03-07-04.png	940	do
1637-026/1637-026-03-04-15.png	207	indivíduos
0693-084/0693-084-02-06-10.png	89	do
4748-311/4748-311-02-03-04.png	564	falsa
3682-052/3682-052-03-06-05.png	433	de
4997-053/4997-053-02-07-02.png	615	por
4910-075/4910-075-02-08-01.png	589	as
1622-011/1622-011-04-03-03.png	192	ao
4743-306/4743-306-02-05-09.png	561	de
7049-012/7049-012-04-07-08.png	687	dos
4743-306/4743-306-04-04-13.png	561	da
7993-047/7993-047-02-02-13.png	874	autor
7154-095/7154-095-01-03-18.png	718	aos
3637-007/3637-007-04-01-02.png	407	da
7337-039/7337-039-04-04-10.png	769	de
4111-029/4111-029-01-02-02.png	448	Paralelo
6946-028/6946-028-04-04-04.png	680	de
8249-018/8249-018-04-03-15.png	916	as
2108-058/2108-058-01-05-16.png	274	país
4884-049/4884-049-02-01-13.png	587	em
2633-019/2633-019-03-01-06.png	354	na
1630-019/1630-019-01-01-11.png	200	da
7276-078/7276-078-04-04-10.png	749	em
4247-016/4247-016-04-02-07.png	465	das
7589-045/7589-045-04-02-13.png	804	Para
8254-023/8254-023-02-05-02.png	918	de
4247-016/4247-016-04-05-01.png	465	por
1626-015/1626-015-02-07-05.png	196	dos
1661-050/1661-050-02-08-06.png	230	infância
8747-035/8747-035-03-02-12.png	954	estigmas
7163-104/7163-104-01-05-11.png	726	esse
0220-012/0220-012-02-02-02.png	4	do
0651-042/0651-042-02-06-18.png	71	de-
3672-042/3672-042-05-01-01.png	424	Já
8757-045/8757-045-04-07-13.png	959	utilizando-se
1213-020/1213-020-04-08-02.png	140	de
9154-038/9154-038-04-03-07.png	975	no
7861-037/7861-037-01-03-01.png	853	Coringa
1128-023/1128-023-03-02-12.png	133	de
7170-111/7170-111-04-05-08.png	729	desses
7282-084/7282-084-03-03-05.png	755	as
0567-014/0567-014-02-05-01.png	47	ção
4265-034/4265-034-03-03-09.png	470	de
4466-029/4466-029-03-08-12.png	505	80
2130-080/2130-080-04-01-06.png	289	de
0573-020/0573-020-01-02-06.png	51	se
4767-012/4767-012-04-01-18.png	570	ca-
7433-082/7433-082-01-04-07.png	785	que
8249-018/8249-018-04-07-14.png	916	não
1649-038/1649-038-03-06-12.png	219	sujeitos
4097-015/4097-015-04-07-06.png	436	não
1661-050/1661-050-01-01-05.png	230	serie
7876-052/7876-052-03-05-09.png	868	série
4643-206/4643-206-04-04-10.png	538	de
4299-012/4299-012-06-01-07.png	481	que
6392-017/6392-017-03-05-17.png	646	de-
1682-071/1682-071-03-03-10.png	251	esta
0524-024/0524-024-03-02-02.png	36	de
4934-008/4934-008-01-03-17.png	597	que
8060-039/8060-039-02-06-13.png	878	qual-
1625-014/1625-014-02-06-13.png	195	de
4783-002/4783-002-03-05-14.png	575	de
3652-022/3652-022-03-10-19.png	417	de-
0659-050/0659-050-02-02-06.png	75	se
3637-007/3637-007-02-04-18.png	407	seus
2112-062/2112-062-01-06-03.png	277	da
5263-010/5263-010-05-01-04.png	619	de
0216-008/0216-008-03-05-13.png	2	que
8749-037/8749-037-03-06-01.png	955	nião
7864-040/7864-040-03-06-09.png	856	os
2491-034/2491-034-04-04-11.png	334	do
2738-050/2738-050-03-04-02.png	371	de
1632-021/1632-021-04-02-14.png	202	tornem
7265-067/7265-067-04-02-17.png	738	para
8057-036/8057-036-02-06-08.png	877	com
1680-069/1680-069-01-02-01.png	249	trata
6145-016/6145-016-02-07-10.png	642	se
3636-006/3636-006-02-06-08.png	406	de
1638-027/1638-027-02-07-06.png	208	sua
8249-018/8249-018-01-04-08.png	916	às
1446-050/1446-050-02-01-03.png	162	de
4611-174/4611-174-03-07-01.png	532	vez
8459-053/8459-053-02-03-02.png	929	na
1128-023/1128-023-04-07-03.png	133	ou
0554-001/0554-001-03-05-04.png	37	ou
7343-045/7343-045-03-05-07.png	775	em
1425-029/1425-029-03-05-01.png	145	so
7591-047/7591-047-03-03-11.png	805	pessoas
1666-055/1666-055-01-05-02.png	235	não
7867-043/7867-043-02-02-11.png	859	está
7154-095/7154-095-01-01-07.png	718	georg
3672-042/3672-042-03-06-14.png	424	só
1656-045/1656-045-01-02-13.png	226	da
7576-032/7576-032-01-05-12.png	798	de
0649-040/0649-040-02-01-01.png	70	Em
2639-025/2639-025-04-01-13.png	360	sob
7984-038/7984-038-02-02-20.png	871	quais
7163-104/7163-104-02-01-14.png	726	da
4111-029/4111-029-03-05-17.png	448	vista
2607-024/2607-024-02-05-03.png	346	um
7984-038/7984-038-03-06-14.png	871	influi
0214-006/0214-006-01-01-05.png	1	só
1649-038/1649-038-03-01-04.png	219	postular
4292-005/4292-005-03-10-01.png	475	tal
7265-067/7265-067-04-04-12.png	738	do
2977-020/2977-020-05-01-02.png	389	fim
6142-013/6142-013-04-08-01.png	640	sa
1677-066/1677-066-04-02-11.png	246	será
1659-048/1659-048-04-01-06.png	228	importância
7132-073/7132-073-01-04-01.png	698	para
8517-011/8517-011-01-04-01.png	940	tor
4986-042/4986-042-04-06-06.png	606	por
1666-055/1666-055-01-01-07.png	235	de
0254-046/0254-046-01-05-01.png	21	vez
7591-047/7591-047-01-01-12.png	805	dinâmicas
1136-031/1136-031-02-05-06.png	138	de
1666-055/1666-055-02-01-03.png	235	análise
4743-306/4743-306-03-07-17.png	561	doenças
8759-047/8759-047-04-03-04.png	960	visem
9307-010/9307-010-01-01-05.png	993	site
0563-010/0563-010-02-05-01.png	43	te
7433-082/7433-082-03-05-04.png	785	por
4111-029/4111-029-02-04-06.png	448	segundo
3637-007/3637-007-03-02-05.png	407	no
7129-070/7129-070-01-03-04.png	695	ser
6946-028/6946-028-02-06-08.png	680	que
4408-086/4408-086-03-02-06.png	493	às
7336-038/7336-038-03-04-14.png	768	na
0667-058/0667-058-02-04-07.png	79	de
4545-108/4545-108-03-08-05.png	515	Por
8057-036/8057-036-03-01-14.png	877	no
7159-100/7159-100-02-06-07.png	722	de
7796-028/7796-028-03-04-12.png	840	em
1632-021/1632-021-03-05-07.png	202	difundido
6139-010/6139-010-04-09-10.png	638	das
7012-025/7012-025-01-05-02.png	681	de
4934-008/4934-008-04-06-04.png	597	do
2610-027/2610-027-03-05-03.png	349	indivíduos
4412-090/4412-090-03-01-07.png	494	de
7871-047/7871-047-04-04-01.png	863	panhas
1755-019/1755-019-03-07-03.png	261	se
3636-006/3636-006-04-08-16.png	406	se
9306-009/9306-009-04-02-13.png	992	de
8757-045/8757-045-01-01-05.png	959	saúde
7348-050/7348-050-02-07-14.png	780	ao
6140-011/6140-011-01-03-12.png	639	No
8225-016/8225-016-03-07-07.png	908	as
7340-042/7340-042-02-02-17.png	772	um
1621-010/1621-010-04-01-12.png	191	omissão
8749-037/8749-037-03-07-04.png	955	isso
1643-032/1643-032-04-02-07.png	213	de
8759-047/8759-047-02-01-09.png	960	estigma
6140-011/6140-011-04-06-12.png	639	de
0657-048/0657-048-01-04-01.png	74	sofre
4111-029/4111-029-03-08-14.png	448	curativas
0695-086/0695-086-03-07-15.png	90	ele
7866-042/7866-042-02-02-05.png	858	paciente
7145-086/7145-086-03-06-07.png	711	tal
7804-036/7804-036-01-02-07.png	845	ao
1663-052/1663-052-02-06-11.png	232	quanto
7990-044/7990-044-04-06-04.png	873	deve
7340-042/7340-042-04-04-02.png	772	na
1682-071/1682-071-01-03-10.png	251	de
4247-016/4247-016-03-09-04.png	465	que
7981-035/7981-035-02-06-03.png	870	iniciada
1674-063/1674-063-03-02-09.png	243	Bauman
1492-037/1492-037-02-02-20.png	181	de
1624-013/1624-013-01-05-05.png	194	imenso
7175-116/7175-116-01-02-11.png	732	ao
4610-173/4610-173-03-03-10.png	531	por
1498-043/1498-043-04-05-12.png	186	de-
7048-011/7048-011-04-04-09.png	686	por
2120-070/2120-070-01-06-12.png	281	ferir
1763-027/1763-027-04-04-18.png	266	em
1625-014/1625-014-04-05-11.png	195	parcerias
7863-039/7863-039-01-05-07.png	855	ao
8222-013/8222-013-02-01-15.png	905	pelo
7863-039/7863-039-04-04-01.png	855	de
7287-089/7287-089-04-05-12.png	760	de
0681-072/0681-072-04-01-16.png	84	da
7993-047/7993-047-02-04-04.png	874	colocação
0563-010/0563-010-03-01-08.png	43	um
1123-018/1123-018-01-10-05.png	129	que
1728-017/1728-017-03-02-08.png	257	No
8751-039/8751-039-01-02-18.png	956	têm
7585-041/7585-041-02-05-02.png	802	periféricas
6914-021/6914-021-04-07-04.png	676	de
7587-043/7587-043-04-01-03.png	803	incontestável
2738-050/2738-050-01-07-01.png	371	rança
6144-015/6144-015-02-03-18.png	641	de
8621-069/8621-069-03-03-09.png	950	se
1646-035/1646-035-04-06-13.png	216	SUS
1677-066/1677-066-04-04-12.png	246	que
8057-036/8057-036-03-08-17.png	877	pelos
4672-235/4672-235-02-02-15.png	545	elite
3679-049/3679-049-05-01-10.png	430	de
7160-101/7160-101-01-02-11.png	723	por
1432-036/1432-036-01-05-04.png	150	as
8485-079/8485-079-01-05-05.png	938	do
4482-045/4482-045-03-03-04.png	506	que
7987-041/7987-041-04-05-15.png	872	graduação
0554-001/0554-001-02-06-11.png	37	da
7591-047/7591-047-02-01-06.png	805	as
1492-037/1492-037-04-02-08.png	181	nas
1637-026/1637-026-04-02-01.png	207	de
1662-051/1662-051-02-04-01.png	231	de
7601-057/7601-057-02-07-01.png	810	nha
8253-022/8253-022-02-02-11.png	917	uma
6800-085/6800-085-04-01-04.png	667	que
8443-037/8443-037-04-02-03.png	922	tal
1492-037/1492-037-02-06-04.png	181	não
1626-015/1626-015-02-06-12.png	196	de
3676-046/3676-046-03-02-11.png	427	dos
0565-012/0565-012-04-03-08.png	45	do
1674-063/1674-063-04-03-13.png	243	integração
9203-036/9203-036-03-07-11.png	982	ao
7270-072/7270-072-04-04-10.png	743	de
1621-010/1621-010-03-06-03.png	191	de
1632-021/1632-021-04-03-08.png	202	da
1725-014/1725-014-02-03-11.png	254	de
7798-030/7798-030-03-01-15.png	841	cau-
0701-092/0701-092-04-06-12.png	93	ao
7859-035/7859-035-02-03-03.png	851	democracia
2505-048/2505-048-02-03-16.png	338	tra-
0564-011/0564-011-02-02-04.png	44	se
1656-045/1656-045-03-05-07.png	226	aeróbios
7439-088/7439-088-02-07-06.png	787	de
1682-071/1682-071-01-06-05.png	251	perspectiva
4111-029/4111-029-01-01-21.png	448	com
1215-022/1215-022-04-07-01.png	142	bre
0260-052/0260-052-02-04-06.png	24	por
7601-057/7601-057-04-03-11.png	810	MCTIC
1641-030/1641-030-02-08-14.png	211	pelas
4466-029/4466-029-04-02-06.png	505	de
2375-082/2375-082-03-04-10.png	330	de
2104-054/2104-054-03-04-08.png	270	social
7576-032/7576-032-01-03-10.png	798	nação
4789-008/4789-008-01-05-09.png	577	da
8898-025/8898-025-02-04-09.png	962	que
2738-050/2738-050-02-01-16.png	371	valores
3636-006/3636-006-01-03-11.png	406	esse
4111-029/4111-029-04-03-02.png	448	deve
7867-043/7867-043-02-05-05.png	859	mental
7869-045/7869-045-03-03-08.png	861	pelo
0693-084/0693-084-03-06-09.png	89	até
4445-008/4445-008-05-02-04.png	501	de
7869-045/7869-045-03-01-05.png	861	Constituição
2515-058/2515-058-04-05-03.png	342	dos
1663-052/1663-052-03-07-03.png	232	as
1627-016/1627-016-02-02-06.png	197	assunto
7052-015/7052-015-03-08-13.png	689	no
7270-072/7270-072-02-05-07.png	743	de
1628-017/1628-017-04-01-10.png	198	sociedade
4545-108/4545-108-04-02-12.png	515	de
7052-015/7052-015-03-05-13.png	689	um
7277-079/7277-079-02-06-05.png	750	pelo
8896-023/8896-023-02-04-13.png	961	que
7587-043/7587-043-02-02-05.png	803	atuais
7804-036/7804-036-01-04-15.png	845	de
2248-048/2248-048-01-01-05.png	303	Vida
1136-031/1136-031-04-10-14.png	138	coer-
2610-027/2610-027-02-07-07.png	349	respeitar
8449-043/8449-043-03-01-16.png	924	de
7153-094/7153-094-02-04-10.png	717	ato
7978-032/7978-032-02-07-08.png	869	problema
4598-161/4598-161-02-03-03.png	528	esse
0639-030/0639-030-03-04-03.png	65	do
7984-038/7984-038-04-09-03.png	871	reforçar
3669-039/3669-039-03-02-13.png	421	ba-
0651-042/0651-042-04-02-19.png	71	da
8757-045/8757-045-01-06-08.png	959	fim
4766-011/4766-011-01-04-05.png	569	haja
1214-021/1214-021-02-05-02.png	141	de
3637-007/3637-007-02-04-06.png	407	do
4765-010/4765-010-01-04-04.png	568	que
0224-016/0224-016-03-05-12.png	6	que
4235-004/4235-004-04-02-03.png	463	base
1266-040/1266-040-02-09-06.png	143	ou
8447-041/8447-041-04-04-02.png	923	as
4097-015/4097-015-03-06-07.png	436	prevenção
0520-020/0520-020-04-04-19.png	34	das
0593-040/0593-040-01-04-11.png	63	se
3648-018/3648-018-03-03-03.png	413	de
1647-036/1647-036-03-05-07.png	217	indivíduos
7859-035/7859-035-03-02-12.png	851	Vigotske
7869-045/7869-045-01-04-09.png	861	solucionar
7601-057/7601-057-04-08-10.png	810	disponibilizarem
0699-090/0699-090-04-08-07.png	92	de
8191-041/8191-041-01-02-02.png	904	de
1266-040/1266-040-03-03-14.png	143	bus-
0560-007/0560-007-01-01-02.png	41	século
4929-003/4929-003-04-06-04.png	594	lazer
4721-284/4721-284-02-07-05.png	558	por
1628-017/1628-017-03-02-05.png	198	tabu
7344-046/7344-046-03-05-11.png	776	de
7277-079/7277-079-03-02-14.png	750	in-
7175-116/7175-116-03-07-07.png	732	aos
4111-029/4111-029-04-01-07.png	448	doenças
0993-019/0993-019-01-02-10.png	121	da
0574-021/0574-021-03-05-08.png	52	que
0516-016/0516-016-05-06-05.png	32	no
7864-040/7864-040-03-01-07.png	856	de
8246-015/8246-015-04-03-14.png	914	que
2970-013/2970-013-02-03-11.png	382	privilégios
1129-024/1129-024-03-02-12.png	134	no
9310-013/9310-013-04-01-07.png	995	da
1481-026/1481-026-02-03-02.png	172	tais
1663-052/1663-052-01-06-12.png	232	aparta
7576-032/7576-032-04-01-07.png	798	do
7152-093/7152-093-01-05-04.png	716	nos
7585-041/7585-041-01-02-03.png	802	no
3652-022/3652-022-01-01-03.png	417	faz
7587-043/7587-043-04-08-10.png	803	artes
1673-062/1673-062-01-03-01.png	242	ção
7174-115/7174-115-02-01-09.png	731	da
2249-049/2249-049-03-01-04.png	304	do
2248-048/2248-048-02-05-10.png	303	as
4934-008/4934-008-01-04-05.png	597	Com
0228-020/0228-020-01-05-14.png	8	no
1646-035/1646-035-03-07-09.png	216	estigmas
2337-044/2337-044-04-02-09.png	319	foi
0571-018/0571-018-04-08-02.png	49	de
7876-052/7876-052-04-02-10.png	868	eficaz
3651-021/3651-021-03-01-03.png	416	do
9526-010/9526-010-04-03-15.png	999	co-
7346-048/7346-048-04-02-05.png	778	no
8191-041/8191-041-03-08-04.png	904	dos
6142-013/6142-013-02-03-13.png	640	se
6110-018/6110-018-03-01-06.png	631	de
1768-032/1768-032-03-01-06.png	269	da
7576-032/7576-032-01-03-08.png	798	realidade
0433-031/0433-031-02-09-03.png	30	se
0560-007/0560-007-02-04-03.png	41	no
2189-046/2189-046-02-04-19.png	296	seja
1641-030/1641-030-02-04-06.png	211	tratados
1731-020/1731-020-03-01-09.png	259	um
7163-104/7163-104-04-03-03.png	726	no
2248-048/2248-048-02-02-02.png	303	por
4611-174/4611-174-02-04-10.png	532	se
7873-049/7873-049-01-01-08.png	865	da
4293-006/4293-006-03-02-11.png	476	as
9197-030/9197-030-03-01-07.png	979	da
4448-011/4448-011-04-06-01.png	502	zes
0683-074/0683-074-02-04-09.png	85	vez
1483-028/1483-028-04-05-10.png	174	de
4931-005/4931-005-03-09-11.png	596	Por
2669-026/2669-026-02-02-01.png	365	os
8749-037/8749-037-03-06-12.png	955	opinião
0765-026/0765-026-02-04-09.png	98	em
3512-016/3512-016-01-07-03.png	398	os
8619-067/8619-067-02-01-07.png	948	que
7702-068/7702-068-04-05-04.png	826	de
7267-069/7267-069-03-05-04.png	740	esse
8751-039/8751-039-04-08-07.png	956	às
7993-047/7993-047-04-06-02.png	874	oposta
2186-043/2186-043-03-02-13.png	293	com
1495-040/1495-040-01-03-12.png	184	na
7804-036/7804-036-01-05-05.png	845	de
1002-028/1002-028-02-03-06.png	127	si
5648-031/5648-031-03-06-11.png	621	do
1633-022/1633-022-01-03-11.png	203	vida
0571-018/0571-018-03-04-12.png	49	esse
1662-051/1662-051-01-02-09.png	231	Maria
1632-021/1632-021-02-02-04.png	202	contemporânea
7601-057/7601-057-02-04-03.png	810	passa
6476-006/6476-006-04-04-03.png	656	as
1627-016/1627-016-04-03-11.png	197	enfermi-
0258-050/0258-050-02-07-12.png	23	de
0651-042/0651-042-01-02-09.png	71	da
7341-043/7341-043-02-02-05.png	773	de
1677-066/1677-066-03-08-09.png	246	da
7872-048/7872-048-04-05-01.png	864	sa
1622-011/1622-011-01-02-08.png	192	na
4294-007/4294-007-03-02-16.png	477	sua
7160-101/7160-101-04-03-07.png	723	com
7613-069/7613-069-02-03-13.png	816	panorama
1628-017/1628-017-03-03-18.png	198	isolado
2670-027/2670-027-04-06-14.png	366	para
7272-074/7272-074-03-07-11.png	745	em
0564-011/0564-011-03-04-12.png	44	do
2368-075/2368-075-03-02-16.png	326	para
0641-032/0641-032-02-05-18.png	66	com
1647-036/1647-036-01-04-08.png	217	âmbito
1643-032/1643-032-03-04-06.png	213	requerem
0997-023/0997-023-04-05-18.png	124	da
0659-050/0659-050-02-06-12.png	75	os
1637-026/1637-026-03-05-17.png	207	ideais
0220-012/0220-012-01-03-04.png	4	da
7564-020/7564-020-04-05-07.png	792	de
7799-031/7799-031-02-06-06.png	842	de
3641-011/3641-011-02-05-12.png	410	os
8246-015/8246-015-02-01-11.png	914	de
1632-021/1632-021-02-03-04.png	202	que
7867-043/7867-043-02-05-12.png	859	formação
3641-011/3641-011-03-06-16.png	410	au-
3127-008/3127-008-01-06-09.png	394	da
1726-015/1726-015-04-07-09.png	255	de
7344-046/7344-046-02-04-05.png	776	de
4424-102/4424-102-03-04-06.png	498	os
6907-014/6907-014-02-07-16.png	671	do
5826-024/5826-024-02-04-17.png	629	seus
7589-045/7589-045-04-07-14.png	804	de
6907-014/6907-014-02-03-16.png	671	vez
1136-031/1136-031-03-04-15.png	138	um
4689-252/4689-252-02-04-07.png	553	do
7340-042/7340-042-04-05-11.png	772	que
6702-052/6702-052-02-04-11.png	665	per-
7621-077/7621-077-01-03-10.png	820	fim
7876-052/7876-052-04-03-05.png	868	afim
9154-038/9154-038-03-03-02.png	975	que
8224-015/8224-015-02-04-10.png	907	por
0428-026/0428-026-01-09-09.png	29	no
1649-038/1649-038-03-01-05.png	219	que
0997-023/0997-023-02-09-16.png	124	salas
3638-008/3638-008-03-08-06.png	408	em
0574-021/0574-021-01-02-13.png	52	de
4424-102/4424-102-02-03-08.png	498	não
2607-024/2607-024-01-03-04.png	346	estigma
0236-028/0236-028-02-09-16.png	12	que
8749-037/8749-037-04-03-10.png	955	Programa
3682-052/3682-052-03-02-06.png	433	de
4775-020/4775-020-02-05-14.png	573	não
5263-010/5263-010-02-03-13.png	619	de
1632-021/1632-021-03-06-09.png	202	fraqueza
4352-030/4352-030-03-05-11.png	489	foi
1650-039/1650-039-02-01-21.png	220	títu-
8441-035/8441-035-01-04-02.png	921	se
2639-025/2639-025-01-02-04.png	360	um
7272-074/7272-074-02-02-11.png	745	pelo
0554-001/0554-001-01-01-12.png	37	do
7347-049/7347-049-03-07-11.png	779	do
7556-012/7556-012-02-02-06.png	788	metrópoles
1498-043/1498-043-04-06-12.png	186	ou
7589-045/7589-045-04-02-17.png	804	da
1123-018/1123-018-01-07-19.png	129	de
1682-071/1682-071-04-07-04.png	251	canais
1002-028/1002-028-01-05-06.png	127	de
4298-011/4298-011-02-01-04.png	480	são
7876-052/7876-052-02-09-07.png	868	profissional
2679-036/2679-036-05-06-05.png	370	da
8757-045/8757-045-04-07-07.png	959	assunto
1677-066/1677-066-01-04-12.png	246	essas
6394-019/6394-019-03-05-04.png	647	sobre
1647-036/1647-036-03-01-08.png	217	disseminação
7338-040/7338-040-02-04-02.png	770	de
0765-026/0765-026-02-05-02.png	98	não
7868-044/7868-044-01-05-05.png	860	do
8517-011/8517-011-01-03-20.png	940	pelo
8253-022/8253-022-02-06-10.png	917	do
1673-062/1673-062-04-07-01.png	242	Freire
1448-052/1448-052-01-05-09.png	164	cabe
3673-043/3673-043-04-06-12.png	425	da
0565-012/0565-012-04-08-11.png	45	no
2487-030/2487-030-04-03-10.png	332	de
1651-040/1651-040-01-06-14.png	221	disso
4681-244/4681-244-04-02-08.png	549	da
7135-076/7135-076-04-03-19.png	701	de
6478-008/6478-008-01-04-09.png	657	corpo
8121-023/8121-023-04-01-10.png	883	parceria
6390-015/6390-015-04-06-18.png	645	na
7341-043/7341-043-02-03-15.png	773	Can-
2123-073/2123-073-04-02-12.png	284	da
4293-006/4293-006-03-01-11.png	476	do
1659-048/1659-048-04-03-08.png	228	de
1643-032/1643-032-03-05-08.png	213	quadro
7722-088/7722-088-04-04-11.png	830	de
2667-024/2667-024-03-03-07.png	364	pela
1626-015/1626-015-04-03-05.png	196	de
0428-026/0428-026-01-07-07.png	29	em
7876-052/7876-052-03-06-09.png	868	vai
9154-038/9154-038-03-02-14.png	975	da
5822-020/5822-020-04-04-12.png	625	do
2505-048/2505-048-03-02-08.png	338	por
0216-008/0216-008-02-01-01.png	2	Na
8441-035/8441-035-03-04-03.png	921	às
7048-011/7048-011-02-04-02.png	686	as
6113-021/6113-021-04-05-17.png	633	aos
6478-008/6478-008-04-01-13.png	657	por
2183-040/2183-040-01-04-07.png	290	são
0428-026/0428-026-03-02-08.png	29	do
8619-067/8619-067-01-01-13.png	948	do
6942-024/6942-024-04-05-01.png	678	de
4445-008/4445-008-02-05-08.png	501	de
1663-052/1663-052-04-04-12.png	232	da
1652-041/1652-041-01-04-13.png	222	que
4884-049/4884-049-02-02-11.png	587	da
0240-032/0240-032-04-03-16.png	14	Go-
4985-041/4985-041-03-07-13.png	605	ao
1659-048/1659-048-03-01-02.png	228	disso
7153-094/7153-094-03-02-07.png	717	de
8463-057/8463-057-04-05-01.png	930	por
4412-090/4412-090-02-08-01.png	494	falta
1622-011/1622-011-02-01-06.png	192	ou
9201-034/9201-034-01-02-02.png	981	cidade
1755-019/1755-019-02-03-03.png	261	atual
4354-032/4354-032-02-09-08.png	490	que
1663-052/1663-052-01-05-02.png	232	infelizmente
1629-018/1629-018-03-03-07.png	199	pelas
4623-186/4623-186-02-07-11.png	534	as
7785-017/7785-017-02-08-17.png	832	da
1759-023/1759-023-01-01-05.png	264	de
0258-050/0258-050-02-09-17.png	23	as-
2372-079/2372-079-02-07-01.png	328	Eles
4985-041/4985-041-04-05-13.png	605	que
7048-011/7048-011-02-08-01.png	686	têm
7556-012/7556-012-02-07-05.png	788	corrobora
9154-038/9154-038-04-06-15.png	975	pos-
4551-114/4551-114-02-01-07.png	516	de
0592-039/0592-039-03-02-07.png	62	em
8222-013/8222-013-03-08-04.png	905	Com
2246-046/2246-046-02-06-05.png	301	por
3637-007/3637-007-04-03-01.png	407	do
7585-041/7585-041-01-01-11.png	802	da
8625-073/8625-073-04-02-02.png	951	da
1654-043/1654-043-03-07-03.png	224	Organização
7601-057/7601-057-02-06-13.png	810	locais
0574-021/0574-021-04-02-12.png	52	que
1646-035/1646-035-02-04-05.png	216	psíquicas
0651-042/0651-042-04-05-16.png	71	elas
1766-030/1766-030-02-05-14.png	268	algo
8255-024/8255-024-04-04-12.png	919	dar
1630-019/1630-019-01-01-06.png	200	de
7175-116/7175-116-03-01-09.png	732	para
7053-016/7053-016-03-07-09.png	690	do
1638-027/1638-027-03-05-11.png	208	já
1642-031/1642-031-03-03-13.png	212	constituição
1621-010/1621-010-01-06-13.png	191	assunto
8185-035/8185-035-03-01-11.png	900	por
0765-026/0765-026-01-01-05.png	98	uso
1656-045/1656-045-03-02-12.png	226	alimentação
7859-035/7859-035-03-07-12.png	851	na
7269-071/7269-071-03-07-02.png	742	para
7796-028/7796-028-01-02-03.png	840	que
1643-032/1643-032-02-09-03.png	213	muitos
8759-047/8759-047-04-02-12.png	960	deve
2369-076/2369-076-03-06-02.png	327	as
1641-030/1641-030-04-01-05.png	211	de
1666-055/1666-055-01-04-12.png	235	doenças
1666-055/1666-055-02-07-01.png	235	ticos
0687-078/0687-078-03-05-03.png	86	de
7158-099/7158-099-03-04-13.png	721	por
8517-011/8517-011-04-03-15.png	940	feito
8751-039/8751-039-03-06-05.png	956	dessas
1624-013/1624-013-02-06-05.png	194	tornam-se
7981-035/7981-035-03-02-15.png	870	de
2374-081/2374-081-02-09-01.png	329	síveis
1490-035/1490-035-03-05-08.png	179	que
7861-037/7861-037-01-06-06.png	853	estigma
9526-010/9526-010-04-01-13.png	999	uto-
0228-020/0228-020-01-06-13.png	8	formação
2189-046/2189-046-05-02-14.png	296	há
0990-016/0990-016-02-03-04.png	118	do
2129-079/2129-079-04-03-12.png	288	de
8120-022/8120-022-03-07-03.png	882	Essa
4296-009/4296-009-03-04-09.png	478	da
7866-042/7866-042-01-06-05.png	858	pela
2248-048/2248-048-04-02-02.png	303	no
4668-231/4668-231-04-04-13.png	543	de
1624-013/1624-013-03-04-07.png	194	Dados
0555-002/0555-002-04-01-12.png	38	uma
6110-018/6110-018-02-04-01.png	631	bem
1683-072/1683-072-04-01-02.png	252	portanto
1663-052/1663-052-02-01-13.png	232	mentais
0555-002/0555-002-04-02-08.png	38	que
1625-014/1625-014-03-05-11.png	195	consequência
2374-081/2374-081-04-06-09.png	329	por
1680-069/1680-069-02-08-03.png	249	marca
5825-023/5825-023-02-01-07.png	628	de
1215-022/1215-022-01-03-14.png	142	que
7796-028/7796-028-02-07-11.png	840	para
1633-022/1633-022-03-04-03.png	203	ao
4783-002/4783-002-02-04-17.png	575	bra-
9197-030/9197-030-02-03-02.png	979	no
7135-076/7135-076-02-02-13.png	701	em
8222-013/8222-013-02-01-04.png	905	ser
4646-209/4646-209-05-08-05.png	539	da
4299-012/4299-012-03-05-13.png	481	que
0433-031/0433-031-05-02-06.png	30	ou
2318-025/2318-025-02-02-04.png	308	ao
0647-038/0647-038-03-04-07.png	69	de
1002-028/1002-028-01-04-01.png	127	do
7152-093/7152-093-04-07-03.png	716	de
2780-036/2780-036-05-05-06.png	377	vez
2108-058/2108-058-04-02-13.png	274	de
6145-016/6145-016-04-06-18.png	642	ci-
8121-023/8121-023-01-02-04.png	883	obrigação
6911-018/6911-018-03-07-01.png	673	te
2374-081/2374-081-02-04-10.png	329	que
6112-020/6112-020-01-01-05.png	632	do
7585-041/7585-041-03-03-01.png	802	prol
7990-044/7990-044-03-05-10.png	873	que
7987-041/7987-041-03-02-16.png	872	de
8190-040/8190-040-03-09-11.png	903	pela
7858-034/7858-034-02-05-05.png	850	telespectadores
7872-048/7872-048-02-07-06.png	864	sofrimento
4111-029/4111-029-03-06-14.png	448	ansiedade
0665-056/0665-056-04-03-09.png	78	da
0639-030/0639-030-03-08-02.png	65	da
1729-018/1729-018-01-03-10.png	258	que
2119-069/2119-069-04-01-05.png	280	os
0775-036/0775-036-03-03-09.png	102	um
7157-098/7157-098-04-01-09.png	720	que
6408-033/6408-033-02-05-01.png	654	bre
8747-035/8747-035-02-05-10.png	954	indivíduos
1627-016/1627-016-03-02-05.png	197	estigma
0566-013/0566-013-03-02-06.png	46	até
1663-052/1663-052-02-09-11.png	232	sua
1651-040/1651-040-01-07-05.png	221	tratamentos
8449-043/8449-043-01-03-13.png	924	De
8749-037/8749-037-04-07-07.png	955	Ademais
1656-045/1656-045-01-02-15.png	226	da
4900-065/4900-065-04-05-08.png	588	de
7873-049/7873-049-02-03-04.png	865	externas
2505-048/2505-048-04-01-05.png	338	da
1638-027/1638-027-04-01-17.png	208	men-
7978-032/7978-032-02-04-08.png	869	por
7861-037/7861-037-02-03-08.png	853	milhares
3512-016/3512-016-01-01-12.png	398	os
4930-004/4930-004-01-05-15.png	595	este
0830-026/0830-026-02-03-14.png	104	os
1677-066/1677-066-04-01-13.png	246	de
1431-035/1431-035-02-02-13.png	149	que
7587-043/7587-043-01-07-09.png	803	heterogeneidade
1729-018/1729-018-04-04-03.png	258	noção
2113-063/2113-063-03-03-04.png	278	do
0220-012/0220-012-02-07-14.png	4	de
7585-041/7585-041-01-02-15.png	802	Malgrado
7601-057/7601-057-03-03-15.png	810	centros
1766-030/1766-030-01-05-15.png	268	pela
1642-031/1642-031-01-01-01.png	212	Segundo
7978-032/7978-032-03-03-01.png	869	do
3652-022/3652-022-04-03-07.png	417	de
3682-052/3682-052-02-03-13.png	433	de
4934-008/4934-008-02-01-16.png	597	de
0520-020/0520-020-02-08-18.png	34	surto
3633-003/3633-003-03-06-14.png	405	em
4482-045/4482-045-05-03-06.png	506	em
7151-092/7151-092-04-07-07.png	715	em
1677-066/1677-066-01-01-10.png	246	âmbito
8457-051/8457-051-03-04-08.png	928	de
7875-051/7875-051-04-06-06.png	867	projetos
7804-036/7804-036-03-04-01.png	845	dor
7872-048/7872-048-03-03-10.png	864	dificuldade
1646-035/1646-035-03-01-07.png	216	outro
7286-088/7286-088-03-07-01.png	759	ças
4111-029/4111-029-04-07-11.png	448	expurgar
4689-252/4689-252-02-07-01.png	553	tes
4775-020/4775-020-01-01-10.png	573	da
2327-034/2327-034-03-13-06.png	313	de
2977-020/2977-020-04-08-02.png	389	nos
6406-031/6406-031-04-07-04.png	653	que
4847-012/4847-012-04-02-03.png	582	da
1682-071/1682-071-01-04-08.png	251	brasileira
2778-034/2778-034-03-01-02.png	376	as
1660-049/1660-049-04-04-08.png	229	preconceito
2778-034/2778-034-03-01-10.png	376	de
8904-031/8904-031-02-03-10.png	965	pela
1448-052/1448-052-02-05-10.png	164	de
4900-065/4900-065-02-01-06.png	588	de
8759-047/8759-047-01-01-03.png	960	na
1628-017/1628-017-02-02-02.png	198	ideal
1725-014/1725-014-04-05-13.png	254	nas
7272-074/7272-074-04-02-05.png	745	do
2497-040/2497-040-03-09-06.png	337	da
1669-058/1669-058-02-05-13.png	238	sociedade
1726-015/1726-015-04-06-06.png	255	seu
8517-011/8517-011-02-08-13.png	940	aptos
4856-021/4856-021-03-06-08.png	583	na
0570-017/0570-017-04-05-05.png	48	em
2112-062/2112-062-01-05-05.png	277	de
2605-022/2605-022-02-07-10.png	344	para
7589-045/7589-045-01-03-07.png	804	em
2246-046/2246-046-02-08-11.png	301	ficam
2511-054/2511-054-02-08-05.png	340	da
8485-079/8485-079-04-03-08.png	938	ao
1128-023/1128-023-04-01-06.png	133	da
1732-021/1732-021-03-05-04.png	260	de
7861-037/7861-037-02-02-04.png	853	comparação
1646-035/1646-035-03-09-09.png	216	ações
7587-043/7587-043-01-04-03.png	803	espaço
1768-032/1768-032-03-06-03.png	269	já
0763-024/0763-024-02-08-03.png	97	de
7145-086/7145-086-02-01-13.png	711	de
1628-017/1628-017-02-10-13.png	198	contentamento
8747-035/8747-035-04-05-07.png	954	sociais
7052-015/7052-015-02-07-04.png	689	não
8447-041/8447-041-01-03-17.png	923	fic-
8057-036/8057-036-04-02-01.png	877	deral
1622-011/1622-011-03-02-06.png	192	vygotsky
1660-049/1660-049-02-05-06.png	229	tal
4847-012/4847-012-05-03-05.png	582	da
0578-025/0578-025-02-02-05.png	54	os
1669-058/1669-058-02-07-05.png	238	Logo
7045-008/7045-008-04-01-04.png	684	de
1654-043/1654-043-02-06-05.png	224	questões
7869-045/7869-045-03-01-01.png	861	Ademais
4111-029/4111-029-04-07-16.png	448	doenças
6406-031/6406-031-04-01-08.png	653	do
3679-049/3679-049-04-02-12.png	430	em
4783-002/4783-002-02-04-15.png	575	pelo
8459-053/8459-053-04-01-03.png	929	que
7867-043/7867-043-04-06-01.png	859	com
6113-021/6113-021-02-07-02.png	633	não
1766-030/1766-030-04-05-09.png	268	da
1755-019/1755-019-02-05-04.png	261	que
7785-017/7785-017-02-07-12.png	832	que
1604-043/1604-043-04-02-15.png	190	da
8190-040/8190-040-03-09-23.png	903	esse
7177-118/7177-118-01-03-11.png	733	ao
7862-038/7862-038-04-05-11.png	854	como
1682-071/1682-071-02-03-06.png	251	coímbam
8900-027/8900-027-04-04-13.png	963	na
5822-020/5822-020-02-01-16.png	625	modo
7804-036/7804-036-04-07-02.png	845	por
2334-041/2334-041-03-05-05.png	317	as
1677-066/1677-066-04-05-06.png	246	fim
8896-023/8896-023-03-08-11.png	961	de
4097-015/4097-015-02-02-02.png	436	de
7278-080/7278-080-02-04-09.png	751	sob
2977-020/2977-020-04-02-05.png	389	necessidade
8191-041/8191-041-04-04-09.png	904	da
1621-010/1621-010-03-06-09.png	191	perpetuando-se
0238-030/0238-030-03-02-14.png	13	por
7012-025/7012-025-02-01-11.png	681	por
0997-023/0997-023-03-07-15.png	124	de
1624-013/1624-013-03-04-03.png	194	portadores
4673-236/4673-236-01-01-09.png	546	da
0236-028/0236-028-02-10-06.png	12	da
1660-049/1660-049-01-03-03.png	229	problemáticas
2249-049/2249-049-02-04-05.png	304	que
1649-038/1649-038-04-02-11.png	219	Ministério
1127-022/1127-022-04-02-06.png	132	do
8751-039/8751-039-02-07-04.png	956	governamental
1652-041/1652-041-01-07-10.png	222	prejuízos
1632-021/1632-021-04-03-13.png	202	currículo
1728-017/1728-017-02-02-14.png	257	no
9158-042/9158-042-02-02-13.png	976	Sob
1431-035/1431-035-02-01-09.png	149	de
2372-079/2372-079-03-08-04.png	328	de
4463-026/4463-026-04-10-02.png	504	da
6702-052/6702-052-02-02-07.png	665	de
1683-072/1683-072-04-06-06.png	252	saúde
8449-043/8449-043-03-03-03.png	924	em
6476-006/6476-006-02-03-02.png	656	por
1651-040/1651-040-01-03-11.png	221	do
8896-023/8896-023-04-04-13.png	961	de
1663-052/1663-052-01-04-01.png	232	lhões
7275-077/7275-077-01-01-19.png	748	tam-
4545-108/4545-108-03-06-01.png	515	uma
7589-045/7589-045-01-06-02.png	804	limitando
7613-069/7613-069-01-01-12.png	816	qual
7340-042/7340-042-02-07-04.png	772	aos
2607-024/2607-024-03-03-06.png	346	social
7981-035/7981-035-02-05-07.png	870	pode
1660-049/1660-049-01-06-06.png	229	sem
7873-049/7873-049-04-01-04.png	865	desarticulação
7132-073/7132-073-04-03-08.png	698	às
7053-016/7053-016-02-07-13.png	690	no
8191-041/8191-041-04-03-06.png	904	na
4412-090/4412-090-03-02-03.png	494	do
4668-231/4668-231-04-04-15.png	543	Não
4412-090/4412-090-04-01-09.png	494	ao
1628-017/1628-017-04-04-13.png	198	de
2104-054/2104-054-05-07-11.png	270	de
7346-048/7346-048-03-02-05.png	778	as
9526-010/9526-010-04-04-12.png	999	que
8223-014/8223-014-02-05-13.png	906	vis-
0579-026/0579-026-03-04-10.png	55	que
7867-043/7867-043-01-02-15.png	859	total
8749-037/8749-037-02-04-18.png	955	doenças
4791-010/4791-010-02-03-15.png	579	da
0228-020/0228-020-01-02-01.png	8	Essa
2372-079/2372-079-03-08-16.png	328	os
1429-033/1429-033-01-04-01.png	147	tais
4767-012/4767-012-01-02-12.png	570	de
4856-021/4856-021-04-03-05.png	583	do
1641-030/1641-030-03-01-11.png	211	psicossomáticas
1651-040/1651-040-02-07-01.png	221	te
2778-034/2778-034-02-02-11.png	376	da
8443-037/8443-037-01-02-02.png	922	no
8459-053/8459-053-02-07-10.png	929	de
2670-027/2670-027-04-07-17.png	366	ca-
6911-018/6911-018-03-10-04.png	673	em
4679-242/4679-242-02-06-06.png	548	pelo
1673-062/1673-062-02-05-04.png	242	lógica
8619-067/8619-067-03-01-09.png	948	um
0645-036/0645-036-04-02-16.png	68	po-
0234-026/0234-026-03-04-02.png	11	ético
1654-043/1654-043-02-04-05.png	224	em
0560-007/0560-007-02-04-09.png	41	às
4931-005/4931-005-02-04-05.png	596	de
7424-073/7424-073-02-02-02.png	783	do
1490-035/1490-035-04-07-15.png	179	de
1643-032/1643-032-03-08-03.png	213	seu
4673-236/4673-236-03-03-09.png	546	de
1650-039/1650-039-04-02-13.png	220	transtornos
7984-038/7984-038-03-05-13.png	871	na
1757-021/1757-021-02-05-11.png	263	da
4463-026/4463-026-03-07-12.png	504	de
4767-012/4767-012-03-03-12.png	570	de
6406-031/6406-031-04-05-10.png	653	que
7337-039/7337-039-04-02-08.png	769	por
4990-046/4990-046-04-06-05.png	610	de
4313-009/4313-009-05-04-14.png	486	por
4985-041/4985-041-04-05-04.png	605	isso
8057-036/8057-036-03-03-17.png	877	de
8254-023/8254-023-03-01-09.png	918	de
7875-051/7875-051-01-02-02.png	867	Maior
1656-045/1656-045-04-05-05.png	226	que
1683-072/1683-072-04-03-06.png	252	educacionais
4601-164/4601-164-02-07-08.png	529	ao
4313-009/4313-009-04-05-01.png	486	se
7589-045/7589-045-02-04-07.png	804	no
7613-069/7613-069-02-07-05.png	816	ao
9201-034/9201-034-02-06-10.png	981	pode
7993-047/7993-047-01-03-07.png	874	diagnóstico
4791-010/4791-010-01-03-16.png	579	de
0995-021/0995-021-03-02-10.png	123	de
7282-084/7282-084-02-07-02.png	755	de
7424-073/7424-073-02-05-01.png	783	mo
8443-037/8443-037-02-09-13.png	922	às
1654-043/1654-043-03-06-12.png	224	depressivos
1680-069/1680-069-04-04-07.png	249	fim
7174-115/7174-115-04-08-02.png	731	de
6110-018/6110-018-01-06-06.png	631	da
8121-023/8121-023-03-02-09.png	883	de
2774-030/2774-030-02-07-09.png	374	ou
1651-040/1651-040-02-07-04.png	221	cupladora
6394-019/6394-019-04-02-15.png	647	por
4259-028/4259-028-02-06-17.png	467	Por
0236-028/0236-028-02-08-09.png	12	que
7866-042/7866-042-02-06-06.png	858	acaba
1651-040/1651-040-04-06-04.png	221	Medida
1001-027/1001-027-04-03-07.png	126	que
7862-038/7862-038-01-04-05.png	854	suas
8242-011/8242-011-03-04-06.png	910	de
1646-035/1646-035-04-06-01.png	216	emocional
7053-016/7053-016-03-07-07.png	690	da
7787-019/7787-019-03-01-07.png	833	de
1757-021/1757-021-04-02-13.png	263	há
6139-010/6139-010-04-01-13.png	638	ao
0586-033/0586-033-04-01-05.png	58	da
1604-043/1604-043-02-04-04.png	190	do
4412-090/4412-090-01-06-05.png	494	de
1633-022/1633-022-02-03-06.png	203	doença
1663-052/1663-052-01-07-05.png	232	elas
4111-029/4111-029-03-06-09.png	448	para
0424-022/0424-022-02-09-02.png	28	não
8900-027/8900-027-02-03-05.png	963	ser
4767-012/4767-012-04-01-16.png	570	que
7601-057/7601-057-04-09-14.png	810	meio
7347-049/7347-049-02-05-05.png	779	do
2782-038/2782-038-03-03-02.png	378	dos
1627-016/1627-016-02-04-03.png	197	Saúde
8243-012/8243-012-01-02-14.png	911	ve-
7864-040/7864-040-01-05-09.png	856	Brasil
7288-090/7288-090-01-04-15.png	761	pela
2505-048/2505-048-04-02-16.png	338	dos
6476-006/6476-006-02-03-11.png	656	do
1729-018/1729-018-02-02-12.png	258	que
2515-058/2515-058-03-09-01.png	342	te
1632-021/1632-021-02-02-05.png	202	chamada
2320-027/2320-027-05-02-02.png	310	na
4928-002/4928-002-02-09-07.png	593	Marx
4900-065/4900-065-02-03-07.png	588	por
1632-021/1632-021-01-02-06.png	202	de
7722-088/7722-088-02-01-13.png	830	para
4551-114/4551-114-03-08-18.png	516	cada
4847-012/4847-012-01-01-02.png	582	do
1621-010/1621-010-03-04-03.png	191	inviabilizam
4684-247/4684-247-03-04-09.png	550	do
7152-093/7152-093-02-02-05.png	716	um
9134-018/9134-018-03-04-16.png	972	ve-
6408-033/6408-033-02-08-09.png	654	leve
1601-040/1601-040-02-03-11.png	189	os
0639-030/0639-030-04-01-10.png	65	aos
4234-003/4234-003-02-01-14.png	462	de-
2776-032/2776-032-03-08-10.png	375	da
4934-008/4934-008-04-05-03.png	597	nos
8223-014/8223-014-02-06-01.png	906	ta
2248-048/2248-048-02-04-08.png	303	fonte
0681-072/0681-072-02-03-15.png	84	uma
1682-071/1682-071-03-06-06.png	251	da
7869-045/7869-045-02-08-11.png	861	mal
7868-044/7868-044-02-05-07.png	860	às
1638-027/1638-027-03-05-16.png	208	apenas
1447-051/1447-051-03-05-02.png	163	de
8120-022/8120-022-02-06-07.png	882	End
9140-024/9140-024-03-07-07.png	973	de
4679-242/4679-242-03-01-12.png	548	afeta
9307-010/9307-010-01-04-01.png	993	se
8759-047/8759-047-04-06-01.png	960	de
2613-030/2613-030-03-06-06.png	352	críticas
4097-015/4097-015-02-05-01.png	436	para
4448-011/4448-011-03-05-08.png	502	não
7871-047/7871-047-04-07-11.png	863	aos
4783-002/4783-002-02-01-07.png	575	se
0415-013/0415-013-02-05-11.png	26	são
4791-010/4791-010-04-01-14.png	579	seja
8523-017/8523-017-03-07-09.png	944	de
4097-015/4097-015-02-01-09.png	436	acompanhamento
8190-040/8190-040-03-09-15.png	903	com
7872-048/7872-048-02-07-01.png	864	tizar
0563-010/0563-010-04-01-03.png	43	ao
6439-029/6439-029-04-05-01.png	655	por
6800-085/6800-085-01-02-13.png	667	da
7141-082/7141-082-02-05-11.png	707	de
1632-021/1632-021-02-06-06.png	202	contradição
7990-044/7990-044-02-01-09.png	873	mentalidade
2610-027/2610-027-03-04-06.png	349	que
1628-017/1628-017-04-06-02.png	198	discussão
6906-013/6906-013-04-02-13.png	670	que
8253-022/8253-022-04-03-12.png	917	às
2607-024/2607-024-02-04-10.png	346	haja
2607-024/2607-024-04-04-04.png	346	de
9201-034/9201-034-01-06-15.png	981	enfer-
1725-014/1725-014-02-06-02.png	254	são
1683-072/1683-072-04-02-01.png	252	executiva
7136-077/7136-077-02-06-07.png	702	Em
5649-032/5649-032-05-01-03.png	622	que
1757-021/1757-021-02-06-16.png	263	que
7868-044/7868-044-03-03-06.png	860	afetados
4985-041/4985-041-04-02-07.png	605	de
8749-037/8749-037-01-03-14.png	955	mentais
4928-002/4928-002-01-02-11.png	593	de
1483-028/1483-028-03-03-01.png	174	ao
3679-049/3679-049-03-08-04.png	430	as
1680-069/1680-069-02-03-11.png	249	Porto
7260-062/7260-062-03-05-03.png	735	desde
9307-010/9307-010-01-03-06.png	993	de
1629-018/1629-018-04-01-11.png	199	men-
2184-041/2184-041-02-03-03.png	291	em
2607-024/2607-024-02-05-06.png	346	saúde
7141-082/7141-082-04-01-12.png	707	ao
4234-003/4234-003-04-03-08.png	462	por
1652-041/1652-041-01-07-04.png	222	promove
3512-016/3512-016-01-02-10.png	398	de
2109-059/2109-059-03-06-16.png	275	de
4554-117/4554-117-04-04-04.png	517	das
6137-008/6137-008-01-04-02.png	637	em
1659-048/1659-048-03-07-10.png	228	socialização
2189-046/2189-046-03-04-19.png	296	que
7152-093/7152-093-01-02-07.png	716	do
7798-030/7798-030-03-04-05.png	841	ser
7151-092/7151-092-02-07-05.png	715	de
8242-011/8242-011-04-03-17.png	910	e-
2104-054/2104-054-05-09-07.png	270	de
3641-011/3641-011-01-01-03.png	410	que
4124-042/4124-042-04-11-01.png	461	que
8759-047/8759-047-04-02-05.png	960	brasileiros
5648-031/5648-031-02-02-03.png	621	de
1755-019/1755-019-02-01-20.png	261	que
4313-009/4313-009-05-01-04.png	486	tal
1683-072/1683-072-01-03-04.png	252	sociedade
1649-038/1649-038-02-01-13.png	219	diante
0572-019/0572-019-01-04-09.png	50	de
0641-032/0641-032-03-04-13.png	66	dos
7787-019/7787-019-02-01-07.png	833	as
4931-005/4931-005-04-01-14.png	596	que
7049-012/7049-012-02-05-19.png	687	en-
7138-079/7138-079-02-03-07.png	704	de
6392-017/6392-017-04-04-09.png	646	na
0571-018/0571-018-01-01-09.png	49	de
4234-003/4234-003-04-01-12.png	462	na
0705-096/0705-096-01-01-10.png	94	as
6702-052/6702-052-04-06-07.png	665	de
2780-036/2780-036-04-05-13.png	377	são
2112-062/2112-062-03-01-09.png	277	as
7159-100/7159-100-04-05-09.png	722	da
0216-008/0216-008-04-03-10.png	2	de
8243-012/8243-012-01-06-10.png	911	com
4773-018/4773-018-01-01-18.png	572	ir
0641-032/0641-032-03-03-05.png	66	nas
7875-051/7875-051-01-03-04.png	867	moderna
2189-046/2189-046-04-01-07.png	296	de
8179-029/8179-029-04-01-05.png	898	de
4775-020/4775-020-02-03-20.png	573	de
1651-040/1651-040-03-04-12.png	221	tratamento
8759-047/8759-047-01-05-09.png	960	são
7978-032/7978-032-04-03-16.png	869	nos
7990-044/7990-044-04-03-11.png	873	cotidi-
7576-032/7576-032-02-04-04.png	798	uma
1663-052/1663-052-01-04-05.png	232	país
8463-057/8463-057-02-07-01.png	930	ses
7873-049/7873-049-03-05-19.png	865	TV
7876-052/7876-052-04-04-04.png	868	promover
7798-030/7798-030-02-04-18.png	841	qual
1128-023/1128-023-02-07-08.png	133	que
1474-019/1474-019-04-05-02.png	167	nos
7048-011/7048-011-04-08-01.png	686	dos
4292-005/4292-005-04-08-14.png	475	já
7621-077/7621-077-02-04-13.png	820	segundo
0564-011/0564-011-03-03-17.png	44	das
2113-063/2113-063-03-08-01.png	278	as
2189-046/2189-046-04-04-17.png	296	de
7866-042/7866-042-03-03-10.png	858	nenhum
7140-081/7140-081-02-07-06.png	706	em
7601-057/7601-057-01-02-21.png	810	do
7170-111/7170-111-02-07-14.png	729	de
2774-030/2774-030-04-02-06.png	374	na
1759-023/1759-023-02-05-14.png	264	da
6144-015/6144-015-03-03-04.png	641	país
1624-013/1624-013-04-03-08.png	194	promover
7589-045/7589-045-02-02-06.png	804	se
0586-033/0586-033-03-03-10.png	58	crise
7793-025/7793-025-04-06-09.png	837	de
7993-047/7993-047-03-08-08.png	874	que
7621-077/7621-077-02-04-09.png	820	do
5825-023/5825-023-05-02-11.png	628	as
4412-090/4412-090-01-03-18.png	494	um
1492-037/1492-037-02-03-14.png	181	de
1214-021/1214-021-02-01-11.png	141	em
8120-022/8120-022-03-03-15.png	882	no
4985-041/4985-041-02-02-08.png	605	por
4598-161/4598-161-05-06-04.png	528	de
1651-040/1651-040-03-03-08.png	221	um
4524-087/4524-087-02-04-14.png	513	de
7993-047/7993-047-02-03-06.png	874	perante
3639-009/3639-009-04-02-09.png	409	Para
7556-012/7556-012-02-08-04.png	788	isonômico
2670-027/2670-027-03-05-10.png	366	no
0579-026/0579-026-04-05-02.png	55	de
4930-004/4930-004-03-07-04.png	595	de
0639-030/0639-030-02-03-13.png	65	de
1650-039/1650-039-01-03-02.png	220	até
1674-063/1674-063-03-06-15.png	243	reforça
0424-022/0424-022-03-04-12.png	28	da
4466-029/4466-029-02-03-09.png	505	as
7437-086/7437-086-01-05-09.png	786	no
2774-030/2774-030-03-01-06.png	374	da
4124-042/4124-042-03-02-02.png	461	de
0645-036/0645-036-01-02-13.png	68	um
7787-019/7787-019-03-07-04.png	833	ao
7158-099/7158-099-02-08-04.png	721	dos
8900-027/8900-027-04-02-03.png	963	na
1656-045/1656-045-03-03-10.png	226	manutenção
1442-046/1442-046-04-05-03.png	159	que
1729-018/1729-018-02-04-10.png	258	não
8225-016/8225-016-02-04-17.png	908	que
1444-048/1444-048-02-07-08.png	160	as
1663-052/1663-052-01-02-02.png	232	ficou
7260-062/7260-062-03-08-16.png	735	do
4111-029/4111-029-01-01-06.png	448	More
1630-019/1630-019-02-06-14.png	200	da
7601-057/7601-057-01-03-13.png	810	integral
4936-010/4936-010-02-02-11.png	598	do
0260-052/0260-052-02-03-01.png	24	civil
6476-006/6476-006-02-05-03.png	656	de
7151-092/7151-092-01-01-01.png	715	no
1601-040/1601-040-02-06-14.png	189	tese
1674-063/1674-063-01-06-01.png	243	desse
4928-002/4928-002-02-01-04.png	593	as
6112-020/6112-020-03-06-06.png	632	em
2610-027/2610-027-03-03-11.png	349	opressão
1763-027/1763-027-04-01-05.png	266	os
1725-014/1725-014-03-08-02.png	254	da
1495-040/1495-040-04-06-03.png	184	no
1660-049/1660-049-02-03-08.png	229	como
6946-028/6946-028-04-07-10.png	680	os
0218-010/0218-010-01-04-01.png	3	de
6439-029/6439-029-03-04-06.png	655	das
0415-013/0415-013-01-05-04.png	26	de
1662-051/1662-051-02-04-05.png	231	individuais
8186-036/8186-036-03-01-05.png	901	de
7260-062/7260-062-02-10-13.png	735	no
2776-032/2776-032-02-08-08.png	375	seres
7876-052/7876-052-01-02-09.png	868	pode
7175-116/7175-116-04-02-04.png	732	por
1003-029/1003-029-03-05-11.png	128	da
7867-043/7867-043-02-09-15.png	859	vida
7702-068/7702-068-02-05-03.png	826	se
1643-032/1643-032-02-02-02.png	213	doenças
7175-116/7175-116-01-02-07.png	732	que
7425-074/7425-074-03-05-04.png	784	de
7875-051/7875-051-04-02-12.png	867	com
0555-002/0555-002-02-05-15.png	38	que
7613-069/7613-069-03-03-01.png	816	Estado
2667-024/2667-024-05-06-03.png	364	de
4988-044/4988-044-02-05-07.png	608	não
0570-017/0570-017-01-04-07.png	48	de
7267-069/7267-069-01-04-08.png	740	essa
4773-018/4773-018-01-03-14.png	572	um
1757-021/1757-021-04-06-03.png	263	deve
8121-023/8121-023-02-03-09.png	883	no
1641-030/1641-030-04-02-06.png	211	com
2977-020/2977-020-02-02-12.png	389	imensamente
2738-050/2738-050-01-06-14.png	371	como
7346-048/7346-048-01-01-08.png	778	de
2738-050/2738-050-02-05-16.png	371	Infelizmente
7585-041/7585-041-04-03-09.png	802	no
7873-049/7873-049-03-02-14.png	865	preconceitos
4996-052/4996-052-04-02-01.png	614	to
1725-014/1725-014-02-05-10.png	254	falta
7290-092/7290-092-01-04-05.png	762	de
8190-040/8190-040-03-09-08.png	903	no
3682-052/3682-052-03-04-13.png	433	só
2130-080/2130-080-05-08-04.png	289	de
1628-017/1628-017-01-04-01.png	198	de
2104-054/2104-054-03-02-09.png	270	as
7873-049/7873-049-03-05-12.png	865	exemplo
1624-013/1624-013-03-06-09.png	194	silenciado
1677-066/1677-066-01-04-10.png	246	associados
0260-052/0260-052-01-07-09.png	24	de
1448-052/1448-052-02-08-05.png	164	no
2113-063/2113-063-04-04-15.png	278	er-
1684-073/1684-073-03-05-14.png	253	Se
8120-022/8120-022-03-05-03.png	882	verifica-se
7981-035/7981-035-03-01-06.png	870	depressivos
7804-036/7804-036-04-07-16.png	845	os
1659-048/1659-048-03-03-03.png	228	estar
1633-022/1633-022-01-03-01.png	203	contemporânea
8449-043/8449-043-02-09-11.png	924	de
7862-038/7862-038-02-07-17.png	854	doen-
7159-100/7159-100-03-03-06.png	722	de
1628-017/1628-017-02-08-13.png	198	qual
3638-008/3638-008-02-02-05.png	408	em
2339-046/2339-046-02-02-10.png	320	da
7621-077/7621-077-02-05-02.png	820	do
2778-034/2778-034-05-02-06.png	376	as
0763-024/0763-024-02-02-01.png	97	de
4418-096/4418-096-04-01-11.png	497	de
4293-006/4293-006-02-04-01.png	476	sos
7556-012/7556-012-01-02-02.png	788	tecnológico
1625-014/1625-014-02-03-14.png	195	harmo-
0657-048/0657-048-02-02-01.png	74	no
8057-036/8057-036-03-02-01.png	877	tor
4554-117/4554-117-02-02-10.png	517	do
7154-095/7154-095-04-01-07.png	718	ao
1659-048/1659-048-02-04-10.png	228	sociedade
0683-074/0683-074-04-04-03.png	85	fim
8747-035/8747-035-01-06-03.png	954	que
1684-073/1684-073-03-05-13.png	253	elites
0693-084/0693-084-02-02-12.png	89	pode
4111-029/4111-029-03-05-20.png	448	de
4681-244/4681-244-02-04-10.png	549	cruel
4583-146/4583-146-02-05-11.png	524	se
1447-051/1447-051-04-02-12.png	163	que
7601-057/7601-057-03-07-12.png	810	garante
2605-022/2605-022-04-03-03.png	344	do
8516-010/8516-010-04-03-01.png	939	dos
1646-035/1646-035-02-05-12.png	216	observa-se
6946-028/6946-028-02-04-16.png	680	da
5822-020/5822-020-05-05-13.png	625	os
7876-052/7876-052-03-02-06.png	868	que
7859-035/7859-035-04-05-10.png	851	Diante
1652-041/1652-041-02-07-11.png	222	transtornos
4767-012/4767-012-03-01-10.png	570	que
8120-022/8120-022-04-03-03.png	882	apaixonar
2782-038/2782-038-03-02-03.png	378	de
7337-039/7337-039-02-04-02.png	769	da
2606-023/2606-023-04-04-04.png	345	específicos
9134-018/9134-018-02-08-10.png	972	que
7046-009/7046-009-03-02-04.png	685	na
0216-008/0216-008-05-01-03.png	2	que
1680-069/1680-069-01-05-06.png	249	preconceito
1476-021/1476-021-01-04-11.png	169	de
1628-017/1628-017-04-06-14.png	198	desenvolvidos
1680-069/1680-069-03-04-11.png	249	da
2339-046/2339-046-06-06-07.png	320	um
0252-044/0252-044-02-09-05.png	20	ao
7807-039/7807-039-02-01-10.png	848	em
1481-026/1481-026-03-08-03.png	172	qual
7859-035/7859-035-02-04-05.png	851	direitos
1633-022/1633-022-03-06-10.png	203	da
7170-111/7170-111-04-07-10.png	729	que
5822-020/5822-020-02-03-16.png	625	cul-
2323-030/2323-030-04-08-01.png	312	nos
1725-014/1725-014-01-04-02.png	254	de
6145-016/6145-016-03-04-20.png	642	fal
4754-317/4754-317-02-05-11.png	565	que
1652-041/1652-041-01-01-13.png	222	de
1621-010/1621-010-02-05-10.png	191	Bobbio
2738-050/2738-050-02-09-19.png	371	OMS
7722-088/7722-088-02-03-12.png	830	dos
2323-030/2323-030-02-04-01.png	312	na
2246-046/2246-046-01-05-18.png	301	doen-
2186-043/2186-043-02-06-03.png	293	ou
1215-022/1215-022-01-06-13.png	142	do
4097-015/4097-015-04-06-14.png	436	as
8447-041/8447-041-01-06-09.png	923	de
8242-011/8242-011-04-01-01.png	910	Em
7157-098/7157-098-01-05-02.png	720	de
9201-034/9201-034-04-01-05.png	981	em
4097-015/4097-015-03-07-11.png	436	ser
1215-022/1215-022-03-02-15.png	142	da
1677-066/1677-066-02-05-18.png	246	continuidade
0683-074/0683-074-04-08-20.png	85	do
7131-072/7131-072-01-03-06.png	697	não
7863-039/7863-039-04-06-15.png	855	tratamento
7873-049/7873-049-01-03-02.png	865	ato
1624-013/1624-013-03-04-04.png	194	de
0518-018/0518-018-02-04-05.png	33	do
5822-020/5822-020-03-08-01.png	625	para
1654-043/1654-043-03-01-08.png	224	as
1651-040/1651-040-03-05-06.png	221	disso
7271-073/7271-073-02-11-08.png	744	sua
7175-116/7175-116-01-03-02.png	732	de
8757-045/8757-045-02-05-09.png	959	sem
7613-069/7613-069-02-03-11.png	816	Sob
0995-021/0995-021-04-01-09.png	123	que
1680-069/1680-069-03-02-04.png	249	Constituição
7141-082/7141-082-02-07-04.png	707	da
4352-030/4352-030-04-05-01.png	489	das
7589-045/7589-045-04-09-14.png	804	cidadão
7587-043/7587-043-01-08-04.png	803	cinematográfico
7876-052/7876-052-01-03-03.png	868	preciso
9158-042/9158-042-03-03-17.png	976	hos-
4246-015/4246-015-01-01-01.png	464	No
8749-037/8749-037-02-03-09.png	955	como
8751-039/8751-039-04-03-06.png	956	programa
8898-025/8898-025-03-06-07.png	962	País
0695-086/0695-086-03-06-11.png	90	em
1660-049/1660-049-02-01-09.png	229	doenças
7271-073/7271-073-02-04-03.png	744	no
7591-047/7591-047-04-03-09.png	805	em
2189-046/2189-046-04-02-01.png	296	dade
8223-014/8223-014-03-02-11.png	906	sob
1757-021/1757-021-01-03-13.png	263	quais
7266-068/7266-068-04-04-14.png	739	do
7702-068/7702-068-03-03-04.png	826	as
0775-036/0775-036-03-07-01.png	102	nal
4786-005/4786-005-02-04-02.png	576	por
1444-048/1444-048-02-06-12.png	160	do
4545-108/4545-108-04-05-01.png	515	de
1483-028/1483-028-01-05-10.png	174	do
4303-016/4303-016-03-08-11.png	482	fim
0830-026/0830-026-04-10-02.png	104	lugares
8521-015/8521-015-01-05-01.png	942	ha
6915-022/6915-022-01-03-12.png	677	de
1214-021/1214-021-04-02-12.png	141	da
0683-074/0683-074-02-02-08.png	85	ser
0560-007/0560-007-01-04-08.png	41	na
4936-010/4936-010-02-07-01.png	598	de
2130-080/2130-080-04-01-12.png	289	daque-
1487-032/1487-032-01-02-15.png	177	vez
1448-052/1448-052-03-01-14.png	164	no
2318-025/2318-025-04-09-05.png	308	de
7987-041/7987-041-02-04-13.png	872	uma
7134-075/7134-075-03-06-01.png	700	do
1642-031/1642-031-02-03-05.png	212	de
0777-038/0777-038-04-02-06.png	103	ao
1126-021/1126-021-02-08-03.png	131	ou
7136-077/7136-077-03-03-01.png	702	de
7141-082/7141-082-01-04-05.png	707	são
7564-020/7564-020-04-04-14.png	792	ingresso
8121-023/8121-023-02-03-03.png	883	por
0236-028/0236-028-02-05-12.png	12	até
0216-008/0216-008-02-03-11.png	2	de
2610-027/2610-027-01-08-01.png	349	aliadas
7867-043/7867-043-01-04-01.png	859	sofrem
1680-069/1680-069-02-06-03.png	249	vítimas
0571-018/0571-018-02-08-15.png	49	país
0647-038/0647-038-04-03-02.png	69	pela
4259-028/4259-028-02-06-03.png	467	se
7993-047/7993-047-03-08-10.png	874	pertubam
4740-303/4740-303-04-07-15.png	560	de
2970-013/2970-013-02-06-03.png	382	um
1663-052/1663-052-02-05-04.png	232	vivenciada
7160-101/7160-101-01-03-13.png	723	há
4111-029/4111-029-01-01-02.png	448	obra
2128-078/2128-078-01-03-07.png	287	no
3644-014/3644-014-04-07-15.png	411	ao
1646-035/1646-035-01-03-06.png	216	autor
4982-038/4982-038-02-01-12.png	604	de
4748-311/4748-311-01-02-17.png	564	da
8253-022/8253-022-02-08-08.png	917	se
2121-071/2121-071-02-07-07.png	282	de
1661-050/1661-050-03-07-02.png	230	po
8751-039/8751-039-02-04-20.png	956	seu
7346-048/7346-048-02-03-13.png	778	ao
7868-044/7868-044-03-05-05.png	860	configurando
0293-015/0293-015-02-01-07.png	25	do
2515-058/2515-058-02-03-11.png	342	no
1442-046/1442-046-03-05-08.png	159	faz
7265-067/7265-067-01-05-10.png	738	deve
5822-020/5822-020-04-07-02.png	625	se
7044-007/7044-007-04-06-06.png	683	os
7052-015/7052-015-04-05-04.png	689	de
8896-023/8896-023-03-04-11.png	961	ser
4111-029/4111-029-01-02-23.png	448	mesmo
8481-075/8481-075-04-02-11.png	936	Por
1662-051/1662-051-02-06-04.png	231	tornou
6390-015/6390-015-04-01-15.png	645	às
7263-065/7263-065-02-01-04.png	737	de
1662-051/1662-051-03-05-07.png	231	destaca
8751-039/8751-039-04-01-03.png	956	claro
8999-013/8999-013-04-05-03.png	968	por
7564-020/7564-020-02-01-11.png	792	financeiras
1660-049/1660-049-02-04-07.png	229	frescura
1643-032/1643-032-02-10-08.png	213	vida
7266-068/7266-068-03-01-11.png	739	De
5822-020/5822-020-02-01-06.png	625	do
8747-035/8747-035-01-04-08.png	954	recorrente
4418-096/4418-096-02-05-04.png	497	de
0433-031/0433-031-03-06-03.png	30	que
1656-045/1656-045-01-05-14.png	226	seja
8191-041/8191-041-02-03-04.png	904	em
2977-020/2977-020-03-09-12.png	389	financeiramen-
6394-019/6394-019-03-05-10.png	647	visto
4856-021/4856-021-03-11-05.png	583	Tal
2606-023/2606-023-02-01-12.png	345	ciência
8191-041/8191-041-01-04-05.png	904	como
2639-025/2639-025-03-06-06.png	360	do
9311-014/9311-014-02-03-08.png	996	de
2513-056/2513-056-03-01-01.png	341	De
1729-018/1729-018-01-06-06.png	258	para
7589-045/7589-045-04-07-07.png	804	de
0571-018/0571-018-04-09-04.png	49	que
7284-086/7284-086-01-05-04.png	757	que
7789-021/7789-021-02-03-05.png	835	no
1643-032/1643-032-02-08-11.png	213	de
7158-099/7158-099-04-02-10.png	721	dos
1669-058/1669-058-03-03-09.png	238	Nessa
7862-038/7862-038-02-02-04.png	854	percebe-se
0555-002/0555-002-03-02-03.png	38	Isso
7266-068/7266-068-04-05-11.png	739	da
0775-036/0775-036-02-05-13.png	102	os
7260-062/7260-062-02-10-11.png	735	da
7437-086/7437-086-03-01-05.png	786	de
1659-048/1659-048-03-01-10.png	228	onde
8516-010/8516-010-04-02-03.png	939	por
2610-027/2610-027-03-04-12.png	349	redes
2108-058/2108-058-04-05-03.png	274	da
1633-022/1633-022-01-04-02.png	203	socialmente
2121-071/2121-071-01-01-04.png	282	de
1732-021/1732-021-02-07-07.png	260	que
2184-041/2184-041-04-03-13.png	291	em
8749-037/8749-037-03-04-15.png	955	psicológica
7981-035/7981-035-04-06-04.png	870	haja
0520-020/0520-020-04-06-02.png	34	não
4558-121/4558-121-04-01-17.png	518	espé-
1629-018/1629-018-02-02-10.png	199	Essa
4929-003/4929-003-03-01-17.png	594	no
1662-051/1662-051-03-04-05.png	231	não
3636-006/3636-006-04-05-09.png	406	Com
7131-072/7131-072-04-06-10.png	697	em
8751-039/8751-039-03-01-03.png	956	válido
8453-047/8453-047-01-01-06.png	926	globalização
1661-050/1661-050-04-03-11.png	230	fim
8757-045/8757-045-02-02-10.png	959	fato
8224-015/8224-015-03-06-12.png	907	de
1621-010/1621-010-02-01-02.png	191	de
7787-019/7787-019-04-01-13.png	833	Para
4577-140/4577-140-02-02-11.png	523	as
6946-028/6946-028-04-02-03.png	680	às
7293-095/7293-095-04-01-09.png	765	que
7175-116/7175-116-02-01-07.png	732	do
1682-071/1682-071-01-05-01.png	251	gônico
3666-036/3666-036-01-01-06.png	419	já
7702-068/7702-068-03-06-14.png	826	de
0415-013/0415-013-01-02-03.png	26	por
1768-032/1768-032-04-06-11.png	269	de
4424-102/4424-102-01-05-01.png	498	tor
4482-045/4482-045-04-05-01.png	506	as
1136-031/1136-031-02-05-08.png	138	há
6690-040/6690-040-03-01-07.png	663	por
7993-047/7993-047-03-04-15.png	874	formação
0683-074/0683-074-02-04-16.png	85	por
0514-014/0514-014-02-01-02.png	31	os
7621-077/7621-077-04-08-06.png	820	corpo
6906-013/6906-013-01-02-13.png	670	de
1628-017/1628-017-04-01-11.png	198	brasileira
0763-024/0763-024-01-06-02.png	97	de
1647-036/1647-036-02-05-13.png	217	permeia
6914-021/6914-021-02-03-02.png	676	as
2738-050/2738-050-03-08-16.png	371	mesmos
2487-030/2487-030-02-04-14.png	332	esse
0669-060/0669-060-04-02-14.png	80	por
7265-067/7265-067-04-05-05.png	738	de
1654-043/1654-043-01-06-09.png	224	de
8253-022/8253-022-02-04-08.png	917	alvo
7866-042/7866-042-03-05-10.png	858	mitigadora
2780-036/2780-036-03-06-06.png	377	de
4598-161/4598-161-03-08-05.png	528	ao
5648-031/5648-031-02-06-07.png	621	Tal
2183-040/2183-040-02-06-02.png	290	os
7601-057/7601-057-03-05-15.png	810	passo
8249-018/8249-018-03-07-15.png	916	não
8749-037/8749-037-03-03-13.png	955	com
4672-235/4672-235-02-06-04.png	545	na
2970-013/2970-013-04-01-13.png	382	brasileiro
1642-031/1642-031-03-04-11.png	212	saúde
0647-038/0647-038-04-03-08.png	69	ao
4488-051/4488-051-04-02-10.png	507	de
4097-015/4097-015-04-02-02.png	436	de
8243-012/8243-012-02-05-01.png	911	dos
2375-082/2375-082-04-06-02.png	330	de
1660-049/1660-049-03-02-04.png	229	dos
7343-045/7343-045-02-01-15.png	775	qual
7869-045/7869-045-02-10-12.png	861	saúde
7869-045/7869-045-02-02-13.png	861	com
1633-022/1633-022-03-04-06.png	203	Sob
7576-032/7576-032-02-03-12.png	798	para
2106-056/2106-056-02-02-02.png	272	da
7993-047/7993-047-04-06-13.png	874	educação
7437-086/7437-086-04-03-10.png	786	ao
9199-032/9199-032-04-03-12.png	980	por
6144-015/6144-015-04-05-06.png	641	pelo
4997-053/4997-053-01-05-08.png	615	alto
3652-022/3652-022-04-05-11.png	417	pelo
2606-023/2606-023-03-04-15.png	345	Mundial
1732-021/1732-021-01-01-06.png	260	pelo
1628-017/1628-017-03-01-01.png	198	Além
2489-032/2489-032-01-05-13.png	333	do
4775-020/4775-020-03-06-21.png	573	seja
1442-046/1442-046-03-02-08.png	159	de
7785-017/7785-017-04-06-01.png	832	tia
1669-058/1669-058-02-06-16.png	238	reali-
7132-073/7132-073-03-08-02.png	698	do
0565-012/0565-012-03-04-02.png	45	da
1621-010/1621-010-03-05-15.png	191	na
7158-099/7158-099-03-06-07.png	721	por
7140-081/7140-081-01-01-04.png	706	da
6394-019/6394-019-01-01-11.png	647	todo
2327-034/2327-034-05-02-10.png	313	ou
8759-047/8759-047-01-03-05.png	960	Entretanto
0777-038/0777-038-03-07-11.png	103	de
2129-079/2129-079-03-05-15.png	288	posto
0651-042/0651-042-03-04-05.png	71	vez
0514-014/0514-014-01-03-06.png	31	de
7348-050/7348-050-01-03-01.png	780	las
1650-039/1650-039-01-05-18.png	220	mister
9207-040/9207-040-01-03-12.png	983	De
1626-015/1626-015-04-03-03.png	196	de
8190-040/8190-040-02-07-05.png	903	tal
0681-072/0681-072-02-06-14.png	84	má
7576-032/7576-032-02-05-18.png	798	grande
7425-074/7425-074-04-05-12.png	784	que
7154-095/7154-095-03-06-07.png	718	em
7873-049/7873-049-04-06-07.png	865	os
2780-036/2780-036-05-05-05.png	377	cada
4985-041/4985-041-03-07-09.png	605	de
0520-020/0520-020-02-01-07.png	34	XX
6478-008/6478-008-02-05-02.png	657	do
0657-048/0657-048-01-01-04.png	74	de
7265-067/7265-067-04-02-01.png	738	dade
8459-053/8459-053-03-03-06.png	929	ao
8191-041/8191-041-02-08-09.png	904	que
1651-040/1651-040-03-02-01.png	221	cebem
4554-117/4554-117-03-02-13.png	517	Na
0588-035/0588-035-03-03-09.png	59	at
3665-035/3665-035-03-01-07.png	418	as
1624-013/1624-013-02-02-08.png	194	ponto
1469-014/1469-014-04-06-10.png	166	de
7286-088/7286-088-02-08-09.png	759	os
8751-039/8751-039-01-03-04.png	956	expressiva
4936-010/4936-010-03-03-12.png	598	de
4292-005/4292-005-04-05-02.png	475	que
9310-013/9310-013-03-05-07.png	995	pelo
2970-013/2970-013-03-03-08.png	382	grega
1444-048/1444-048-03-08-07.png	160	que
1662-051/1662-051-01-04-09.png	231	pre-
7990-044/7990-044-03-02-09.png	873	doenças
8757-045/8757-045-02-06-12.png	959	mas
1674-063/1674-063-03-03-07.png	243	das
1684-073/1684-073-03-01-05.png	253	desigual
2186-043/2186-043-03-07-17.png	293	Por
7265-067/7265-067-04-05-04.png	738	fim
1656-045/1656-045-02-07-07.png	226	interior
0564-011/0564-011-02-04-16.png	44	um
5648-031/5648-031-03-03-02.png	621	as
7866-042/7866-042-01-05-01.png	858	pessoas
8254-023/8254-023-01-07-08.png	918	fornecer
7157-098/7157-098-01-02-04.png	720	de
2738-050/2738-050-04-04-06.png	371	que
2632-018/2632-018-02-05-13.png	353	de
4536-099/4536-099-04-01-07.png	514	pe-
8473-067/8473-067-02-07-08.png	934	se
1633-022/1633-022-01-06-03.png	203	Brasil
4445-008/4445-008-02-04-06.png	501	um
8246-015/8246-015-04-01-08.png	914	da
1647-036/1647-036-03-05-03.png	217	padrão
1437-041/1437-041-03-01-12.png	155	na
4743-306/4743-306-01-01-08.png	561	ele
1469-014/1469-014-01-03-11.png	166	da
0993-019/0993-019-04-01-14.png	121	de
1652-041/1652-041-02-04-15.png	222	sua
5823-021/5823-021-03-04-16.png	626	da
6484-014/6484-014-03-03-08.png	660	de
7144-085/7144-085-02-04-01.png	710	tra
2497-040/2497-040-02-04-14.png	337	de
8996-010/8996-010-02-05-11.png	966	da
7279-081/7279-081-03-04-10.png	752	de
1643-032/1643-032-04-03-03.png	213	mais
4412-090/4412-090-01-03-07.png	494	da
4097-015/4097-015-02-03-06.png	436	invade
7978-032/7978-032-04-05-16.png	869	de
7862-038/7862-038-01-01-07.png	854	utiliza
4934-008/4934-008-01-03-19.png	597	aporte
7012-025/7012-025-04-04-12.png	681	redes
2977-020/2977-020-02-01-01.png	389	De
0258-050/0258-050-04-01-08.png	23	de
8242-011/8242-011-04-02-16.png	910	fre-
1650-039/1650-039-02-02-12.png	220	One
1637-026/1637-026-01-01-03.png	207	da
7278-080/7278-080-02-06-11.png	751	de
4936-010/4936-010-02-02-10.png	598	final
1632-021/1632-021-03-02-10.png	202	considerados
0571-018/0571-018-01-06-01.png	49	vil
0564-011/0564-011-04-06-14.png	44	de
2372-079/2372-079-04-03-01.png	328	que
2108-058/2108-058-04-06-15.png	274	de
0252-044/0252-044-02-05-03.png	20	de
0238-030/0238-030-04-07-02.png	13	de
8243-012/8243-012-02-03-09.png	911	sem
7265-067/7265-067-03-03-01.png	738	dessa
7981-035/7981-035-03-01-03.png	870	minimalização
7799-031/7799-031-02-07-04.png	842	por
1626-015/1626-015-03-02-08.png	196	sul-coreano
7136-077/7136-077-02-05-02.png	702	que
4910-075/4910-075-04-01-09.png	589	no
7978-032/7978-032-03-07-08.png	869	no
7990-044/7990-044-03-02-10.png	873	mentais
1492-037/1492-037-03-02-08.png	181	qual
1469-014/1469-014-03-08-01.png	166	ra
0584-031/0584-031-01-06-07.png	57	da
7265-067/7265-067-01-02-07.png	738	de
0641-032/0641-032-02-03-13.png	66	No
2632-018/2632-018-04-06-09.png	353	às
4790-009/4790-009-01-05-14.png	578	por
7260-062/7260-062-01-02-10.png	735	por
1652-041/1652-041-03-01-09.png	222	compreender
2515-058/2515-058-04-07-13.png	342	do
7875-051/7875-051-01-05-08.png	867	às
2246-046/2246-046-04-02-02.png	301	da
1624-013/1624-013-03-01-11.png	194	Butler
2970-013/2970-013-02-09-13.png	382	média
2246-046/2246-046-04-05-05.png	301	falta
0683-074/0683-074-02-06-05.png	85	de
8619-067/8619-067-02-06-06.png	948	para
1647-036/1647-036-04-02-06.png	217	de
7858-034/7858-034-02-02-12.png	850	rotulações
8747-035/8747-035-04-04-07.png	954	literárias
7724-090/7724-090-04-07-01.png	831	to
1625-014/1625-014-02-02-03.png	195	Segundo
1622-011/1622-011-02-01-03.png	192	prisma
1628-017/1628-017-02-08-07.png	198	documentário
1659-048/1659-048-04-03-13.png	228	impostos
2607-024/2607-024-02-06-11.png	346	do
9134-018/9134-018-04-01-10.png	972	da
1646-035/1646-035-04-01-03.png	216	para
4765-010/4765-010-02-08-03.png	568	de
3671-041/3671-041-04-08-17.png	423	de
8246-015/8246-015-02-02-06.png	914	que
2184-041/2184-041-01-02-07.png	291	de
6142-013/6142-013-03-04-09.png	640	ao
2372-079/2372-079-01-02-14.png	328	de
2513-056/2513-056-01-01-10.png	341	foi
2337-044/2337-044-03-07-06.png	319	de
2784-040/2784-040-03-08-08.png	379	de
4518-081/4518-081-05-03-01.png	512	ser
0993-019/0993-019-04-05-10.png	121	ir
4482-045/4482-045-03-03-08.png	506	da
0639-030/0639-030-04-01-08.png	65	em
8749-037/8749-037-02-06-17.png	955	as
1123-018/1123-018-02-09-11.png	129	se
7858-034/7858-034-03-01-14.png	850	com
1652-041/1652-041-03-07-03.png	222	2017
4931-005/4931-005-01-01-05.png	596	do
4293-006/4293-006-04-02-10.png	476	diz
1757-021/1757-021-03-04-16.png	263	do
8190-040/8190-040-02-06-05.png	903	da
7981-035/7981-035-01-03-10.png	870	às
2970-013/2970-013-01-02-08.png	382	brasileiro
6690-040/6690-040-01-03-05.png	663	do
1633-022/1633-022-01-07-03.png	203	grupos
2632-018/2632-018-04-06-14.png	353	de
0555-002/0555-002-04-05-14.png	38	de
7990-044/7990-044-02-05-01.png	873	corpo
8255-024/8255-024-03-01-07.png	919	de
8120-022/8120-022-02-01-05.png	882	ético
8749-037/8749-037-04-09-02.png	955	geral
4313-009/4313-009-04-03-14.png	486	que
7271-073/7271-073-02-03-20.png	744	da
4684-247/4684-247-02-04-02.png	550	só
7012-025/7012-025-04-06-14.png	681	no
7861-037/7861-037-02-07-04.png	853	insatisfação
1495-040/1495-040-03-07-07.png	184	se
0555-002/0555-002-02-03-07.png	38	real
2125-075/2125-075-03-06-04.png	286	de
4554-117/4554-117-05-02-02.png	517	pelo
2113-063/2113-063-01-04-04.png	278	falta
8522-016/8522-016-02-01-05.png	943	em
4995-051/4995-051-02-03-12.png	613	da
6800-085/6800-085-04-01-01.png	667	Fica
2669-026/2669-026-02-06-18.png	365	ao
7175-116/7175-116-04-04-14.png	732	na
2113-063/2113-063-02-01-12.png	278	depres
0651-042/0651-042-02-08-13.png	71	de
4488-051/4488-051-02-07-06.png	507	80
6913-020/6913-020-02-06-02.png	675	no
6140-011/6140-011-01-02-13.png	639	de
1673-062/1673-062-04-03-01.png	242	ção
7138-079/7138-079-04-01-11.png	704	de
4518-081/4518-081-04-07-13.png	512	garan-
7138-079/7138-079-02-06-06.png	704	ao
0647-038/0647-038-02-03-13.png	69	de
7799-031/7799-031-01-03-08.png	842	de
1489-034/1489-034-02-06-07.png	178	uma
3644-014/3644-014-03-07-01.png	411	te
4718-281/4718-281-03-03-10.png	556	são
1630-019/1630-019-02-01-16.png	200	educação
2497-040/2497-040-02-03-11.png	337	as
7439-088/7439-088-02-05-01.png	787	de
8749-037/8749-037-03-06-07.png	955	atuação
6690-040/6690-040-02-07-03.png	663	de
1651-040/1651-040-02-05-03.png	221	vida
7288-090/7288-090-04-02-14.png	761	psi-
2977-020/2977-020-04-05-01.png	389	odo
0520-020/0520-020-03-07-13.png	34	para
1674-063/1674-063-03-04-12.png	243	os
4598-161/4598-161-04-03-07.png	528	que
7266-068/7266-068-04-03-03.png	739	seu
4684-247/4684-247-02-05-14.png	550	do
8223-014/8223-014-01-03-09.png	906	De
1725-014/1725-014-02-02-12.png	254	do
4568-131/4568-131-03-01-17.png	520	os
7163-104/7163-104-01-01-01.png	726	No
1659-048/1659-048-02-01-01.png	228	Em
1214-021/1214-021-03-07-09.png	141	cabe
1669-058/1669-058-02-06-13.png	238	quadro
2970-013/2970-013-04-01-10.png	382	acesso
8749-037/8749-037-01-02-05.png	955	de
7162-103/7162-103-04-01-09.png	725	de
1130-025/1130-025-03-02-04.png	135	de
8902-029/8902-029-01-04-03.png	964	da
2114-064/2114-064-04-08-12.png	279	que
8759-047/8759-047-01-05-08.png	960	Logo
2183-040/2183-040-03-02-11.png	290	ser
8179-029/8179-029-02-09-02.png	898	da
3637-007/3637-007-03-02-07.png	407	Além
7978-032/7978-032-03-02-17.png	869	devi-
7863-039/7863-039-03-01-13.png	855	do
8747-035/8747-035-01-01-07.png	954	machado
1757-021/1757-021-01-05-08.png	263	como
3672-042/3672-042-05-02-12.png	424	que
4097-015/4097-015-03-04-06.png	436	nos
0228-020/0228-020-02-06-02.png	8	lazer
8254-023/8254-023-03-03-10.png	918	Émile
1647-036/1647-036-03-05-11.png	217	plataformas
8253-022/8253-022-02-07-08.png	917	que
3649-019/3649-019-03-01-10.png	414	dos
7144-085/7144-085-03-01-11.png	710	no
1646-035/1646-035-03-05-08.png	216	Nessa
0681-072/0681-072-01-02-08.png	84	em
4124-042/4124-042-02-08-05.png	461	de
1002-028/1002-028-01-06-11.png	127	pela
1134-029/1134-029-04-07-10.png	137	de
1649-038/1649-038-02-03-16.png	219	for-
9201-034/9201-034-01-05-08.png	981	das
8246-015/8246-015-01-02-11.png	914	da
0428-026/0428-026-01-01-01.png	29	No
6142-013/6142-013-02-03-18.png	640	de
7796-028/7796-028-02-03-04.png	840	na
7269-071/7269-071-02-05-14.png	742	ao
2970-013/2970-013-01-01-07.png	382	no
2369-076/2369-076-03-08-02.png	327	que
7265-067/7265-067-01-05-13.png	738	no
0763-024/0763-024-02-06-01.png	97	Por
7861-037/7861-037-03-01-10.png	853	de
0641-032/0641-032-01-03-05.png	66	um
0651-042/0651-042-03-06-14.png	71	de
6915-022/6915-022-02-04-07.png	677	de
1684-073/1684-073-01-01-14.png	253	castas
4720-283/4720-283-02-05-10.png	557	vezes
6476-006/6476-006-02-03-16.png	656	que
0693-084/0693-084-03-01-11.png	89	de
6800-085/6800-085-03-07-14.png	667	que
4786-005/4786-005-03-05-12.png	576	uma
2639-025/2639-025-02-08-03.png	360	de
8120-022/8120-022-03-01-09.png	882	despreocupação
4235-004/4235-004-04-04-06.png	463	do
1663-052/1663-052-01-02-06.png	232	de
7275-077/7275-077-04-02-12.png	748	de
2776-032/2776-032-02-01-04.png	375	sua
1647-036/1647-036-02-05-04.png	217	livro
7014-027/7014-027-03-01-05.png	682	do
7260-062/7260-062-03-02-07.png	735	Visto
1663-052/1663-052-04-05-14.png	232	em
8254-023/8254-023-04-05-14.png	918	gravidade
8999-013/8999-013-03-06-01.png	968	tá
8179-029/8179-029-03-03-02.png	898	6º
6394-019/6394-019-04-07-11.png	647	com
8896-023/8896-023-03-03-12.png	961	de
5262-009/5262-009-05-02-16.png	618	da
5822-020/5822-020-04-05-11.png	625	se
7014-027/7014-027-02-04-06.png	682	que
3040-017/3040-017-03-09-02.png	391	ele
3682-052/3682-052-04-07-12.png	433	de
0220-012/0220-012-03-05-19.png	4	não
0693-084/0693-084-03-03-01.png	89	ou
0659-050/0659-050-01-02-06.png	75	No
0564-011/0564-011-02-04-12.png	44	que
7859-035/7859-035-03-03-03.png	851	priori
7564-020/7564-020-04-01-11.png	792	cinema
7993-047/7993-047-01-01-08.png	874	como
0647-038/0647-038-03-05-15.png	69	um
7861-037/7861-037-03-06-07.png	853	Logo
7046-009/7046-009-02-07-05.png	685	em
4754-317/4754-317-01-03-13.png	565	do
0651-042/0651-042-01-04-11.png	71	às
7984-038/7984-038-01-01-12.png	871	voz
4466-029/4466-029-06-02-04.png	505	fato
1732-021/1732-021-02-02-07.png	260	de
1663-052/1663-052-02-03-16.png	232	quadro
1469-014/1469-014-02-03-05.png	166	que
8224-015/8224-015-04-06-05.png	907	por
7873-049/7873-049-01-03-07.png	865	os
4448-011/4448-011-03-08-09.png	502	de
7866-042/7866-042-02-07-06.png	858	levando
8481-075/8481-075-04-07-10.png	936	os
1662-051/1662-051-03-04-07.png	231	verdade
8625-073/8625-073-03-04-13.png	951	senti-
1495-040/1495-040-02-05-03.png	184	de
1674-063/1674-063-04-06-10.png	243	Tais
3679-049/3679-049-03-07-05.png	430	que
4524-087/4524-087-05-03-10.png	513	do
4482-045/4482-045-02-06-13.png	506	fora
7987-041/7987-041-03-01-01.png	872	Ademais
1641-030/1641-030-03-04-10.png	211	do
7045-008/7045-008-04-04-01.png	684	de
4746-309/4746-309-04-04-02.png	563	da
6137-008/6137-008-03-02-11.png	637	de
1663-052/1663-052-03-02-08.png	232	por
0563-010/0563-010-02-05-13.png	43	de
0993-019/0993-019-04-03-03.png	121	de
6907-014/6907-014-02-03-24.png	671	do
8757-045/8757-045-01-02-13.png	959	associado
7587-043/7587-043-04-05-11.png	803	social
1627-016/1627-016-04-07-12.png	197	ideais
7867-043/7867-043-02-04-12.png	859	importantes
2121-071/2121-071-01-03-11.png	282	do
1490-035/1490-035-03-02-06.png	179	De
1485-030/1485-030-02-07-14.png	176	em
1682-071/1682-071-03-03-01.png	251	Quem
4790-009/4790-009-04-05-16.png	578	de
1492-037/1492-037-04-06-10.png	181	do
0571-018/0571-018-03-06-08.png	49	não
0560-007/0560-007-02-09-04.png	41	de
0565-012/0565-012-02-02-04.png	45	na
0254-046/0254-046-03-07-10.png	21	da
0578-025/0578-025-04-01-10.png	54	na
0571-018/0571-018-04-09-08.png	49	da
4985-041/4985-041-02-02-05.png	605	Isto
4294-007/4294-007-02-01-09.png	477	um
1682-071/1682-071-01-05-09.png	251	da
7798-030/7798-030-02-03-04.png	841	não
4786-005/4786-005-01-05-03.png	576	que
1485-030/1485-030-04-08-10.png	176	as
8747-035/8747-035-02-03-09.png	954	vídeos
7337-039/7337-039-04-05-10.png	769	do
1437-041/1437-041-01-02-01.png	155	is
7589-045/7589-045-01-05-11.png	804	lazer
1662-051/1662-051-01-04-05.png	231	sociedade
8757-045/8757-045-04-02-08.png	959	ele
1621-010/1621-010-02-04-05.png	191	de
2606-023/2606-023-03-03-10.png	345	de
1656-045/1656-045-04-05-01.png	226	cientizar
2339-046/2339-046-05-13-06.png	320	que
7873-049/7873-049-01-05-15.png	865	do
7424-073/7424-073-03-06-01.png	783	la
0659-050/0659-050-01-04-20.png	75	as
1757-021/1757-021-01-02-13.png	263	de
1654-043/1654-043-01-01-12.png	224	de
8749-037/8749-037-04-08-18.png	955	pú-
4931-005/4931-005-02-04-16.png	596	um
3682-052/3682-052-03-05-10.png	433	ao
3676-046/3676-046-05-07-10.png	427	se
1625-014/1625-014-04-05-07.png	195	Além
8467-061/8467-061-01-03-17.png	931	do
8245-014/8245-014-04-07-06.png	913	no
4990-046/4990-046-02-06-15.png	610	dele
1492-037/1492-037-03-06-05.png	181	de
8751-039/8751-039-03-02-13.png	956	moral
8757-045/8757-045-01-05-06.png	959	parte
2970-013/2970-013-01-07-07.png	382	de
1447-051/1447-051-01-02-15.png	163	vez
8523-017/8523-017-02-07-08.png	944	na
7993-047/7993-047-04-02-09.png	874	retográda
0699-090/0699-090-05-01-01.png	92	Mediante
2970-013/2970-013-02-02-08.png	382	Isso
1649-038/1649-038-03-05-06.png	219	aqueles
2738-050/2738-050-03-06-02.png	371	conhecimento
8471-065/8471-065-03-08-10.png	933	às
1763-027/1763-027-01-05-06.png	266	que
8185-035/8185-035-01-02-02.png	900	de
0763-024/0763-024-03-04-03.png	97	dos
1654-043/1654-043-03-02-06.png	224	dificuldade
7153-094/7153-094-04-02-03.png	717	ao
7867-043/7867-043-03-02-19.png	859	descrito
1638-027/1638-027-04-03-03.png	208	de
8447-041/8447-041-03-08-07.png	923	que
2670-027/2670-027-03-01-02.png	366	de
0765-026/0765-026-03-07-04.png	98	IA
1650-039/1650-039-02-05-13.png	220	namorado
1641-030/1641-030-01-05-05.png	211	para
1622-011/1622-011-03-06-17.png	192	for
7858-034/7858-034-04-01-03.png	850	necessário
8453-047/8453-047-01-04-02.png	926	de
6942-024/6942-024-03-06-06.png	678	de
4574-137/4574-137-04-05-02.png	522	se
7261-063/7261-063-04-06-03.png	736	do
8900-027/8900-027-03-01-16.png	963	as
0520-020/0520-020-03-04-11.png	34	aos
2497-040/2497-040-02-02-09.png	337	da
3679-049/3679-049-03-04-05.png	430	se
4766-011/4766-011-02-07-09.png	569	na
4303-016/4303-016-02-06-06.png	482	os
7591-047/7591-047-02-06-10.png	805	em
1726-015/1726-015-04-03-04.png	255	em
7343-045/7343-045-03-04-14.png	775	da
7613-069/7613-069-04-05-09.png	816	Com
2513-056/2513-056-01-04-14.png	341	de
8443-037/8443-037-04-02-08.png	922	de
1674-063/1674-063-03-01-08.png	243	falta
7702-068/7702-068-04-01-10.png	826	de
4929-003/4929-003-02-07-14.png	594	em
8439-033/8439-033-01-03-04.png	920	ao
8757-045/8757-045-01-06-02.png	959	deve-se
8191-041/8191-041-04-02-11.png	904	da
4111-029/4111-029-03-01-21.png	448	livro
1682-071/1682-071-02-01-07.png	251	as
2669-026/2669-026-02-01-11.png	365	do
7564-020/7564-020-03-03-10.png	792	qual
1633-022/1633-022-01-04-06.png	203	conseguem
7278-080/7278-080-02-07-07.png	751	de
1669-058/1669-058-03-04-10.png	238	que
1444-048/1444-048-01-01-15.png	160	que
2485-028/2485-028-04-01-03.png	331	que
1674-063/1674-063-02-03-14.png	243	outras
1495-040/1495-040-04-01-12.png	184	em
1633-022/1633-022-02-05-07.png	203	imaginário
7291-093/7291-093-04-06-15.png	763	de
1731-020/1731-020-01-02-08.png	259	da
8447-041/8447-041-03-05-02.png	923	os
0586-033/0586-033-04-06-03.png	58	que
6914-021/6914-021-03-03-16.png	676	de
1725-014/1725-014-04-04-01.png	254	des
0236-028/0236-028-04-02-10.png	12	dois
7014-027/7014-027-03-05-01.png	682	zado
7863-039/7863-039-03-05-17.png	855	tornou-se
1674-063/1674-063-02-04-13.png	243	que
1128-023/1128-023-03-05-05.png	133	de
1669-058/1669-058-04-03-11.png	238	meio
7556-012/7556-012-01-03-05.png	788	Com
4610-173/4610-173-05-05-11.png	531	as
6478-008/6478-008-02-01-12.png	657	com
2335-042/2335-042-02-02-06.png	318	de
1643-032/1643-032-04-04-12.png	213	meio
0573-020/0573-020-03-02-11.png	51	não
1652-041/1652-041-02-04-09.png	222	estudos
2632-018/2632-018-03-05-14.png	353	de
7613-069/7613-069-04-04-16.png	816	lazer
1003-029/1003-029-04-02-06.png	128	que
7798-030/7798-030-01-04-06.png	841	por
4568-131/4568-131-03-08-07.png	520	na
1652-041/1652-041-02-07-16.png	222	visiveis
2246-046/2246-046-04-04-11.png	301	nos
2372-079/2372-079-04-03-07.png	328	de
2189-046/2189-046-04-06-06.png	296	em
1763-027/1763-027-04-02-14.png	266	de
0667-058/0667-058-02-02-07.png	79	se
2772-028/2772-028-05-04-08.png	373	do
1674-063/1674-063-03-05-15.png	243	apenas
1726-015/1726-015-04-08-16.png	255	para
2129-079/2129-079-03-07-03.png	288	uma
4292-005/4292-005-04-08-13.png	475	que
0520-020/0520-020-02-11-17.png	34	dos
1627-016/1627-016-02-01-01.png	197	No
0564-011/0564-011-02-03-03.png	44	aos
1680-069/1680-069-03-03-04.png	249	da
8759-047/8759-047-01-06-01.png	960	intensificam
7692-058/7692-058-01-02-07.png	824	Este
8900-027/8900-027-04-05-02.png	963	os
6110-018/6110-018-04-08-14.png	631	de
7348-050/7348-050-01-01-03.png	780	do
0214-006/0214-006-02-07-04.png	1	ao
4298-011/4298-011-03-04-06.png	480	só
2669-026/2669-026-03-07-03.png	365	das
7987-041/7987-041-04-03-10.png	872	governos
1621-010/1621-010-02-05-06.png	191	no
1628-017/1628-017-01-03-04.png	198	Brasil
4930-004/4930-004-03-09-15.png	595	lógica
7272-074/7272-074-03-01-13.png	745	em
2515-058/2515-058-03-05-06.png	342	ou
7872-048/7872-048-02-09-01.png	864	indivíduos
0234-026/0234-026-04-02-10.png	11	em
1683-072/1683-072-01-03-08.png	252	disso
8516-010/8516-010-03-08-09.png	939	do
4296-009/4296-009-03-05-10.png	478	ser
7864-040/7864-040-03-03-01.png	856	tido
0659-050/0659-050-03-02-11.png	75	que
2970-013/2970-013-02-10-01.png	382	desigualdade
8463-057/8463-057-01-03-02.png	930	de
3639-009/3639-009-02-06-13.png	409	ao
1625-014/1625-014-02-02-06.png	195	alemão
1643-032/1643-032-04-04-14.png	213	criação
2778-034/2778-034-04-03-12.png	376	por
4998-054/4998-054-01-06-10.png	616	de
1625-014/1625-014-01-03-10.png	195	padrões
2372-079/2372-079-03-03-15.png	328	são
7613-069/7613-069-04-05-11.png	816	todos
4313-009/4313-009-04-04-03.png	486	os
1646-035/1646-035-03-03-06.png	216	debate
7268-070/7268-070-02-07-10.png	741	que
0254-046/0254-046-03-03-15.png	21	do
3670-040/3670-040-02-01-17.png	422	da
0588-035/0588-035-03-05-11.png	59	de
1626-015/1626-015-01-06-05.png	196	as
6907-014/6907-014-02-08-10.png	671	as
2606-023/2606-023-02-07-08.png	345	estudos
2505-048/2505-048-02-04-02.png	338	os
2607-024/2607-024-01-04-06.png	346	desse
1654-043/1654-043-01-02-08.png	224	que
7589-045/7589-045-04-01-09.png	804	importância
8749-037/8749-037-02-03-07.png	955	questões
1629-018/1629-018-01-04-04.png	199	país
1442-046/1442-046-03-01-10.png	159	as
8451-045/8451-045-04-01-11.png	925	no
7272-074/7272-074-02-01-03.png	745	de
7859-035/7859-035-01-04-13.png	851	persistência
2339-046/2339-046-05-11-07.png	320	dia
0659-050/0659-050-03-05-16.png	75	ao
7270-072/7270-072-04-04-05.png	743	ser
2738-050/2738-050-02-08-12.png	371	psiquiátricas
1654-043/1654-043-02-08-03.png	224	paradigma
1629-018/1629-018-03-01-03.png	199	segundo
1469-014/1469-014-02-05-19.png	166	que
0424-022/0424-022-02-09-12.png	28	ser
7439-088/7439-088-02-01-12.png	787	de
2637-023/2637-023-04-05-04.png	358	da
7875-051/7875-051-04-04-06.png	867	combater
4934-008/4934-008-04-05-19.png	597	obras
8443-037/8443-037-04-04-05.png	922	da
2970-013/2970-013-02-08-09.png	382	nas
7862-038/7862-038-03-01-06.png	854	possui
8900-027/8900-027-02-06-09.png	963	da
4980-036/4980-036-04-03-07.png	602	as
0669-060/0669-060-01-06-02.png	80	pela
4845-010/4845-010-03-04-08.png	581	os
2977-020/2977-020-04-02-10.png	389	durante
2189-046/2189-046-02-02-09.png	296	em
7862-038/7862-038-04-04-08.png	854	profissionais
7046-009/7046-009-02-05-16.png	685	que
1626-015/1626-015-04-01-05.png	196	construção
6144-015/6144-015-02-04-04.png	641	de
7170-111/7170-111-03-03-15.png	729	na
2248-048/2248-048-02-07-06.png	303	de
4259-028/4259-028-04-05-07.png	467	de
3641-011/3641-011-02-07-09.png	410	no
7343-045/7343-045-04-03-12.png	775	que
4679-242/4679-242-04-06-05.png	548	da
1633-022/1633-022-03-08-11.png	203	no
2114-064/2114-064-04-03-10.png	279	de
2130-080/2130-080-03-05-09.png	289	que
7867-043/7867-043-03-05-19.png	859	da
9154-038/9154-038-02-01-08.png	975	para
5262-009/5262-009-04-06-15.png	618	não
7288-090/7288-090-01-05-04.png	761	de
8751-039/8751-039-04-02-09.png	956	assegurador
4910-075/4910-075-03-06-14.png	589	ten-
0520-020/0520-020-03-09-12.png	34	vírus
1663-052/1663-052-04-03-11.png	232	nas
0224-016/0224-016-02-04-14.png	6	de
8253-022/8253-022-02-05-05.png	917	se
7978-032/7978-032-02-04-11.png	869	Nesse
2104-054/2104-054-02-05-18.png	270	de
8254-023/8254-023-03-01-12.png	918	que
8757-045/8757-045-01-07-08.png	959	estigma
2977-020/2977-020-05-01-06.png	389	necessidade
3644-014/3644-014-02-08-03.png	411	da
4408-086/4408-086-03-03-01.png	493	ção
2970-013/2970-013-02-03-02.png	382	em
1632-021/1632-021-03-03-06.png	202	Apesar
1127-022/1127-022-04-07-08.png	132	se
0520-020/0520-020-02-12-08.png	34	países
7175-116/7175-116-01-03-12.png	732	país
4720-283/4720-283-01-05-02.png	557	ter
8182-032/8182-032-02-09-05.png	899	de
4259-028/4259-028-03-02-01.png	467	esse
1627-016/1627-016-01-05-03.png	197	minimizadas
3652-022/3652-022-03-03-09.png	417	por
8224-015/8224-015-01-03-15.png	907	men
6907-014/6907-014-02-12-12.png	671	ele
4124-042/4124-042-02-06-20.png	461	ser
1633-022/1633-022-01-05-05.png	203	esse
1661-050/1661-050-03-09-06.png	230	diferença
9158-042/9158-042-02-02-06.png	976	falta
8751-039/8751-039-02-03-17.png	956	aos
2606-023/2606-023-02-03-01.png	345	te
7131-072/7131-072-01-03-07.png	697	foi
7869-045/7869-045-01-05-05.png	861	preconceito
2772-028/2772-028-04-08-08.png	373	se
9306-009/9306-009-04-03-09.png	992	do
1652-041/1652-041-01-06-14.png	222	mentais
7585-041/7585-041-04-03-07.png	802	grande
2606-023/2606-023-03-02-02.png	345	com
7867-043/7867-043-03-06-02.png	859	julgamentos
1677-066/1677-066-01-03-13.png	246	cumprimento
4235-004/4235-004-01-04-08.png	463	até
7140-081/7140-081-02-01-03.png	706	de
7866-042/7866-042-01-05-13.png	858	si-
4293-006/4293-006-04-02-02.png	476	das
2249-049/2249-049-02-07-16.png	304	os
7613-069/7613-069-02-07-14.png	816	capitalista
2613-030/2613-030-03-01-12.png	352	Pierre
4668-231/4668-231-04-04-01.png	543	de
5826-024/5826-024-04-01-02.png	629	do
7722-088/7722-088-04-01-06.png	830	em
1213-020/1213-020-03-04-04.png	140	de
8254-023/8254-023-02-07-01.png	918	na
7863-039/7863-039-01-04-09.png	855	na
0260-052/0260-052-03-04-01.png	24	de
7346-048/7346-048-04-04-03.png	778	de
1755-019/1755-019-04-04-01.png	261	Saúde
4312-008/4312-008-02-05-12.png	485	a-
4412-090/4412-090-02-03-06.png	494	do
1659-048/1659-048-02-04-05.png	228	agravados
4448-011/4448-011-03-04-01.png	502	se
1637-026/1637-026-01-06-04.png	207	Nesse
7275-077/7275-077-02-08-14.png	748	da
2331-038/2331-038-03-14-02.png	316	de
4466-029/4466-029-04-02-11.png	505	de
8243-012/8243-012-04-05-08.png	911	os
7794-026/7794-026-01-07-01.png	838	hoje
0998-024/0998-024-01-04-04.png	125	do
1123-018/1123-018-02-04-02.png	129	de
1674-063/1674-063-04-02-05.png	243	dos
7805-037/7805-037-04-01-03.png	846	que
7556-012/7556-012-04-04-13.png	788	consequentemente
0224-016/0224-016-04-02-03.png	6	em
3647-017/3647-017-01-06-06.png	412	17
0693-084/0693-084-04-07-19.png	89	todos
7585-041/7585-041-02-04-16.png	802	em
4268-037/4268-037-03-07-01.png	471	tra
7872-048/7872-048-03-01-12.png	864	que
7873-049/7873-049-01-08-01.png	865	estigmas
2977-020/2977-020-03-02-12.png	389	acarreta
2119-069/2119-069-01-02-09.png	280	ato
6137-008/6137-008-03-05-19.png	637	Da
7136-077/7136-077-01-04-20.png	702	entre
2368-075/2368-075-01-02-15.png	326	além
1661-050/1661-050-04-05-07.png	230	de
2252-052/2252-052-01-02-15.png	306	livro
7591-047/7591-047-02-06-09.png	805	cinemas
4292-005/4292-005-03-02-09.png	475	no
8190-040/8190-040-01-06-08.png	903	de
7045-008/7045-008-04-02-17.png	684	apre-
7271-073/7271-073-01-06-05.png	744	da
4847-012/4847-012-05-06-12.png	582	fá-
6702-052/6702-052-02-04-10.png	665	que
1647-036/1647-036-01-01-05.png	217	de
1662-051/1662-051-03-04-12.png	231	conceito
1660-049/1660-049-04-06-10.png	229	visando
7601-057/7601-057-04-07-18.png	810	estar
2368-075/2368-075-03-06-12.png	326	por
5262-009/5262-009-05-03-12.png	618	dos
1632-021/1632-021-04-01-18.png	202	Ministé-
7275-077/7275-077-04-04-13.png	748	de
0260-052/0260-052-02-01-10.png	24	da
1637-026/1637-026-04-06-12.png	207	anúncios
2374-081/2374-081-03-03-06.png	329	pela
0220-012/0220-012-03-05-20.png	4	se
1638-027/1638-027-04-02-11.png	208	com
4294-007/4294-007-02-02-01.png	477	do
2605-022/2605-022-04-01-03.png	344	portanto
1652-041/1652-041-04-05-02.png	222	já
7153-094/7153-094-04-05-09.png	717	de
1441-045/1441-045-04-07-07.png	158	de
0681-072/0681-072-03-02-02.png	84	de
3638-008/3638-008-03-06-09.png	408	de
2679-036/2679-036-03-01-12.png	370	vem
0647-038/0647-038-02-06-02.png	69	do
1652-041/1652-041-02-10-05.png	222	mesmo
3637-007/3637-007-03-04-11.png	407	dos
1643-032/1643-032-04-02-06.png	213	meios
2106-056/2106-056-03-05-02.png	272	vista
1650-039/1650-039-03-06-09.png	220	do
3649-019/3649-019-02-03-05.png	414	por
2124-074/2124-074-02-01-11.png	285	do
7261-063/7261-063-01-05-13.png	736	em
1641-030/1641-030-03-01-15.png	211	da
0218-010/0218-010-02-06-13.png	3	dos
7978-032/7978-032-03-01-08.png	869	no
3665-035/3665-035-03-10-11.png	418	do
7291-093/7291-093-01-02-07.png	763	do
1649-038/1649-038-04-05-15.png	219	te-
3637-007/3637-007-02-03-14.png	407	ou
4234-003/4234-003-02-04-09.png	462	no
4448-011/4448-011-02-05-15.png	502	di-
7271-073/7271-073-02-02-09.png	744	das
7260-062/7260-062-02-05-09.png	735	essa
1654-043/1654-043-03-03-01.png	224	população
5651-034/5651-034-05-03-13.png	624	um
4545-108/4545-108-05-02-01.png	515	na
8249-018/8249-018-04-04-09.png	916	tais
2128-078/2128-078-04-02-12.png	287	da
7136-077/7136-077-04-04-14.png	702	que
2375-082/2375-082-03-01-02.png	330	essa
7437-086/7437-086-01-04-15.png	786	so-
0997-023/0997-023-04-02-15.png	124	que
2782-038/2782-038-02-01-04.png	378	das
8747-035/8747-035-03-06-07.png	954	com
7875-051/7875-051-04-03-01.png	867	rigorosidade
2114-064/2114-064-03-01-10.png	279	dos
4265-034/4265-034-04-02-01.png	470	tos
8225-016/8225-016-01-04-02.png	908	às
0228-020/0228-020-03-01-09.png	8	do
7267-069/7267-069-03-04-19.png	740	ser
2784-040/2784-040-02-04-16.png	379	que
8056-035/8056-035-04-01-03.png	876	ao
1684-073/1684-073-03-02-04.png	253	alguma
1650-039/1650-039-03-02-03.png	220	sintomas
2606-023/2606-023-02-03-12.png	345	os
7861-037/7861-037-03-05-07.png	853	desses
0428-026/0428-026-02-08-15.png	29	os
1629-018/1629-018-02-04-06.png	199	governamental
2109-059/2109-059-02-04-01.png	275	ção
1683-072/1683-072-02-02-09.png	252	observa-se
4934-008/4934-008-04-04-09.png	597	que
1489-034/1489-034-04-01-04.png	178	são
3636-006/3636-006-02-04-08.png	406	na
8902-029/8902-029-01-03-16.png	964	de
1674-063/1674-063-01-05-06.png	243	de
4111-029/4111-029-02-08-12.png	448	tem
1632-021/1632-021-02-05-13.png	202	realidade
8517-011/8517-011-04-08-05.png	940	de
7263-065/7263-065-01-04-08.png	737	por
6394-019/6394-019-01-04-07.png	647	que
7861-037/7861-037-03-07-10.png	853	estigma
0651-042/0651-042-01-04-14.png	71	que
7866-042/7866-042-01-04-10.png	858	dia
1632-021/1632-021-02-01-09.png	202	concepção
0226-018/0226-018-03-08-16.png	7	de
1625-014/1625-014-01-06-01.png	195	profissional
1427-031/1427-031-03-05-04.png	146	os
1654-043/1654-043-03-01-05.png	224	de
0705-096/0705-096-04-05-12.png	94	dos
4234-003/4234-003-01-03-11.png	462	que
4934-008/4934-008-02-09-09.png	597	pela
1624-013/1624-013-02-02-06.png	194	preconceituosa
7291-093/7291-093-03-03-11.png	763	do
4743-306/4743-306-01-06-15.png	561	isso
0647-038/0647-038-01-06-02.png	69	de
7175-116/7175-116-01-03-14.png	732	isso
1628-017/1628-017-02-04-11.png	198	indivíduo
4598-161/4598-161-06-03-05.png	528	os
8751-039/8751-039-03-03-02.png	956	um
4586-149/4586-149-03-01-01.png	525	Os
8747-035/8747-035-02-04-02.png	954	setem-se
8749-037/8749-037-04-01-15.png	955	fundamentado
9526-010/9526-010-03-09-01.png	999	de
8516-010/8516-010-01-05-06.png	939	se
8749-037/8749-037-02-04-11.png	955	comum
4743-306/4743-306-01-02-14.png	561	de
4294-007/4294-007-02-02-10.png	477	de
0693-084/0693-084-02-05-14.png	89	de
2738-050/2738-050-03-04-03.png	371	promoverem
1481-026/1481-026-04-06-11.png	172	de
2487-030/2487-030-04-07-12.png	332	de
2104-054/2104-054-02-05-03.png	270	um
1647-036/1647-036-03-03-01.png	217	facebook
4773-018/4773-018-02-06-19.png	572	in-
4934-008/4934-008-02-09-20.png	597	pelo
4111-029/4111-029-02-03-20.png	448	de
1626-015/1626-015-04-05-10.png	196	por
1638-027/1638-027-04-04-03.png	208	de
6404-029/6404-029-01-02-12.png	652	que
1628-017/1628-017-04-06-16.png	198	especialis-
8245-014/8245-014-01-04-14.png	913	às
1656-045/1656-045-02-01-11.png	226	na
1624-013/1624-013-04-05-08.png	194	pública
2108-058/2108-058-01-03-16.png	274	por
4928-002/4928-002-02-07-08.png	593	do
4424-102/4424-102-02-05-08.png	498	do
0564-011/0564-011-01-03-12.png	44	dos
0555-002/0555-002-02-04-07.png	38	de
7265-067/7265-067-02-05-18.png	738	ele
4611-174/4611-174-04-08-05.png	532	de
4689-252/4689-252-02-02-02.png	553	de
7978-032/7978-032-02-09-03.png	869	associação
1448-052/1448-052-02-03-01.png	164	nior
6406-031/6406-031-04-02-12.png	653	por
8439-033/8439-033-04-01-12.png	920	no
1447-051/1447-051-04-08-12.png	163	por
7272-074/7272-074-02-05-16.png	745	de
4995-051/4995-051-01-04-02.png	613	de
4321-017/4321-017-05-02-01.png	487	lita
1666-055/1666-055-03-07-16.png	235	cidadãos
7046-009/7046-009-03-02-03.png	685	ter
3672-042/3672-042-02-02-19.png	424	pa-
1654-043/1654-043-01-05-08.png	224	das
4611-174/4611-174-04-08-01.png	532	cia
0777-038/0777-038-03-04-14.png	103	ser
1632-021/1632-021-03-05-04.png	202	assunto
0641-032/0641-032-03-04-01.png	66	ta
4551-114/4551-114-01-01-01.png	516	Ao
7346-048/7346-048-03-09-11.png	778	os
8463-057/8463-057-02-01-08.png	930	de
4743-306/4743-306-02-08-01.png	561	se
3042-019/3042-019-04-07-05.png	392	de
4767-012/4767-012-03-07-01.png	570	dos
0574-021/0574-021-02-10-07.png	52	se
1643-032/1643-032-04-04-03.png	213	para
4998-054/4998-054-01-03-12.png	616	da
8751-039/8751-039-02-02-01.png	956	John
8751-039/8751-039-02-06-07.png	956	esse
7875-051/7875-051-02-05-05.png	867	verem
7863-039/7863-039-04-07-07.png	855	que
1654-043/1654-043-01-07-13.png	224	discutido
1642-031/1642-031-03-01-06.png	212	estatal
8902-029/8902-029-01-05-16.png	964	de-
8222-013/8222-013-04-06-11.png	905	uma
1626-015/1626-015-01-06-22.png	196	se
1652-041/1652-041-02-09-10.png	222	como
1498-043/1498-043-01-02-02.png	186	de
7805-037/7805-037-02-03-05.png	846	os
4765-010/4765-010-02-06-11.png	568	há
0236-028/0236-028-03-07-05.png	12	vez
7279-081/7279-081-02-04-14.png	752	às
4988-044/4988-044-04-06-02.png	608	que
6911-018/6911-018-02-06-06.png	673	um
0428-026/0428-026-01-02-08.png	29	de
6142-013/6142-013-02-04-13.png	640	de
0224-016/0224-016-03-04-04.png	6	suas
2119-069/2119-069-03-06-12.png	280	os
7692-058/7692-058-04-02-16.png	824	as
0588-035/0588-035-01-03-11.png	59	no
0651-042/0651-042-03-02-11.png	71	os
2248-048/2248-048-03-02-15.png	303	que
6800-085/6800-085-04-03-17.png	667	so-
4789-008/4789-008-02-05-14.png	577	no
7135-076/7135-076-03-07-16.png	701	do
7793-025/7793-025-03-01-01.png	837	Em
8759-047/8759-047-02-05-05.png	960	louca
7875-051/7875-051-02-07-06.png	867	mentais
2633-019/2633-019-04-07-11.png	354	de
1215-022/1215-022-04-06-05.png	142	via
7868-044/7868-044-04-04-10.png	860	grandes
2121-071/2121-071-04-02-06.png	282	das
1683-072/1683-072-01-02-03.png	252	mentais
2487-030/2487-030-01-04-08.png	332	se
7174-115/7174-115-04-01-09.png	731	no
8120-022/8120-022-04-01-14.png	882	forma-
1629-018/1629-018-04-05-07.png	199	diálogos
7556-012/7556-012-03-02-14.png	788	ocorre
7136-077/7136-077-04-02-04.png	702	em
4997-053/4997-053-02-09-10.png	615	de
0571-018/0571-018-03-06-07.png	49	que
6115-023/6115-023-02-01-13.png	635	no
7867-043/7867-043-02-09-09.png	859	Linkin
2184-041/2184-041-04-06-04.png	291	se
8451-045/8451-045-04-05-08.png	925	da
8224-015/8224-015-04-02-03.png	907	de
1677-066/1677-066-02-01-14.png	246	como
5263-010/5263-010-02-07-03.png	619	se
1661-050/1661-050-02-05-10.png	230	todos
1680-069/1680-069-02-08-06.png	249	negativa
1128-023/1128-023-03-08-07.png	133	na
1601-040/1601-040-04-09-02.png	189	de
0514-014/0514-014-03-01-08.png	31	Por
3638-008/3638-008-01-05-01.png	408	cia
8625-073/8625-073-02-03-01.png	951	se
2120-070/2120-070-03-05-06.png	281	Sente
7136-077/7136-077-03-05-16.png	702	ao
1755-019/1755-019-01-04-09.png	261	que
6137-008/6137-008-03-01-10.png	637	lazer
1624-013/1624-013-03-02-09.png	194	facilmente
6144-015/6144-015-03-05-03.png	641	serve
1492-037/1492-037-02-07-10.png	181	em
4299-012/4299-012-06-01-01.png	481	Em
7868-044/7868-044-02-08-10.png	860	um
1646-035/1646-035-01-01-15.png	216	pela
8057-036/8057-036-02-04-09.png	877	fator
7858-034/7858-034-04-05-13.png	850	ficções
8451-045/8451-045-02-05-08.png	925	da
7981-035/7981-035-04-01-01.png	870	Evidencia-se
9311-014/9311-014-02-02-10.png	996	No
4985-041/4985-041-03-07-04.png	605	os
7621-077/7621-077-04-03-10.png	820	que
1638-027/1638-027-01-01-10.png	208	na
1759-023/1759-023-01-06-05.png	264	de
4246-015/4246-015-01-01-10.png	464	de
1214-021/1214-021-04-01-16.png	141	no
2786-042/2786-042-03-08-12.png	380	que
0224-016/0224-016-03-03-02.png	6	dos
1646-035/1646-035-02-06-08.png	216	ser
1669-058/1669-058-03-07-18.png	238	nove
1469-014/1469-014-01-03-14.png	166	das
1425-029/1425-029-01-03-12.png	145	por
8749-037/8749-037-01-01-07.png	955	tradução
8517-011/8517-011-01-04-09.png	940	do
4718-281/4718-281-02-04-05.png	556	os
4466-029/4466-029-03-07-07.png	505	de
1627-016/1627-016-04-06-02.png	197	Assim
6394-019/6394-019-04-02-03.png	647	de
1680-069/1680-069-03-01-04.png	249	estigma
2334-041/2334-041-02-09-11.png	317	às
7348-050/7348-050-02-01-12.png	780	ao
1677-066/1677-066-02-05-08.png	246	vez
7279-081/7279-081-01-07-08.png	752	de
3670-040/3670-040-06-01-07.png	422	da
4536-099/4536-099-04-07-10.png	514	de
1684-073/1684-073-03-06-12.png	253	preço
3671-041/3671-041-04-03-12.png	423	se
1651-040/1651-040-02-09-09.png	221	desses
1627-016/1627-016-01-02-08.png	197	ideal
0520-020/0520-020-05-04-10.png	34	os
7867-043/7867-043-04-04-20.png	859	conhecimento
3040-017/3040-017-03-09-12.png	391	do
4929-003/4929-003-04-03-10.png	594	ação
1483-028/1483-028-03-04-05.png	174	Em
7433-082/7433-082-04-03-06.png	785	na
